pl_name,hostname,ra,dec,sy_dist,pl_rade,pl_orbsmax,pl_orbper,pl_eqt,st_teff,st_rad,disc_year,discoverymethod
"HD 2039 b","HD 2039",6.0851069,-56.6499880,85.69220000,12.70000000,2.2000000000,1120.00000000000,210.84,5945.00,1.190000,2002,"Radial Velocity"
"HAT-P-8 b","HAT-P-8",343.0414932,35.4471778,211.55300000,15.69260000,0.0449600000,3.07634000000,1713.00,6200.00,1.570000,2008,"Transit"
"K2-43 b","K2-43",169.1170280,-3.9754405,182.53600000,4.51000000,0.0378400000,3.47114900000,939.30,3840.60,0.542000,2016,"Transit"
"Kepler-1753 b","Kepler-1753",288.2366640,46.6058744,707.68800000,2.22678077,0.1179000000,16.00460052000,583.00,5180.00,0.769000,2021,"Transit"
"Kepler-1176 b","Kepler-1176",297.9197240,45.2742038,864.69900000,2.45000000,0.1589000000,24.17385790000,595.00,5844.00,1.020000,2016,"Transit"
"K2-126 b","K2-126",203.5467021,-13.5769705,102.95300000,1.97000000,0.0656000000,7.38565500000,601.00,4339.00,0.650000,2017,"Transit"
"Kepler-1263 b","Kepler-1263",286.4836260,46.7526182,664.83000000,1.14000000,0.0499000000,4.55139967000,907.00,5213.00,0.800000,2016,"Transit"
"Kepler-1416 b","Kepler-1416",298.6634624,43.8940593,949.59000000,0.88000000,0.0257000000,1.49514952000,1870.00,6019.00,1.150000,2016,"Transit"
"Kepler-1542 c","Kepler-1542",285.7284757,42.6544651,399.11400000,0.65000000,0.0387000000,2.89223021000,1287.00,5564.00,0.990000,2016,"Transit"
"K2-85 b","K2-85",59.4648290,18.4649505,97.21790000,1.40000000,0.0130000000,0.68453862616,1355.00,4232.00,0.710000,2016,"Transit"
"Kepler-368 c","Kepler-368",291.8800180,45.3878419,770.97800000,3.88000000,0.3600000000,72.37933400000,575.00,5502.00,2.019000,2014,"Transit"
"K2-123 b","K2-123",134.4441404,21.4532748,161.55500000,2.76000000,0.1649000000,30.95152400000,338.00,4035.00,0.590000,2017,"Transit"
"Kepler-770 b","Kepler-770",286.4904589,38.3748720,930.45700000,2.30000000,0.1694000000,18.92540274000,1171.00,5598.00,0.920000,2016,"Transit"
"Kepler-1399 b","Kepler-1399",293.3116962,46.0416516,1385.70000000,1.25000000,0.0276000000,1.63865305800,1610.00,5735.00,0.960000,2016,"Transit"
"Kepler-723 b","Kepler-723",284.8304434,44.6580932,1071.80000000,12.19000000,0.0479000000,4.08227506800,1016.00,5539.00,0.890000,2016,"Transit"
"K2-107 b","K2-107",284.9853550,-22.2934206,685.20000000,15.98000000,0.0475000000,3.31395900000,1649.00,6061.00,1.810000,2017,"Transit"
"K2-45 b","K2-45",169.6327547,-1.7740582,495.31700000,6.71000000,0.0224000000,1.72926840000,1073.56,4103.00,0.445000,2016,"Transit"
"K2-365 b","K2-365",238.8197061,-21.0269691,187.22200000,2.90600000,,23.44817200000,,5561.00,1.051000,2022,"Transit"
"K2-127 b","K2-127",207.0782895,-11.5889878,709.99900000,8.37000000,0.0411000000,3.58816300000,809.00,4575.00,0.660000,2017,"Transit"
"K2-195 b","K2-195",199.8315191,-8.5095364,315.01400000,3.13000000,0.1208000000,15.85297500000,720.00,5713.00,0.990000,2018,"Transit"
"K2-80 c","K2-80",59.0374860,13.5590288,200.80200000,1.47000000,0.0596000000,5.60500000000,1002.42,5441.00,0.870000,2016,"Transit"
"K2-229 c","K2-229",186.8729195,-6.7218474,102.56400000,2.03000000,0.0769000000,8.32727000000,750.00,5315.00,0.790000,2018,"Transit"
"HAT-P-3 b","HAT-P-3",206.0940142,48.0285650,134.55400000,10.53646000,0.0386600000,2.89970000000,1189.00,5185.00,0.870000,2007,"Transit"
"WASP-32 b","WASP-32",3.9617073,1.2005122,275.99400000,10.76064000,0.0394000000,2.71866000000,1388.00,6140.00,0.950000,2010,"Transit"
"WASP-24 b","WASP-24",227.2154975,2.3432860,322.11400000,15.46842000,0.0365100000,2.34121000000,1772.00,6075.00,1.420000,2010,"Transit"
"Kepler-65 c","Kepler-65",288.6887221,41.1511076,303.72800000,2.58000000,0.0680000000,5.85994400000,1246.00,6211.00,1.410000,2012,"Transit"
"TrES-2 b","TrES-2",286.8085258,49.3164211,215.32000000,15.24424000,0.0356800000,2.47063000000,1466.00,5850.00,1.120000,2006,"Transit"
"Kepler-939 b","Kepler-939",293.8656181,47.0268148,2093.62000000,1.75000000,0.1153000000,14.87829600000,692.00,5471.00,0.850000,2016,"Transit"
"Kepler-1028 b","Kepler-1028",289.5931004,49.7812447,607.91600000,1.33000000,0.0354000000,2.51462432000,1217.00,5522.00,0.870000,2016,"Transit"
"HAT-P-67 b","HAT-P-67",256.6107279,44.7768849,371.68600000,23.98721870,0.0650500000,4.81010690000,1903.00,6640.00,2.620000,2017,"Transit"
"Kepler-1101 b","Kepler-1101",294.5693544,45.6711623,742.47300000,2.47000000,0.3483000000,81.31510590000,393.00,5614.00,0.910000,2016,"Transit"
"Kepler-1388 b","Kepler-1388",283.3360156,47.1744499,453.79500000,2.59000000,0.0882000000,12.28546030000,434.00,4098.00,0.610000,2016,"Transit"
"Kepler-768 b","Kepler-768",294.1156858,38.3934378,784.56000000,1.79000000,0.0920000000,11.39100250000,618.00,5108.00,0.780000,2016,"Transit"
"Kepler-796 b","Kepler-796",287.3078999,39.1447097,817.58400000,1.30000000,0.0731700000,6.40087618000,1109.00,5475.00,1.090000,2016,"Transit"
"Kepler-110 b","Kepler-110",292.9291693,48.6028303,586.53100000,1.83000000,0.1070000000,12.69111200000,1008.00,5960.00,1.149000,2014,"Transit"
"Kepler-1042 b","Kepler-1042",288.6689428,39.8239935,659.00000000,2.19000000,0.0756000000,10.13202575000,574.00,4815.00,0.720000,2016,"Transit"
"Kepler-334 c","Kepler-334",287.1406177,47.1151153,426.59000000,1.43000000,0.1070000000,12.75800500000,822.00,5828.00,1.068000,2014,"Transit"
"Kepler-937 b","Kepler-937",294.1688142,46.7146161,1571.46000000,3.72000000,0.3214000000,67.66882700000,495.00,6095.00,1.220000,2016,"Transit"
"Kepler-1117 b","Kepler-1117",292.0847866,49.2374206,568.48700000,1.11000000,0.0548500000,4.79028459000,938.00,5612.00,0.930000,2016,"Transit"
"Kepler-1789 b","Kepler-1789",282.8631419,41.7966332,611.46100000,2.83137505,0.3543000000,80.23190308000,380.00,5436.00,0.888000,2021,"Transit"
"Kepler-1831 b","Kepler-1831",295.3024604,49.5890456,1053.49000000,1.97019818,0.0655000000,5.78387022000,1051.00,6063.00,1.012000,2021,"Transit"
"Kepler-1245 b","Kepler-1245",290.7443078,43.2607530,805.93600000,1.44000000,0.0484000000,4.35409304000,1043.00,5306.00,0.830000,2016,"Transit"
"Kepler-114 b","Kepler-114",294.1214820,48.3497977,259.53300000,1.26000000,0.0530000000,5.18854900000,586.00,4605.00,0.667000,2014,"Transit"
"Kepler-1105 b","Kepler-1105",281.1117588,42.4549698,318.00400000,2.01000000,0.0471000000,4.42157218200,729.00,4299.00,0.680000,2016,"Transit"
"Kepler-187 b","Kepler-187",299.7964955,44.0892448,1143.00000000,1.41000000,0.0590000000,4.93886400000,1244.00,6105.00,1.287000,2014,"Transit"
"Kepler-1379 b","Kepler-1379",293.6704404,41.4102105,971.32500000,1.30000000,0.0171000000,0.88184114600,1564.00,5188.00,0.790000,2016,"Transit"
"Kepler-304 c","Kepler-304",294.4418031,40.5575408,434.68400000,2.17000000,0.0540000000,5.31594600000,746.00,4731.00,0.687000,2014,"Transit"
"Kepler-1291 b","Kepler-1291",289.3770051,40.0010791,897.35200000,1.66000000,0.0779000000,8.63043276000,739.00,5216.00,0.800000,2016,"Transit"
"Kepler-304 e","Kepler-304",294.4418031,40.5575408,434.68400000,1.20000000,0.0231700000,1.49914695300,1137.00,4817.00,0.730000,2016,"Transit"
"Kepler-461 b","Kepler-461",292.2490563,46.1647909,692.15800000,2.58000000,0.0789500000,8.31378305900,886.00,5634.00,0.910000,2016,"Transit"
"Kepler-1894 b","Kepler-1894",295.5864604,49.6668523,935.19100000,1.20117759,0.0385000000,2.76266002700,1231.00,5772.00,0.901000,2021,"Transit"
"Kepler-576 b","Kepler-576",295.1828896,38.6542028,617.55000000,3.27000000,0.1790000000,29.91136794000,541.00,5672.00,0.970000,2016,"Transit"
"Kepler-1893 b","Kepler-1893",298.4012866,44.8381709,1050.72000000,1.70557445,0.0504000000,4.17936992600,1194.00,5633.00,1.162000,2021,"Transit"
"Kepler-1601 b","Kepler-1601",285.5129496,38.0798390,644.45600000,0.82000000,0.0328100000,2.20921951000,1507.00,5869.00,1.070000,2016,"Transit"
"Kepler-1922 b","Kepler-1922",292.3303706,37.9970696,1344.29000000,2.29064904,0.1077000000,13.22259998000,740.00,5931.00,0.863000,2021,"Transit"
"HD 80653 b","HD 80653",140.3390845,14.3678691,109.86000000,1.62100000,0.0165700000,0.71957926000,2438.00,5959.00,1.199000,2020,"Transit"
"Kepler-1542 d","Kepler-1542",285.7284757,42.6544651,399.11400000,0.87000000,0.0629000000,5.99273738000,1010.00,5564.00,0.990000,2016,"Transit"
"Kepler-666 b","Kepler-666",298.4568899,48.7915925,1508.71000000,2.40000000,0.0542000000,4.49876092000,1133.00,5887.00,1.050000,2016,"Transit"
"Kepler-211 c","Kepler-211",285.4391183,43.1685051,309.35300000,1.29000000,0.0620000000,6.04045000000,841.00,5123.00,0.816000,2014,"Transit"
"Kepler-203 c","Kepler-203",297.0899590,41.3880686,703.30200000,2.47000000,0.0610000000,5.37064700000,1096.00,5821.00,1.114000,2014,"Transit"
"GJ 674 b","GJ 674",262.1700476,-46.8989826,4.54896000,3.33000000,0.0390000000,4.69380000000,530.80,3600.00,0.364630,2007,"Radial Velocity"
"OGLE-TR-182 b","OGLE-TR-182",167.3279228,-61.0952624,2501.75000000,12.66600000,0.0510000000,3.97910000000,1550.00,5924.00,1.140000,2007,"Transit"
"HD 69830 c","HD 69830",124.6010091,-12.6364246,12.55910000,3.46000000,0.1860000000,31.56000000000,567.04,5385.00,0.886947,2006,"Radial Velocity"
"GJ 3021 b","GJ 3021",4.0634323,-79.8514218,17.55590000,13.10000000,0.4900000000,133.71000000000,350.00,5540.00,0.900000,2000,"Radial Velocity"
"HD 221287 b","HD 221287",352.8362230,-58.2097540,55.92310000,13.10000000,1.2500000000,456.10000000000,290.13,6304.00,1.138640,2007,"Radial Velocity"
"HD 47536 b","HD 47536",99.4489580,-32.3394531,122.53600000,12.60000000,1.9300000000,712.13000000000,736.52,4380.00,23.470000,2002,"Radial Velocity"
"HD 107148 b","HD 107148",184.8059773,-3.3199927,49.41560000,9.60000000,0.2690000000,48.05600000000,582.78,5797.00,1.169193,2005,"Radial Velocity"
"HD 179949 b","HD 179949",288.8890182,-24.1797939,27.45730000,13.90000000,0.0443000000,3.09251400000,1590.53,6168.00,1.266865,2000,"Radial Velocity"
"HD 188015 b","HD 188015",298.0191857,28.0999769,50.67060000,13.60000000,1.2030000000,461.20000000000,267.98,5746.00,1.125296,2004,"Radial Velocity"
"HD 27442 b","HD 27442",64.1205476,-59.3028771,18.27040000,13.50000000,1.2710000000,428.10000000000,369.62,4846.00,3.180000,2000,"Radial Velocity"
"HD 46375 b","HD 46375",98.3030763,5.4625071,29.55290000,10.00000000,0.0398000000,3.02357300000,1221.40,5285.00,0.914196,2000,"Radial Velocity"
"HAT-P-2 b","HAT-P-2",245.1514324,41.0479601,127.77400000,10.65975900,0.0681400000,5.63351580000,1540.00,6380.00,1.390000,2007,"Transit"
"HD 109749 b","HD 109749",189.3173489,-40.8121458,63.08210000,11.10000000,0.0615000000,5.23989100000,1250.83,5824.00,1.220000,2005,"Radial Velocity"
"HD 149143 b","HD 149143",248.2126715,2.0844547,73.28010000,13.60000000,0.0530000000,4.07182000000,1471.90,5856.00,1.440000,2005,"Radial Velocity"
"HD 224693 b","HD 224693",359.9749837,-22.4279999,93.50150000,14.00000000,0.1910000000,26.69040000000,903.45,5894.00,1.930000,2006,"Radial Velocity"
"HD 231701 b","HD 231701",293.0176220,16.4743566,108.87700000,13.70000000,0.5670000000,141.63000000000,483.27,6101.00,1.530000,2007,"Radial Velocity"
"HIP 14810 b","HIP 14810",47.8092750,21.0971302,50.48000000,13.00000000,0.0696000000,6.67389200000,1048.20,5544.00,1.070000,2005,"Radial Velocity"
"HIP 14810 d","HIP 14810",47.8092750,21.0971302,50.48000000,14.10000000,1.9400000000,981.80000000000,198.54,5544.00,1.070000,2009,"Radial Velocity"
"HD 207832 b","HD 207832",328.1517893,-26.0271749,58.92910000,14.20000000,0.5860000000,160.07000000000,340.28,5726.00,0.890000,2012,"Radial Velocity"
"HD 37605 c","HD 37605",85.0074276,6.0595116,46.78640000,13.10000000,3.7400000000,2720.00000000000,126.75,5329.00,0.910000,2012,"Radial Velocity"
"HD 1605 c","HD 1605",5.1317548,30.9750611,88.80470000,13.00000000,3.5840000000,2149.00000000000,233.88,4915.00,3.490000,2015,"Radial Velocity"
"HD 55696 b","HD 55696",108.0622029,-38.1746390,77.96930000,12.90000000,3.1800000000,1827.00000000000,200.43,6012.00,1.520000,2018,"Radial Velocity"
"HD 148164 c","HD 148164",246.4351678,11.9190729,77.19710000,12.80000000,6.1500000000,5062.00000000000,135.77,6032.00,1.340000,2018,"Radial Velocity"
"HD 211810 b","HD 211810",334.5286724,61.1349912,64.63530000,14.00000000,2.6560000000,1558.00000000000,177.77,5652.00,1.130000,2018,"Radial Velocity"
"HD 221416 b","HD 221416",353.0331863,-21.8012007,95.54830000,9.17000000,0.1228000000,14.27670000000,1314.67,5080.00,2.943000,2019,"Transit"
"Kepler-595 c","Kepler-595",294.5703593,50.6730147,643.00900000,1.00900000,0.0983000000,12.38602000000,679.00,5138.50,0.821000,2020,"Transit"
"Kepler-595 b","Kepler-595",294.5703593,50.6730147,643.00900000,3.70800000,0.1582000000,25.30290920000,535.00,5138.50,0.821000,2016,"Transit"
"PSR B1257+12 b","PSR B1257+12",195.0149029,12.6823534,600.00000000,0.33800000,0.1900000000,25.26200000000,,,,1994,"Pulsar Timing"
"PSR B1257+12 c","PSR B1257+12",195.0149029,12.6823534,600.00000000,1.91000000,0.3600000000,66.54190000000,,,,1992,"Pulsar Timing"
"OGLE-TR-211 b","OGLE-TR-211",160.0598236,-62.4555353,1515.26000000,15.24400000,0.0510000000,3.67724000000,1686.00,6325.00,1.640000,2007,"Transit"
"Lupus-TR-3 b","Lupus-TR-3",232.5774696,-42.9799461,773.40900000,9.97600000,0.0464000000,3.91405000000,1013.56,5000.00,0.820000,2007,"Transit"
"2MASS J04414489+2301513 b","2MASS J04414489+2301513",70.4371079,23.0308544,120.42398696,12.60000000,15.0000000000,,17.60,2936.00,0.231916,2010,"Imaging"
"WASP-21 b","WASP-21",347.4928024,18.3961597,258.42600000,11.99000000,0.0520000000,4.32248200000,1333.00,5800.00,1.060000,2010,"Transit"
"CoRoT-10 b","CoRoT-10",291.0636813,0.7460143,338.38600000,10.87000000,0.1055000000,13.24060000000,600.00,5075.00,0.790000,2010,"Transit"
"CoRoT-12 b","CoRoT-12",100.7656871,-1.2964437,1126.37000000,16.14000000,0.0401600000,2.82804200000,1442.00,5675.00,1.116000,2010,"Transit"
"CoRoT-13 b","CoRoT-13",102.7211432,-5.0864557,1148.93000000,9.92000000,0.0510000000,4.03519000000,1700.00,5945.00,1.010000,2010,"Transit"
"HD 285968 b","HD 285968",70.7353853,18.9533580,9.47045000,2.83000000,0.0660000000,8.78360000000,450.00,3703.49,0.478214,2008,"Radial Velocity"
"HD 205739 b","HD 205739",324.5351273,-31.7378373,92.50870000,13.60000000,0.8960000000,279.80000000000,362.84,6176.00,1.330000,2008,"Radial Velocity"
"CoRoT-3 b","CoRoT-3",292.0552827,0.1218359,768.77100000,11.32000000,0.0578300000,4.25680000000,1695.00,6740.00,1.560000,2008,"Transit"
"HD 16417 b","HD 16417",39.2441029,-34.5790905,25.39360000,5.00000000,0.1400000000,17.24000000000,964.00,5841.00,1.639984,2008,"Radial Velocity"
"AB Pic b","AB Pic",94.8039208,-58.0541184,50.04750000,12.30000000,260.0000000000,,15.80,5285.00,0.999394,2005,"Imaging"
"CT Cha b","CT Cha",166.0375038,-76.4553693,190.72000000,24.66000000,440.0000000000,,2600.00,4403.00,1.679694,2007,"Imaging"
"HD 9446 b","HD 9446",23.3350424,29.2649187,50.35030000,14.00000000,0.1890000000,30.05200000000,642.55,5793.00,1.000000,2009,"Radial Velocity"
"Kepler-4 b","Kepler-4",285.6154492,50.1357712,487.91600000,4.00200000,0.0456000000,3.21346000000,1650.00,5857.00,1.487000,2009,"Transit"
"GJ 876 c","GJ 876",343.3239737,-14.2665958,4.67517000,14.00000000,0.1295900000,30.08810000000,241.66,3293.74,0.300000,2000,"Radial Velocity"
"HIP 79431 b","HIP 79431",243.1742467,-18.8764247,14.53240000,13.40000000,0.3600000000,111.70000000000,177.42,3191.00,0.478625,2009,"Radial Velocity"
"TOI-907.01","TOI-907",262.1834072,-62.8403830,312.52900000,9.61588510,0.0552254810,4.58491290000,1846.60,6272.00,2.059789,2024,"Transit"
"WASP-31 b","WASP-31",169.4388603,-19.0547781,383.82900000,17.36300000,0.0465900000,3.40590960000,1423.70,6302.00,1.252000,2010,"Transit"
"24 Sex b","24 Sex",155.8684866,-0.9023998,72.06910000,13.40000000,1.3330000000,452.80000000000,471.32,5098.00,4.900000,2010,"Radial Velocity"
"WASP-37 b","WASP-37",221.9438866,1.0650227,392.79100000,13.00200000,0.0446000000,3.57746900000,1232.50,5800.00,1.003000,2010,"Transit"
"Kepler-9 d","Kepler-9",285.5739904,38.4008192,628.25700000,1.64000000,0.0273000000,1.59285100000,2026.00,5777.00,1.020000,2010,"Transit"
"KOI-217 b","KOI-217",294.8654667,46.2858128,914.69900000,12.44200000,0.0477000000,3.90512000000,1046.00,5545.00,0.860000,2010,"Transit"
"HD 90156 b","HD 90156",155.9801144,-29.6451030,21.94960000,4.43000000,0.2500000000,49.77000000000,518.01,5599.00,0.920286,2011,"Radial Velocity"
"HD 177830 c","HD 177830",286.3363574,25.9204327,62.76740000,7.87000000,0.5137000000,110.90000000000,538.95,4949.00,2.620000,2010,"Radial Velocity"
"ups And b","ups And",24.1983534,41.4038147,13.40540000,14.00000000,0.0592216600,4.61703300000,1523.73,6156.77,1.560000,1996,"Radial Velocity"
"ups And d","ups And",24.1983534,41.4038147,13.40540000,12.50000000,2.5132900000,1276.46000000000,233.90,6156.77,1.560000,1999,"Radial Velocity"
"OGLE-2017-BLG-0373L b","OGLE-2017-BLG-0373L",269.3294067,-31.9517231,5915.00000000,14.00000000,2.4240000000,,,,,2018,"Microlensing"
"Kepler-1737 b","Kepler-1737",297.0148111,47.4864170,,5.39500000,0.2970000000,64.61750031000,383.00,5043.00,0.881000,2021,"Transit"
"K2-269 b","K2-269",130.1551381,13.0146799,360.76000000,1.57000000,0.0531000000,4.14496500000,1429.00,6209.00,1.450000,2018,"Transit"
"TOI-1249 b","TOI-1249",200.5615762,66.3085331,139.49000000,3.27103010,0.1090000000,13.07915100000,726.89,5497.00,0.978500,2024,"Transit"
"Kepler-106 d","Kepler-106",300.8640060,44.3375497,444.32200000,0.95000000,0.1606300000,23.98020000000,649.00,5858.00,1.040000,2014,"Transit"
"Kepler-1031 b","Kepler-1031",296.0898796,48.9554121,682.88200000,0.87000000,0.0218000000,1.22621732000,2024.00,6011.00,1.120000,2016,"Transit"
"CD-35 2722 B b","CD-35 2722 B",92.3300000,-35.8255389,,13.90000000,0.2000000000,171.11000000000,77.39,1800.00,0.159000,2026,"Radial Velocity"
"Kepler-948 b","Kepler-948",293.3002774,41.5233244,868.01700000,1.85000000,0.0749000000,7.76846622000,841.00,5679.00,0.940000,2016,"Transit"
"OGLE-2014-BLG-0319L b","OGLE-2014-BLG-0319L",266.9611667,-33.9350444,7730.00000000,14.10000000,3.4900000000,,,,,2022,"Microlensing"
"OGLE-2018-BLG-1011L b","OGLE-2018-BLG-1011L",269.0140000,-29.0828889,7100.00000000,13.50000000,1.8000000000,,,,,2019,"Microlensing"
"WASP-61 b","WASP-61",75.2996637,-26.0541438,488.66000000,15.80469000,0.0521000000,3.85590000000,1624.40,6250.00,1.550000,2012,"Transit"
"KMT-2022-BLG-0303L b","KMT-2022-BLG-0303L",268.0331250,-22.6890806,6570.00000000,14.20000000,4.8100000000,,,,,2024,"Microlensing"
"OGLE-2019-BLG-0954L b","OGLE-2019-BLG-0954L",267.9132500,-29.6110000,3630.00000000,12.30000000,2.6500000000,,,,,2021,"Microlensing"
"WASP-123 b","WASP-123",289.4792124,-32.8601244,197.99600000,15.13212395,0.0426300000,2.97764359000,1500.00,5740.00,1.285000,2016,"Transit"
"Kepler-1882 b","Kepler-1882",290.6640856,43.4997866,443.37100000,1.48674404,0.1163600000,13.78730011000,894.00,5691.00,1.458000,2021,"Transit"
"KOI-984 b","KOI-984",291.0489438,36.8400772,252.66700000,4.30000000,0.0504000000,4.28817850000,1022.00,5295.00,0.818000,2022,"Transit"
"Kepler-1573 b","Kepler-1573",292.9883129,49.4849664,1455.36000000,1.20000000,0.0364000000,2.61575540000,1379.00,5808.00,1.000000,2016,"Transit"
"Kepler-802 b","Kepler-802",286.0157998,45.0077413,780.58500000,3.54000000,0.2265000000,40.05874730000,489.00,5507.00,0.900000,2016,"Transit"
"KMT-2023-BLG-1454L b","KMT-2023-BLG-1454L",267.6200833,-29.6227500,7220.00000000,14.10000000,1.1800000000,,,,,2024,"Microlensing"
"Kepler-1440 b","Kepler-1440",285.3469737,48.3122283,1115.35000000,1.26000000,0.2343100000,39.85948400000,597.00,5698.00,0.960000,2016,"Transit"
"WASP-130 b","WASP-130",203.1060194,-42.4752733,172.25600000,9.97601000,0.1012000000,11.55098000000,833.00,5625.00,0.960000,2016,"Transit"
"OGLE-2017-BLG-1049L b","OGLE-2017-BLG-1049L",269.5335420,-27.1442222,5670.00000000,12.80000000,3.9200000000,,,,,2020,"Microlensing"
"Kepler-949 b","Kepler-949",298.6079128,46.4536600,486.10500000,2.91000000,0.0773900000,8.68930729600,782.00,5403.00,0.860000,2016,"Transit"
"Kepler-1964 b","Kepler-1964",297.0588033,49.4784362,,1.78105870,0.0322000000,2.44082999200,986.00,4803.00,0.698000,2021,"Transit"
"KMT-2023-BLG-1592L b","KMT-2023-BLG-1592L",268.6786667,-29.0084194,7200.00000000,14.10000000,3.9000000000,,,,,2026,"Microlensing"
"OGLE-2019-BLG-0362L b","OGLE-2019-BLG-0362L",263.4652500,-24.8103611,5830.00000000,13.10000000,2.1800000000,,,,,2022,"Microlensing"
"KMT-2017-BLG-1057L b","KMT-2017-BLG-1057L",265.4860000,-22.3351111,6500.00000000,5.19000000,2.3600000000,,,,,2024,"Microlensing"
"KMT-2025-BLG-1616L b","KMT-2025-BLG-1616L",267.7788750,-30.1391111,7500.00000000,7.34000000,1.6000000000,,,,,2026,"Microlensing"
"Wolf 327 b","Wolf 327",148.3783199,35.5705480,28.53210000,1.24000000,0.0100000000,0.57347450000,996.00,3542.00,0.406000,2024,"Transit"
"Kepler-62 f","Kepler-62",283.2125621,45.3496992,300.87400000,1.41000000,0.7180000000,267.29100000000,208.00,4925.00,0.640000,2013,"Transit"
"WASP-53 c","WASP-53",31.9091639,-20.6618430,201.33800000,,3.7300000000,2840.00000000000,110.47,4953.00,0.798000,2017,"Radial Velocity"
"KMT-2023-BLG-1743L b","KMT-2023-BLG-1743L",269.1652500,-28.8549194,7130.00000000,12.10000000,1.1600000000,,,,,2024,"Microlensing"
"TOI-5789 c","TOI-5789",302.7734475,16.1897138,20.45810000,2.86000000,0.1009000000,12.92774800000,718.00,5185.00,0.833000,2026,"Transit"
"MOA-2019-BLG-008L b","MOA-2019-BLG-008L",267.9828750,-29.9897306,2700.00000000,12.20000000,,,,,,2022,"Microlensing"
"OGLE-2016-BLG-1598L b","OGLE-2016-BLG-1598L",270.1907500,-29.1754389,5910.00000000,13.60000000,2.5000000000,,,,,2024,"Microlensing"
"OGLE-2017-BLG-1275L b","OGLE-2017-BLG-1275L",267.9154167,-29.4979694,7690.00000000,12.80000000,2.0900000000,,,,,2024,"Microlensing"
"HATS-44 b","HATS-44",84.3267559,-27.9725758,446.03500000,11.96000300,0.0364900000,2.74390040000,1161.00,5080.00,0.847000,2018,"Transit"
"HD 160691 b","HD 160691",266.0361585,-51.8348751,15.59810000,,1.5000000000,645.00000000000,262.13,5773.00,1.330000,2000,"Radial Velocity"
"Kepler-132 b","Kepler-132",283.2358100,41.3430370,349.54900000,1.21000000,0.0670000000,6.17819600000,1082.00,6003.00,1.178000,2014,"Transit"
"KMT-2021-BLG-0192L b","KMT-2021-BLG-0192L",268.1049583,-30.0086889,5120.00000000,6.56000000,1.6200000000,,,,,2022,"Microlensing"
"Kepler-49 b","Kepler-49",292.2945208,40.5918123,311.22200000,2.57900000,0.0592900000,7.20000000000,509.00,4095.60,0.618000,2012,"Transit"
"KMT-2016-BLG-2364L b","KMT-2016-BLG-2364L",265.7156670,-27.4355611,6440.00000000,13.00000000,2.6300000000,,,,,2020,"Microlensing"
"Kepler-218 c","Kepler-218",295.4128785,46.2665801,656.38000000,3.14000000,0.2480000000,44.69957600000,500.00,5502.00,1.063000,2014,"Transit"
"GJ 328 c","GJ 328",133.7819507,1.5420011,20.52660000,4.91000000,0.6570000000,241.80000000000,184.01,3897.00,0.630000,2023,"Radial Velocity"
"K2-212 b","K2-212",18.4241015,3.0970732,109.21800000,2.65000000,0.0785000000,9.79564700000,542.00,4349.00,0.678000,2018,"Transit"
"KMT-2022-BLG-1818L c","KMT-2022-BLG-1818L",270.7986250,-27.4811111,5300.00000000,13.20000000,12.6000000000,,,,,2026,"Microlensing"
"Qatar-8 b","Qatar-8",157.4123405,70.5270835,281.49800000,14.40356500,0.0474000000,3.71495000000,1457.00,5738.00,1.315000,2019,"Transit"
"KMT-2018-BLG-0885L b","KMT-2018-BLG-0885L",268.9663333,-28.5133611,6890.00000000,11.90000000,1.0700000000,,,,,2023,"Microlensing"
"KMT-2016-BLG-2321L b","KMT-2016-BLG-2321L",264.0579167,-25.5248806,3580.00000000,13.80000000,3.5800000000,,,,,2024,"Microlensing"
"Kepler-74 b","Kepler-74",293.0925275,41.3555095,1177.55000000,10.76000000,0.0781000000,7.34071100000,1078.00,6000.00,1.120000,2013,"Transit"
"OGLE-2017-BLG-0482L b","OGLE-2017-BLG-0482L",269.0488890,-30.5283604,5800.00000000,2.95000000,1.8000000000,,,,,2018,"Microlensing"
"PSR B0329+54 b","PSR B0329+54",53.2472749,54.5791636,504.93312058,1.22000000,10.2600000000,10140.00000000000,,,,2017,"Pulsar Timing"
"K2-140 b","K2-140",188.1373172,-9.6076115,347.91700000,13.56286665,0.0680000000,6.56918800000,962.00,5585.00,1.060000,2017,"Transit"
"HD 184010 c","HD 184010",292.8401421,26.6172796,60.79930000,11.80000000,1.3340000000,484.30000000000,457.53,4971.00,4.860000,2022,"Radial Velocity"
"EPIC 201595106 b","EPIC 201595106",183.7203635,1.9681688,232.10000000,1.56500000,0.0177000000,0.87724000000,2038.00,5679.00,0.980000,2021,"Transit"
"TOI-1203 e","TOI-1203",168.2267358,-34.4069371,64.99430000,7.31000000,,204.59000000000,,5737.00,1.179000,2025,"Radial Velocity"
"Kepler-1503 b","Kepler-1503",293.7271604,42.8067119,1225.57000000,2.27000000,0.3771000000,96.16987000000,321.00,5069.00,0.740000,2016,"Transit"
"Kepler-1781 b","Kepler-1781",291.7114906,42.3415097,962.63000000,2.38091029,0.0574000000,4.88752985000,1003.00,5568.00,0.957000,2021,"Transit"
"Kepler-57 c","Kepler-57",293.6413146,44.6570692,644.14000000,2.19600000,0.0958800000,11.60000000000,671.00,5187.90,0.826000,2012,"Transit"
"Kepler-1124 b","Kepler-1124",286.5942529,37.8912836,289.89900000,1.28000000,0.0305000000,2.85234897500,621.00,3658.00,0.340000,2016,"Transit"
"Kepler-1581 b","Kepler-1581",287.3713199,39.6036225,493.17500000,0.80000000,0.0686500000,6.28385491000,1108.00,6022.00,1.230000,2016,"Transit"
"K2-136 c","K2-136",67.4128615,22.8825674,59.24740000,3.00000000,0.1185000000,17.30723000000,470.00,4500.00,0.677000,2017,"Transit"
"HD 39091 b","HD 39091",84.2992798,-80.4646041,18.27020000,12.30000000,3.2800000000,2088.80000000000,172.74,5998.00,1.170000,2001,"Radial Velocity"
"LHS 1815 b","LHS 1815",91.0899861,-55.3115376,29.84240000,1.08800000,0.0404000000,3.81433400000,617.00,3643.00,0.501000,2020,"Transit"
"Kepler-464 b","Kepler-464",294.8351052,48.9823204,667.60400000,3.30000000,0.0793100000,7.25696522400,1163.00,5933.00,1.590000,2016,"Transit"
"Kepler-1580 b","Kepler-1580",285.9687099,41.3635264,1002.02000000,2.11000000,0.3357100000,56.64492790000,733.00,6228.00,2.150000,2016,"Transit"
"Kepler-198 d","Kepler-198",290.6731326,38.6910045,495.35800000,1.53000000,0.0234200000,1.31184443000,1562.00,5636.00,0.930000,2016,"Transit"
"HD 50554 b","HD 50554",103.6782730,24.2451409,31.16640000,12.80000000,2.3390000000,1240.00000000000,192.65,6050.00,1.020000,2002,"Radial Velocity"
"HD 73267 c","HD 73267",129.0735123,-34.4594469,50.40930000,12.80000000,12.6880000000,17071.78045000000,69.53,5387.00,0.909000,2022,"Radial Velocity"
"Kepler-580 b","Kepler-580",283.4997537,40.5528053,323.89900000,2.57000000,0.0683000000,8.22241965600,558.00,4298.00,0.640000,2016,"Transit"
"KOI-12 b","KOI-12",297.4537402,41.0110188,399.39800000,13.78707000,0.1540000000,17.85518200000,911.00,6635.00,1.400000,2015,"Transit"
"Kepler-637 b","Kepler-637",292.4172566,41.4168384,786.09100000,4.75000000,0.1661900000,23.20584623000,1002.00,6096.00,2.560000,2016,"Transit"
"HD 29985 b","HD 29985",70.5216589,-33.9210696,31.27070000,12.80000000,13.3900000000,20608.14049000000,46.73,4678.00,0.574666,2022,"Radial Velocity"
"HD 165155 b","HD 165155",271.4893395,-29.9172536,63.35740000,13.20000000,1.1300000000,434.50000000000,239.90,5426.00,0.950000,2016,"Radial Velocity"
"HD 22946 d","HD 22946",54.8195380,-42.7630276,62.77920000,2.60700000,0.2958000000,47.42489000000,546.00,6169.00,1.117000,2023,"Transit"
"Kepler-1697 b","Kepler-1697",287.6633310,43.4713782,247.77100000,1.25954761,0.2008000000,33.49690000000,630.00,4681.53,0.772344,2020,"Transit"
"Kepler-674 b","Kepler-674",285.1761864,50.1496897,342.25400000,1.69000000,0.0280000000,2.24338184700,822.00,4192.00,0.570000,2016,"Transit"
"Kepler-873 b","Kepler-873",296.4031319,51.2712773,1182.22000000,3.75000000,0.1542000000,20.55338440000,749.00,6163.00,1.270000,2016,"Transit"
"Kepler-783 b","Kepler-783",291.0628615,47.4847890,516.09000000,0.78000000,0.0495800000,4.29264638000,991.00,5521.00,0.890000,2016,"Transit"
"HD 31527 c","HD 31527",73.9096193,-23.2413163,38.44730000,3.85000000,0.2663000000,51.20530000000,571.07,5898.00,1.073694,2019,"Radial Velocity"
"Kepler-1955 b","Kepler-1955",299.5347603,40.4777528,449.35100000,1.16654878,0.1195900000,14.26519966000,853.00,5825.00,1.291000,2021,"Transit"
"Kepler-1684 b","Kepler-1684",294.0054181,46.3106625,621.99600000,2.87084792,0.2253000000,47.70550000000,347.00,4706.54,0.666755,2020,"Transit"
"Kepler-322 c","Kepler-322",281.3487514,44.2952525,400.48000000,1.67000000,0.0510000000,4.33723400000,996.00,5388.00,0.890000,2014,"Transit"
"Qatar-5 b","Qatar-5",7.0539375,42.0613451,367.65800000,12.40836300,0.0412700000,2.87923190000,1415.00,5747.00,1.076000,2017,"Transit"
"Kepler-399 c","Kepler-399",299.5017242,40.6707669,740.53700000,1.43000000,0.1550000000,26.67569000000,630.00,5502.00,0.680000,2014,"Transit"
"DMPP-2 c","DMPP-2",27.4077310,-34.4590985,137.94000000,8.26000000,0.0478900000,3.16800000000,1910.88,6500.00,1.780000,2026,"Radial Velocity"
"TOI-1062 b","TOI-1062",38.1209678,-78.0236828,82.17330000,2.26500000,0.0520000000,4.11296000000,1077.00,5328.00,0.840000,2021,"Transit"
"TOI-1759 b","TOI-1759",326.8516615,62.7538164,40.06540000,3.14000000,0.1177000000,18.85019000000,443.00,4065.00,0.597000,2022,"Transit"
"TOI-2285 b","TOI-2285",332.5632644,58.7060934,42.40900000,1.77000000,0.1363000000,13.63510900000,358.00,3491.00,0.464000,2021,"Transit"
"Kepler-546 b","Kepler-546",283.2575730,40.9904095,1019.65000000,7.00000000,0.0502000000,4.14702025800,1258.00,5967.00,1.150000,2016,"Transit"
"Kepler-682 b","Kepler-682",289.1122204,51.7373589,1979.25000000,7.37000000,0.1058000000,12.61190667200,753.00,5559.00,0.890000,2016,"Transit"
"TOI-220 b","TOI-220",91.7996988,-61.9972098,90.74020000,3.03000000,0.0891100000,10.69526400000,805.00,5298.00,0.858000,2021,"Transit"
"TOI-5624 f","TOI-5624",180.8443476,49.2512257,101.91300000,3.66000000,0.2366000000,45.37000000000,478.50,5327.00,0.820000,2026,"Transit Timing Variations"
"Kepler-242 b","Kepler-242",286.5656932,41.8084168,600.24100000,2.61000000,0.0750000000,8.20395000000,742.00,5020.00,0.850000,2014,"Transit"
"Kepler-258 b","Kepler-258",294.0684116,46.5791357,575.98800000,4.06000000,0.1030000000,13.19722000000,642.00,4942.00,0.915000,2014,"Transit"
"TOI-4898 b","TOI-4898",197.3416711,-32.8294537,98.59580000,3.71979540,,2.76520470167,667.00,4201.57,0.639344,2026,"Transit"
"Kepler-1292 b","Kepler-1292",284.9057222,43.9491434,1493.43000000,1.82000000,0.0443000000,3.27646405000,1195.00,5556.00,0.930000,2016,"Transit"
"HD 128717 b","HD 128717",219.0881687,57.5609512,73.63600000,12.10000000,4.8500000000,3420.00000000000,151.90,6210.00,1.248000,2025,"Astrometry"
"TOI-3278 b","TOI-3278",291.8668611,-62.0948769,904.75200000,13.89913607,0.0430000000,3.24645600000,1561.00,5720.00,1.390000,2026,"Transit"
"Kepler-103 b","Kepler-103",288.9845512,40.0644857,494.83200000,3.48570000,0.1330000000,15.96532870000,973.00,6047.00,1.492000,2014,"Transit"
"TOI-4492 b","TOI-4492",308.6508000,29.2381016,143.18400000,11.78063872,0.0535000000,4.43318240000,1207.00,5711.00,1.222000,2026,"Transit"
"pi Men d","HD 39091",84.2992798,-80.4646041,18.27020000,3.72000000,0.5060000000,124.64000000000,443.55,5998.00,1.190000,2022,"Radial Velocity"
"Kepler-1058 b","Kepler-1058",294.5956256,45.8750556,491.99700000,2.72000000,0.3679000000,110.96546000000,239.00,4644.00,0.690000,2016,"Transit"
"Kepler-160 b","Kepler-160",287.7735730,42.8692755,937.01300000,1.71500000,0.0551100000,4.30939700000,1134.00,5471.00,1.118000,2014,"Transit"
"Kepler-1365 b","Kepler-1365",292.1996573,42.0459944,840.12800000,0.92000000,0.0783900000,7.69993485000,969.00,5770.00,1.050000,2016,"Transit"
"Kepler-346 c","Kepler-346",288.0119248,46.1176003,984.10500000,3.07000000,0.1680000000,23.85154900000,654.00,6033.00,1.021000,2014,"Transit"
"Kepler-1489 b","Kepler-1489",281.2957984,44.4654063,1283.05000000,1.77000000,0.3679000000,82.29475100000,400.00,5655.00,0.900000,2016,"Transit"
"Kepler-1126 b","Kepler-1126",285.6919550,45.6893993,635.73600000,1.73000000,0.4125100000,108.59332900000,374.00,5798.00,0.930000,2016,"Transit"
"Kepler-1914 b","Kepler-1914",291.4314024,38.6543635,1621.56000000,2.94298030,0.1954000000,30.82789993000,585.00,5982.00,0.960000,2021,"Transit"
"HATS-43 b","HATS-43",80.5382418,-30.9708179,362.27300000,13.22662000,0.0494400000,4.38884970000,1003.00,5099.00,0.812000,2018,"Transit"
"Kepler-685 b","Kepler-685",293.8719143,38.4229184,938.71500000,10.58000000,0.0265000000,1.62552220000,1579.00,5963.00,1.160000,2016,"Transit"
"Kepler-1303 b","Kepler-1303",284.2871470,42.3555784,897.78300000,1.42000000,0.0751000000,7.56127224000,891.00,5771.00,1.000000,2016,"Transit"
"Kepler-1016 b","Kepler-1016",294.6136890,45.9846265,1402.82000000,2.18000000,0.0304400000,1.95452434200,1540.00,5821.00,1.000000,2016,"Transit"
"HIP 54373 c","HIP 54373",166.8643532,-19.2916857,18.71680000,3.57000000,0.0990000000,15.14400000000,463.20,4021.00,0.564998,2019,"Radial Velocity"
"L 363-38 b","L 363-38",10.8555443,-41.2952926,10.22950000,2.00000000,0.0480000000,8.78100000000,330.00,3129.00,0.274000,2023,"Radial Velocity"
"HAT-P-46 b","HAT-P-46",270.4441831,-2.9709800,290.73600000,14.39200000,0.0577000000,4.46312900000,1458.00,6120.00,1.396000,2014,"Transit"
"K2-396 c","K2-396",74.6928607,17.2690562,274.86400000,3.12400000,,25.76051000000,,5236.00,0.920000,2022,"Transit"
"TOI-1107 b","TOI-1107",155.6078632,-82.2188693,281.31400000,14.57167491,0.0561000000,4.07823870000,1728.00,6311.00,1.810000,2022,"Transit"
"KOI-319 c","KOI-319",290.1174980,44.8729586,660.13800000,11.90000000,,80.09900000000,,5880.00,2.064000,2014,"Transit Timing Variations"
"Kepler-1992 b","Kepler-1992",295.0902409,45.0811045,532.95500000,0.91000000,0.1169000000,15.61122380000,637.00,5383.00,0.842000,2023,"Transit"
"Kepler-134 b","Kepler-134",284.7391156,49.5984448,334.79700000,2.00000000,0.0600000000,5.31742900000,1105.00,5983.00,1.176000,2014,"Transit"
"TOI-912 b","TOI-912",229.3285665,-80.4733446,26.10720000,1.93000000,0.0410000000,4.67806910000,551.00,3572.00,0.419000,2025,"Transit"
"TOI-913 b","TOI-913",234.5723244,-80.8034265,65.17690000,2.45280000,,11.09864400000,712.01,4969.00,0.732500,2023,"Transit"
"TOI-1105 b","TOI-1105",146.0539694,-89.4715133,79.52250000,3.05823658,,10.86818410933,756.37,4678.46,0.755833,2026,"Transit"
"Kepler-559 b","Kepler-559",296.6368878,43.8027948,776.70800000,3.61000000,0.1277000000,17.58752333000,706.00,5630.00,0.950000,2016,"Transit"
"WASP-34 b","WASP-34",165.3993679,-23.8609457,132.09600000,11.20900000,0.0524000000,4.31768000000,1250.00,5700.00,0.910000,2010,"Transit"
"Kepler-1426 b","Kepler-1426",292.5457096,49.4168981,1697.81000000,1.56000000,0.1187000000,14.25632270000,797.00,5831.00,1.020000,2016,"Transit"
"OGLE-2014-BLG-0676L b","OGLE-2014-BLG-0676L",268.1020833,-30.5483889,1880.00000000,13.10000000,2.0400000000,,,,,2016,"Microlensing"
"Kepler-156 b","Kepler-156",290.2964214,37.7494271,443.48300000,2.30000000,0.0540000000,4.97345600000,867.00,5094.00,0.807000,2014,"Transit"
"HATS-64 b","HATS-64",144.2876092,-29.8004440,1080.15000000,18.81991100,0.0656200000,4.90889700000,1793.00,6554.00,2.113000,2018,"Transit"
"Kepler-610 b","Kepler-610",293.1713241,45.0655934,845.82400000,4.19000000,0.0719000000,6.99692655400,888.00,5943.00,1.130000,2016,"Transit"
"TOI-2322 c","TOI-2322",116.9731027,-71.0019671,59.86100000,1.87400000,0.1362000000,20.22552800000,496.80,4664.00,0.662000,2025,"Transit"
"TOI-2322 b","TOI-2322",116.9731027,-71.0019671,59.86100000,0.99400000,0.0924000000,11.30717000000,603.10,4664.00,0.662000,2025,"Transit"
"Kepler-524 c","Kepler-524",296.8591787,49.1620125,1058.24000000,0.96000000,0.0304600000,1.88897906000,1574.00,6014.00,1.100000,2016,"Transit"
"Kepler-398 c","Kepler-398",291.4688524,40.3437001,177.35500000,1.01000000,0.0870000000,11.41941200000,536.00,4493.00,0.613000,2014,"Transit"
"Kepler-1916 b","Kepler-1916",293.0705754,48.3876790,2055.82000000,2.61757235,0.2053000000,31.25429916000,635.00,6246.00,1.092000,2021,"Transit"
"TIC 320419023 b","TIC 320419023",118.0726215,11.8241773,288.89300000,2.77280763,,5.26375651589,,5703.36,0.952319,2026,"Transit"
"HD 108236 f","HD 108236",186.5740627,-51.3630519,64.59780000,2.01700000,0.1758000000,29.54115000000,609.59,5660.00,0.877000,2021,"Transit"
"Kepler-1617 b","Kepler-1617",287.9371747,46.4184781,898.31000000,1.20000000,0.1770700000,27.47855720000,736.00,6167.00,1.220000,2016,"Transit"
"HD 206893 c","HD 206893",326.3416874,-12.7833522,40.75830000,16.36511182,3.7400000000,2290.00000000000,1181.90,6500.00,1.311160,2022,"Imaging"
"TOI-4527.01","TOI-4527",19.4722574,5.4711996,18.10370000,0.90866170,0.0083323530,0.39944450000,1362.93,3702.00,0.485948,2024,"Transit"
"K2-255 b","K2-255",189.9128532,-3.3705631,191.60800000,2.90000000,0.0274000000,1.96417000000,1034.00,4676.00,0.690000,2018,"Transit"
"Kepler-1678 b","Kepler-1678",292.5916297,38.3995629,847.33900000,3.30422249,0.5302000000,147.97400000000,329.00,5754.00,0.834976,2020,"Transit"
"HD 224018 b","HD 224018",358.6390056,-4.7233362,105.48000000,0.91000000,0.0952000000,10.64130000000,968.00,5784.00,1.147000,2025,"Radial Velocity"
"Kepler-1334 b","Kepler-1334",289.3115320,51.3209059,1223.04000000,2.29000000,0.1229000000,15.64591713000,710.00,5614.00,0.910000,2016,"Transit"
"Kepler-480 b","Kepler-480",294.4639165,49.7650473,847.50800000,2.78000000,0.0602400000,4.91958379500,1312.00,6322.00,1.340000,2016,"Transit"
"Kepler-1382 b","Kepler-1382",295.3774182,39.0480365,738.26100000,1.88000000,0.1402300000,16.35830550000,959.00,6161.00,1.720000,2016,"Transit"
"TOI-2068 b","TOI-2068",186.2735600,60.4183455,52.93280000,1.82100000,0.0632000000,7.76891500000,520.62,3710.00,0.535000,2024,"Transit"
"Kepler-1030 b","Kepler-1030",293.6819098,45.8175241,758.70200000,2.48000000,0.1338000000,19.32952416000,529.00,4983.00,0.760000,2016,"Transit"
"HD 153950 b","HD 153950",256.1292826,-43.3103753,48.45490000,13.20000000,1.2800000000,499.39999000000,295.30,6124.00,1.280000,2008,"Radial Velocity"
"CoRoT-11 b","CoRoT-11",280.6872998,5.9376586,655.03700000,16.03000000,0.0436000000,2.99433000000,1657.00,6440.00,1.370000,2010,"Transit"
"TOI-286 c","TOI-286",90.9842762,-60.6663348,59.22930000,1.88000000,0.2130000000,39.36182600000,475.00,5152.00,0.780000,2024,"Transit"
"TOI-1806.01","TOI-1806",166.1181474,30.4585763,55.52110000,3.40953670,0.0877350440,15.14546930000,337.47,3272.00,0.401575,2024,"Transit"
"TOI-4443.01","TOI-4443",274.2686643,21.9095459,56.07390000,1.71932650,0.0299626450,1.84985670000,1638.82,5834.00,1.017330,2024,"Transit"
"K2-141 c","K2-141",350.9170464,-1.1891827,61.87360000,7.00000000,0.0683000000,7.74850000000,695.00,4570.00,0.681000,2018,"Transit"
"K2-232 b","K2-232",73.7667927,18.6543230,130.72000000,11.20900000,0.1035600000,11.16845400000,1030.00,6154.00,1.161000,2018,"Transit"
"GJ 1132 c","GJ 1132",153.7090696,-47.1549358,12.61300000,1.52000000,0.0476000000,8.92900000000,300.00,3090.00,0.226000,2018,"Radial Velocity"
"55 Cnc b","55 Cnc",133.1468373,28.3298154,12.58550000,13.90000000,0.1180000000,14.65155200000,700.00,5198.00,0.980000,1996,"Radial Velocity"
"55 Cnc c","55 Cnc",133.1468373,28.3298154,12.58550000,8.51000000,0.2470000000,44.39360000000,499.27,5198.00,0.980000,2004,"Radial Velocity"
"55 Cnc d","55 Cnc",133.1468373,28.3298154,12.58550000,13.00000000,5.6000000000,4799.00000000000,104.85,5198.00,0.980000,2002,"Radial Velocity"
"55 Cnc e","55 Cnc",133.1468373,28.3298154,12.58550000,1.87500000,0.0154400000,0.73654740000,1958.00,5172.00,0.943000,2004,"Radial Velocity"
"55 Cnc f","55 Cnc",133.1468373,28.3298154,12.58550000,7.59000000,0.8020000000,260.58000000000,277.07,5198.00,0.980000,2007,"Radial Velocity"
"GJ 1214 b","GJ 1214",258.8313991,4.9606795,14.64270000,2.73300000,0.0150500000,1.58040453100,567.00,3101.00,0.216200,2009,"Transit"
"GJ 436 b","GJ 436",175.5505363,26.7030669,9.75321000,4.17000000,0.0291000000,2.64388312000,686.00,3586.11,0.455000,2004,"Radial Velocity"
"HAT-P-12 b","HAT-P-12",209.3886452,43.4933100,142.75100000,10.74900000,0.0384000000,3.21305980000,963.00,4650.00,0.701000,2009,"Transit"
"HAT-P-13 b","HAT-P-13",129.8823772,47.3519076,246.81000000,14.25800000,0.0438300000,2.91625000000,1740.00,5653.00,1.756000,2009,"Transit"
"HAT-P-13 c","HAT-P-13",129.8823772,47.3519076,246.81000000,12.30000000,1.2580000000,446.27000000000,340.00,5653.00,1.756000,2009,"Radial Velocity"
"HAT-P-14 b","HAT-P-14",260.1161719,38.2421682,222.66300000,15.91678000,0.0596000000,4.62767000000,1624.00,6600.00,1.820000,2010,"Transit"
"HAT-P-17 b","HAT-P-17",324.5359781,30.4881882,92.38310000,11.76945000,0.0892000000,10.33852000000,800.00,5246.00,0.870000,2012,"Transit"
"HAT-P-17 c","HAT-P-17",324.5359781,30.4881882,92.38310000,13.10000000,5.6000000000,5584.00000000000,99.59,5336.96,0.838682,2012,"Radial Velocity"
"HAT-P-18 b","HAT-P-18",256.3463760,33.0123251,161.40000000,10.70457657,0.0559000000,5.50802910000,841.00,4870.00,0.717000,2010,"Transit"
"HAT-P-1 b","HAT-P-1",344.4453632,38.6749190,158.97900000,14.78467100,0.0556100000,4.46529976000,1322.00,5980.00,1.174000,2006,"Transit"
"HAT-P-26 b","HAT-P-26",213.1565508,4.0594175,141.83700000,7.06167000,0.0474800000,4.23452000000,1080.00,5079.00,0.870000,2010,"Transit"
"HAT-P-30 b","HAT-P-30",123.9498431,5.8368669,213.98500000,16.14096000,0.0419000000,2.81060000000,1630.00,6304.00,1.310000,2011,"Transit"
"HAT-P-32 b","HAT-P-32",31.0427614,46.6878512,289.20500000,22.19382000,0.0339700000,2.15000820000,1835.70,6001.00,1.367000,2011,"Transit"
"HD 149026 b","HD 149026",247.6229827,38.3475349,75.86430000,8.29466000,0.0436400000,2.87589000000,1626.00,6179.00,1.410000,2005,"Radial Velocity"
"HD 189733 b","HD 189733",300.1821223,22.7097759,19.76380000,12.66617000,0.0312600000,2.21857567000,1209.00,5052.00,0.750000,2005,"Radial Velocity"
"HD 209458 b","HD 209458",330.7950219,18.8842419,48.30160000,15.58051000,0.0470700000,3.52474859000,1459.00,6091.00,1.190000,1999,"Radial Velocity"
"HD 80606 b","HD 80606",140.6569501,50.6037764,66.47110000,11.56766808,0.4603000000,111.43676500000,405.00,5565.00,1.050000,2001,"Radial Velocity"
"HD 86226 b","HD 86226",149.1235154,-24.0991859,45.68300000,14.30000000,2.7300000000,1628.00000000000,176.00,5863.00,1.053000,2009,"Radial Velocity"
"TrES-4 b","TrES-4",268.3043361,37.2117397,515.98000000,18.04649000,0.0508400000,3.55395000000,1778.00,6200.00,1.660000,2007,"Transit"
"WASP-12 b","WASP-12",97.6366450,29.6722662,427.24600000,22.02564708,0.0234000000,1.09141890100,2601.00,6265.00,1.690000,2008,"Transit"
"WASP-15 b","WASP-15",208.9280111,-32.1597118,282.09100000,15.80469000,0.0516500000,3.75210000000,1676.00,6300.00,1.480000,2009,"Transit"
"WASP-17 b","WASP-17",239.9622479,-28.0617941,405.90800000,20.96083000,0.0515000000,3.73543000000,1755.00,6550.00,1.490000,2009,"Transit"
"WASP-18 b","WASP-18",24.3544618,-45.6777937,123.48300000,13.89913607,0.0202400000,0.94145223000,2429.00,6432.00,1.319000,2009,"Transit"
"WASP-19 b","WASP-19",148.4167672,-45.6591078,268.32500000,15.86070769,0.0165200000,0.78883852000,2113.00,5616.00,1.006000,2009,"Transit"
"WASP-25 b","WASP-25",195.3597581,-27.5222273,211.41600000,13.80946422,0.0473000000,3.76483370000,1217.00,5697.00,0.884000,2010,"Transit"
"WASP-39 b","WASP-39",217.3266477,-3.4444994,213.98200000,14.33631100,0.0482800000,4.05529410000,1166.00,5485.00,0.939000,2011,"Transit"
"WASP-43 b","WASP-43",154.9081869,-9.8064431,86.74670000,10.42400000,0.0142000000,0.81347500000,1426.70,4400.00,0.600000,2011,"Transit"
"WASP-6 b","WASP-6",348.1571282,-22.6741248,197.11900000,12.54284940,0.0421700000,3.36100260000,1167.00,5438.00,0.790000,2009,"Transit"
"GJ 3470 b","GJ 3470",119.7735021,15.3912090,29.42140000,4.57000000,0.0355000000,3.33664960000,593.50,3600.00,0.547000,2012,"Radial Velocity"
"WASP-47 b","WASP-47",331.2030920,-12.0190670,264.78000000,12.86000000,0.0520000000,4.15915100000,1275.00,5565.00,1.156000,2012,"Transit"
"WASP-63 b","WASP-63",94.3363562,-38.3233826,290.68400000,15.80469000,0.0574000000,4.37808000000,1469.91,5550.00,1.860000,2012,"Transit"
"WASP-52 b","WASP-52",348.4947931,8.7610793,174.81800000,14.24000000,0.0272000000,1.74977980000,1315.00,5000.00,0.790000,2012,"Transit"
"WASP-77 A b","WASP-77 A",37.1555223,-7.0606675,105.16600000,13.56000000,0.0232336330,1.36002939500,1674.00,5617.00,0.910000,2012,"Transit"
"WASP-80 b","WASP-80",303.1667996,-2.1444369,49.78760000,11.19779100,0.0344000000,3.06785234000,825.00,4143.00,0.586000,2012,"Transit"
"WASP-103 b","WASP-103",249.3148604,7.1833758,375.64700000,17.12700000,0.0198500000,0.92554200000,2508.00,6110.00,1.436000,2014,"Transit"
"WASP-96 b","WASP-96",1.0465696,-47.3606352,352.46400000,13.45000000,0.0453000000,3.42526020000,1285.00,5540.00,1.050000,2014,"Transit"
"WASP-94 A b","WASP-94 A",313.7832393,-34.1357512,211.21100000,17.71022000,0.0550000000,3.95019000000,1604.00,6170.00,1.480000,2014,"Transit"
"WASP-94 B b","WASP-94 B",313.7882932,-34.1357240,208.69600000,14.10000000,0.0335000000,2.00839000000,1848.91,6040.00,1.350000,2014,"Radial Velocity"
"WASP-69 b","WASP-69",315.0259661,-5.0948570,49.96050000,11.21000000,0.0453000000,3.86813881000,971.00,4792.00,0.801000,2014,"Transit"
"WASP-84 b","WASP-84",131.1069959,1.8598933,100.58800000,10.72000000,0.0778000000,8.52349648000,732.00,5280.00,0.768000,2014,"Transit"
"WASP-20 b","WASP-20",5.1605621,-23.9357894,211.87700000,15.46839337,0.0599900000,4.89964477000,1362.00,5940.00,1.242000,2015,"Transit"
"HATS-6 b","HATS-6",88.1468079,-19.0316268,169.31800000,11.18658200,0.0362300000,3.32527250000,712.80,3724.00,0.570000,2015,"Transit"
"KELT-7 b","KELT-7",78.2955912,33.3179532,136.68100000,17.93440000,0.0441500000,2.73477000000,2048.00,6768.00,1.810000,2015,"Transit"
"K2-18 b","K2-18",172.5601410,7.5878315,38.02660000,2.37000000,0.1429000000,32.93962300000,284.00,3457.00,0.411000,2015,"Transit"
"KELT-8 b","KELT-8",283.3054489,24.1272483,197.57200000,18.15858000,0.0455000000,3.24406000000,1675.00,5754.00,1.460000,2015,"Transit"
"K2-22 b","K2-22",169.4827046,2.6190363,243.83600000,2.30000000,0.0090000000,0.38107300000,2100.00,3879.00,0.580000,2015,"Transit"
"WASP-47 c","WASP-47",331.2030920,-12.0190670,264.78000000,,1.3930000000,589.57000000000,247.00,5565.00,1.156000,2015,"Radial Velocity"
"WASP-47 d","WASP-47",331.2030920,-12.0190670,264.78000000,3.65000000,0.0850000000,9.03050100000,885.00,5565.00,1.156000,2015,"Transit"
"WASP-47 e","WASP-47",331.2030920,-12.0190670,264.78000000,1.83000000,0.0167300000,0.78961000000,1992.00,5565.00,1.156000,2015,"Transit"
"GJ 1132 b","GJ 1132",153.7090696,-47.1549358,12.61300000,1.19151465,0.0157000000,1.62892911000,583.80,3229.00,0.221100,2015,"Transit"
"WASP-76 b","WASP-76",26.6329360,2.7003890,194.45900000,20.78145022,0.0330000000,1.80988198000,2228.00,6329.00,1.756000,2016,"Transit"
"KELT-4 A b","KELT-4 A",157.0626200,25.5731366,218.05000000,19.04409100,0.0431700000,2.98959320000,1823.00,6206.00,1.603000,2016,"Transit"
"TRAPPIST-1 b","TRAPPIST-1",346.6263919,-5.0434618,12.42988881,1.11600000,0.0115400000,1.51082600000,397.60,2566.00,0.119200,2016,"Transit"
"TRAPPIST-1 c","TRAPPIST-1",346.6263919,-5.0434618,12.42988881,1.09700000,0.0158000000,2.42193700000,339.70,2566.00,0.119200,2016,"Transit"
"TRAPPIST-1 d","TRAPPIST-1",346.6263919,-5.0434618,12.42988881,0.78800000,0.0222700000,4.04921900000,286.20,2566.00,0.119200,2016,"Transit"
"K2-34 b","K2-34",127.5787231,22.2359194,348.64600000,13.75000000,0.0442000000,2.99563480000,1687.00,6168.00,1.420000,2016,"Transit"
"WASP-121 b","WASP-121",107.6002312,-39.0972705,269.89800000,19.52604438,0.0257100000,1.27492504000,2409.00,6628.00,1.461000,2016,"Transit"
"HIP 41378 b","HIP 41378",126.6158279,10.0803708,106.28900000,2.64000000,0.1303000000,15.57209000000,959.00,6290.00,1.300000,2016,"Transit"
"HIP 41378 c","HIP 41378",126.6158279,10.0803708,106.28900000,2.74000000,0.2093000000,31.70591000000,757.00,6290.00,1.300000,2016,"Transit"
"HIP 41378 d","HIP 41378",126.6158279,10.0803708,106.28900000,3.65000000,1.1700000000,278.36180000000,367.00,6290.00,1.300000,2016,"Transit"
"HIP 41378 e","HIP 41378",126.6158279,10.0803708,106.28900000,5.19000000,0.6800000000,393.00000000000,335.00,6290.00,1.300000,2016,"Transit"
"HIP 41378 f","HIP 41378",126.6158279,10.0803708,106.28900000,9.47000000,1.3940000000,542.07970000000,294.00,6290.00,1.300000,2016,"Transit"
"HD 3167 b","HD 3167",8.7401487,4.3807215,47.28990000,1.60100000,0.0181400000,0.95965451000,1781.00,5338.00,0.871000,2016,"Transit"
"HD 3167 c","HD 3167",8.7401487,4.3807215,47.28990000,2.98300000,0.1794000000,29.84651100000,567.00,5338.00,0.871000,2016,"Transit"
"HAT-P-65 b","HAT-P-65",315.9054895,11.9893675,738.51900000,18.05766791,0.0404200000,2.60544751000,1818.00,5872.00,1.666000,2016,"Transit"
"WASP-131 b","WASP-131",210.1935714,-30.5836084,200.07500000,13.74221034,0.0608000000,5.32201250000,1460.00,5990.00,1.561000,2016,"Transit"
"WASP-139 b","WASP-139",49.5621730,-41.3020235,212.47200000,8.96720000,0.0620000000,5.92426200000,910.00,5310.00,0.800000,2016,"Transit"
"WASP-127 b","WASP-127",160.5587646,-3.8349989,159.50700000,14.69499900,0.0484000000,4.17806203000,1400.00,5620.00,1.333000,2016,"Transit"
"TRAPPIST-1 e","TRAPPIST-1",346.6263919,-5.0434618,12.42988881,0.92000000,0.0292500000,6.10101300000,249.70,2566.00,0.119200,2017,"Transit"
"TRAPPIST-1 f","TRAPPIST-1",346.6263919,-5.0434618,12.42988881,1.04500000,0.0384900000,9.20754000000,217.70,2566.00,0.119200,2017,"Transit"
"TRAPPIST-1 g","TRAPPIST-1",346.6263919,-5.0434618,12.42988881,1.12900000,0.0468300000,12.35244600000,197.30,2566.00,0.119200,2017,"Transit"
"TRAPPIST-1 h","TRAPPIST-1",346.6263919,-5.0434618,12.42988881,0.75500000,0.0618900000,18.77286600000,171.70,2566.00,0.119200,2017,"Transit"
"HD 106315 b","HD 106315",183.4724742,-0.3934357,109.35300000,2.44000000,0.0907000000,9.55237000000,1153.00,6327.00,1.296000,2017,"Transit"
"HD 106315 c","HD 106315",183.4724742,-0.3934357,109.35300000,4.35000000,0.1536000000,21.05704000000,886.00,6327.00,1.296000,2017,"Transit"
"LHS 1140 b","LHS 1140",11.2486320,-15.2741085,14.98610000,1.73000000,0.0946000000,24.73723000000,226.00,3096.00,0.215900,2017,"Transit"
"KELT-11 b","KELT-11",161.7069053,-9.3993646,99.15960000,15.13212395,0.0623000000,4.73620865000,1712.00,5375.00,2.690000,2017,"Transit"
"KELT-9 b","KELT-9",307.8598998,39.9389161,204.45500000,21.70058664,0.0336800000,1.48112350000,3921.00,9270.00,2.418000,2017,"Transit"
"HD 3167 d","HD 3167",8.7401487,4.3807215,47.28990000,2.61000000,0.0770000000,8.39670000000,865.00,5338.00,0.871000,2017,"Radial Velocity"
"WASP-107 b","WASP-107",188.3864277,-10.1462141,64.74140000,10.48039695,0.0550000000,5.72148750000,736.00,4425.00,0.657000,2017,"Transit"
"GJ 9827 b","GJ 9827",351.7717763,-1.2853435,29.66100000,1.44000000,0.0189000000,1.20897400000,1035.01,4236.00,0.580000,2017,"Transit"
"GJ 9827 c","GJ 9827",351.7717763,-1.2853435,29.66100000,1.13000000,0.0395000000,3.64810300000,715.94,4236.00,0.580000,2017,"Transit"
"GJ 9827 d","GJ 9827",351.7717763,-1.2853435,29.66100000,1.98000000,0.0530000000,6.20183000000,675.00,4236.00,0.580000,2017,"Transit"
"KELT-20 b","KELT-20",294.6614126,31.2192001,136.42600000,19.51486900,0.0542000000,3.47410850000,2262.00,8720.00,1.565000,2017,"Transit"
"K2-18 c","K2-18",172.5601410,7.5878315,38.02660000,2.65000000,0.0600000000,8.96200000000,363.00,3457.00,0.411000,2017,"Radial Velocity"
"K2-141 b","K2-141",350.9170464,-1.1891827,61.87360000,1.51000000,0.0074700000,0.28032440000,2103.00,4570.00,0.681000,2018,"Transit"
"HAT-P-11 c","HAT-P-11",297.7101763,48.0818635,37.76470000,13.20000000,4.1000000000,3361.00000000000,91.58,4653.00,0.683000,2018,"Radial Velocity"
"NGTS-2 b","NGTS-2",215.1227617,-31.2020698,356.39100000,17.87835500,0.0630000000,4.51116400000,1468.00,6478.00,1.702000,2018,"Transit"
"WASP-164 b","WASP-164",344.8735878,-60.4478194,327.50600000,12.64375200,0.0281800000,1.77712550000,1610.00,5806.00,0.932000,2018,"Transit"
"LHS 1140 c","LHS 1140",11.2486320,-15.2741085,14.98610000,1.27200000,0.0270000000,3.77794000000,422.00,3096.00,0.215900,2018,"Transit"
"K2-287 b","K2-287",233.0743401,-22.3583447,158.33500000,9.49402300,0.1206000000,14.89329100000,804.00,5695.00,1.070000,2018,"Transit"
"LHS 3844 b","LHS 3844",340.4962038,-69.1721081,14.88460000,1.28600000,0.0062400000,0.46292970900,816.00,3080.00,0.189000,2019,"Transit"
"HD 15337 b","HD 15337",36.8678846,-27.6361171,44.81550000,1.77000000,0.0524500000,4.75598040000,1001.00,5131.00,0.855000,2019,"Transit"
"HD 15337 c","HD 15337",36.8678846,-27.6361171,44.81550000,2.52600000,0.1235000000,17.18054600000,656.10,5131.00,0.855000,2019,"Transit"
"L 98-59 b","L 98-59",124.5328604,-68.3144658,10.61940000,0.83700000,0.0223000000,2.25311400000,620.00,3415.00,0.315500,2019,"Transit"
"L 98-59 c","L 98-59",124.5328604,-68.3144658,10.61940000,1.32900000,0.0309000000,3.69067640000,526.00,3415.00,0.315500,2019,"Transit"
"L 98-59 d","L 98-59",124.5328604,-68.3144658,10.61940000,1.62700000,0.0494000000,7.45072900000,416.00,3415.00,0.315500,2019,"Transit"
"V1298 Tau b","V1298 Tau",61.3316540,20.1570318,108.19900000,9.41000000,0.1685000000,24.14000600000,666.00,4970.00,1.320000,2019,"Transit"
"WASP-166 b","WASP-166",144.8751047,-20.9824191,114.17300000,7.06167000,0.0641000000,5.44354000000,1270.00,6050.00,1.220000,2019,"Transit"
"TOI-270 b","TOI-270",68.4160804,-51.9573937,22.47930000,1.28000000,0.0319700000,3.35992000000,600.00,3506.00,0.380000,2019,"Transit"
"TOI-270 c","TOI-270",68.4160804,-51.9573937,22.47930000,2.33000000,0.0452600000,5.66051000000,489.00,3506.00,0.380000,2019,"Transit"
"TOI-270 d","TOI-270",68.4160804,-51.9573937,22.47930000,2.00000000,0.0721000000,11.38194000000,383.00,3506.00,0.380000,2019,"Transit"
"GJ 357 b","GJ 357",144.0074644,-21.6650634,9.44181000,1.20000000,0.0360000000,3.93060000000,518.00,3505.00,0.337000,2019,"Transit"
"GJ 357 c","GJ 357",144.0074644,-21.6650634,9.44181000,1.66000000,0.0610000000,9.12470000000,401.20,3505.00,0.337000,2019,"Radial Velocity"
"GJ 357 d","GJ 357",144.0074644,-21.6650634,9.44181000,2.34000000,0.2040000000,55.66100000000,219.60,3505.00,0.337000,2019,"Radial Velocity"
"LTT 1445 A b","LTT 1445 A",45.4624781,-16.5944956,6.86929000,1.34000000,0.0381000000,5.35876350000,431.00,3562.00,0.271000,2019,"Transit"
"WASP-178 b","WASP-178",227.2703290,-42.7049658,427.67800000,20.28829000,0.0558000000,3.34482850000,2470.00,9360.00,1.670000,2019,"Transit"
"V1298 Tau c","V1298 Tau",61.3316540,20.1570318,108.19900000,5.08000000,0.0824000000,8.24916400000,953.00,4970.00,1.320000,2019,"Transit"
"V1298 Tau d","V1298 Tau",61.3316540,20.1570318,108.19900000,6.53000000,0.1081000000,12.40139400000,831.00,4970.00,1.320000,2019,"Transit"
"V1298 Tau e","V1298 Tau",61.3316540,20.1570318,108.19900000,10.17000000,0.2689000000,48.67771400000,527.00,4970.00,1.320000,2019,"Transit"
"LP 791-18 b","LP 791-18",165.6904843,-16.4064445,26.49270000,1.21200000,0.0097800000,0.94799810000,564.30,2960.00,0.182000,2019,"Transit"
"LP 791-18 c","LP 791-18",165.6904843,-16.4064445,26.49270000,2.48800000,0.0296100000,4.98991000000,324.40,2960.00,0.182000,2019,"Transit"
"TOI-125 b","TOI-125",23.5934253,-66.6763495,111.05900000,2.72600000,0.0518600000,4.65382000000,1037.00,5320.00,0.848000,2019,"Transit"
"TOI-125 c","TOI-125",23.5934253,-66.6763495,111.05900000,2.75900000,0.0814000000,9.15059000000,827.80,5320.00,0.848000,2019,"Transit"
"L 168-9 b","L 168-9",350.0285917,-60.0657292,25.14960000,1.63000000,0.0208000000,1.40152604000,998.00,3842.00,0.604000,2020,"Transit"
"TOI-125 d","TOI-125",23.5934253,-66.6763495,111.05900000,2.93000000,0.1370000000,19.98000000000,638.10,5320.00,0.848000,2020,"Transit"
"HATS-48 A b","HATS-48 A",288.6720048,-59.5793505,263.60900000,8.96720000,0.0376900000,3.13166660000,954.60,4546.00,0.715200,2020,"Transit"
"HATS-72 b","HATS-72",339.0258401,-17.0003046,127.58900000,8.09738160,0.0665170000,7.32794740000,739.30,4656.10,0.721400,2020,"Transit"
"NGTS-10 b","NGTS-10",91.8722801,-25.5948963,324.69865036,13.89913607,0.0143000000,0.76689440000,1508.00,4567.00,0.700000,2020,"Transit"
"TOI-1130 b","TOI-1130",286.3760037,-41.4376399,58.26090000,3.66000000,0.0453000000,4.07455400000,825.00,4360.00,0.697000,2020,"Transit"
"TOI-1130 c","TOI-1130",286.3760037,-41.4376399,58.26090000,13.00000000,0.0731000000,8.35018980000,650.00,4360.00,0.697000,2020,"Transit"
"TOI-677 b","TOI-677",144.1193594,-50.4630933,141.81200000,13.11450742,0.1041000000,11.23659850000,1252.00,6295.00,1.280000,2020,"Transit"
"LTT 3780 b","LTT 3780",154.6449033,-11.7178010,21.98140000,1.32500000,0.0119500000,0.76837931000,903.00,3358.00,0.380000,2020,"Transit"
"LTT 3780 c","LTT 3780",154.6449033,-11.7178010,21.98140000,2.39000000,0.0757000000,12.25228400000,359.00,3358.00,0.380000,2020,"Transit"
"TOI-1338 b","TOI-1338 A",92.1330955,-59.5409853,399.01700000,7.66100000,0.4607000000,95.40010000000,254.65,5723.20,1.313000,2020,"Transit"
"AU Mic b","AU Mic",311.2911369,-31.3424500,9.72210000,4.79000000,0.0700000000,8.46344600000,554.80,3540.00,0.862000,2020,"Transit"
"WASP-148 b","WASP-148",254.1305022,44.3025361,246.35300000,8.47398941,0.0821500000,8.80380900000,940.00,5555.00,0.912000,2020,"Transit"
"WASP-148 c","WASP-148",254.1305022,44.3025361,246.35300000,13.90000000,0.2044000000,34.52400000000,590.00,5555.00,0.912000,2020,"Radial Velocity"
"NGTS-11 b","NGTS-11",23.5214497,-14.4191493,190.42200000,9.15775300,0.2010000000,35.45533000000,435.00,5050.00,0.832000,2020,"Transit"
"TOI-849 b","TOI-849",28.7157956,-29.4217086,225.73400000,3.64000000,0.0155000000,0.76554800000,1932.00,5257.00,0.970000,2020,"Transit"
"TOI-700 b","TOI-700",97.0957165,-65.5786149,31.12650000,0.91400000,0.0677000000,9.97721900000,417.00,3459.00,0.421000,2020,"Transit"
"TOI-700 c","TOI-700",97.0957165,-65.5786149,31.12650000,2.60000000,0.0929000000,16.05113700000,356.00,3459.00,0.421000,2020,"Transit"
"TOI-700 d","TOI-700",97.0957165,-65.5786149,31.12650000,1.07300000,0.1633000000,37.42396000000,268.80,3459.00,0.421000,2020,"Transit"
"HIP 67522 b","HIP 67522",207.5260010,-40.8358961,127.28000000,9.98720180,0.0748000000,6.95947310000,1175.00,5675.00,1.380000,2020,"Transit"
"TOI-1899 b","TOI-1899",299.4268472,40.1433462,128.43800000,11.09689089,0.1525000000,29.09031200000,378.00,3926.00,0.607000,2020,"Transit"
"HD 86226 c","HD 86226",149.1235154,-24.0991859,45.68300000,2.16000000,0.0490000000,3.98442000000,1311.00,5863.00,1.053000,2020,"Transit"
"WD 1856+534 b","WD 1856+534",284.4156750,53.5090244,24.73590000,10.40000000,0.0204000000,1.40794050000,163.00,4710.00,0.013100,2020,"Transit"
"LTT 9779 b","LTT 9779",358.6688767,-37.6282237,80.43730000,4.72000000,0.0167900000,0.79205200000,1978.00,5443.00,0.949000,2020,"Transit"
"TOI-824 b","TOI-824",222.1654705,-57.5888666,63.92620000,2.92600000,0.0217700000,1.39297800000,1253.00,4600.00,0.695000,2020,"Transit"
"TOI-421 b","TOI-421",81.8532824,-14.2767404,74.79690000,2.64000000,0.0554000000,5.19757600000,922.00,5291.00,0.866000,2020,"Transit"
"TOI-421 c","TOI-421",81.8532824,-14.2767404,74.79690000,5.09000000,0.1170000000,16.06754100000,635.00,5291.00,0.866000,2020,"Transit"
"GJ 3473 b","GJ 3473",120.5936065,3.3371629,27.36440000,1.26400000,0.0158900000,1.19800350000,773.00,3347.00,0.364000,2020,"Transit"
"GJ 3473 c","GJ 3473",120.5936065,3.3371629,27.36440000,2.63000000,0.0876000000,15.50900000000,329.10,3347.00,0.364000,2020,"Radial Velocity"
"WASP-107 c","WASP-107",188.3864277,-10.1462141,64.74140000,13.00000000,,1091.00000000000,,4425.00,0.657000,2020,"Radial Velocity"
"TOI-776 b","TOI-776",178.5779970,-37.5533568,27.17010000,1.79800000,0.0653000000,8.24662000000,520.00,3725.00,0.547000,2020,"Transit"
"TOI-776 c","TOI-776",178.5779970,-37.5533568,27.17010000,2.04700000,0.1001000000,15.66532300000,420.00,3725.00,0.547000,2020,"Transit"
"TOI-561 b","TOI-561",148.1851516,6.2161030,85.79900000,1.39700000,0.0106400000,0.44656970000,2319.00,5342.00,0.843000,2020,"Transit"
"TOI-561 c","TOI-561",148.1851516,6.2161030,85.79900000,2.86500000,0.0889000000,10.77883800000,802.00,5342.00,0.843000,2020,"Transit"
"TOI-561 d","TOI-561",148.1851516,6.2161030,85.79900000,2.61500000,0.1587000000,25.71268000000,600.00,5342.00,0.843000,2020,"Transit"
"TOI-561 e","TOI-561",148.1851516,6.2161030,85.79900000,2.51700000,0.3300000000,77.14400000000,416.00,5342.00,0.843000,2020,"Transit"
"TOI-451 b","TOI-451",62.9663850,-37.9397300,123.73900000,1.84000000,0.0274000000,1.85870330000,1474.00,5490.00,0.850000,2020,"Transit"
"TOI-451 c","TOI-451",62.9663850,-37.9397300,123.73900000,2.93000000,0.0795000000,9.19246300000,865.00,5490.00,0.850000,2020,"Transit"
"TOI-451 d","TOI-451",62.9663850,-37.9397300,123.73900000,3.93000000,0.1168000000,16.36496200000,714.00,5490.00,0.850000,2020,"Transit"
"TOI-178 b","TOI-178",7.3020115,-30.4541159,62.69900000,1.20000000,0.0260700000,1.91456010000,1040.00,4316.00,0.662000,2021,"Transit"
"TOI-178 c","TOI-178",7.3020115,-30.4541159,62.69900000,1.75400000,0.0370000000,3.23848600000,873.00,4316.00,0.662000,2021,"Transit"
"TOI-178 d","TOI-178",7.3020115,-30.4541159,62.69900000,2.69500000,0.0592000000,6.55756900000,690.00,4316.00,0.662000,2021,"Transit"
"TOI-178 e","TOI-178",7.3020115,-30.4541159,62.69900000,2.30100000,0.0783000000,9.96318000000,600.00,4316.00,0.662000,2021,"Transit"
"TOI-178 f","TOI-178",7.3020115,-30.4541159,62.69900000,2.41700000,0.1039000000,15.23335000000,521.00,4316.00,0.662000,2021,"Transit"
"TOI-178 g","TOI-178",7.3020115,-30.4541159,62.69900000,2.93900000,0.1275000000,20.71663000000,470.00,4316.00,0.662000,2021,"Transit"
"GJ 486 b","GJ 486",191.9815310,9.7494181,8.07426000,1.28900000,0.0171400000,1.46712127000,696.30,3317.00,0.324300,2021,"Radial Velocity"
"LHS 1478 b","LHS 1478",44.3388743,76.5514045,18.22760000,1.24200000,0.0184800000,1.94953780000,595.00,3381.00,0.246000,2021,"Transit"
"TOI-1231 b","TOI-1231",156.7472600,-52.4678724,27.62270000,3.65000000,0.1288000000,24.24558600000,329.60,3553.00,0.476000,2021,"Transit"
"TOI-674 b","TOI-674",164.5865592,-36.8581092,46.08510000,5.25000000,0.0250000000,1.97714300000,635.00,3514.00,0.420000,2021,"Transit"
"TOI-1685 b","TOI-1685",68.5939529,43.0370395,37.61530000,1.42100000,0.0116400000,0.66913923000,1000.00,3470.00,0.462000,2021,"Transit"
"TOI-1807 b","TOI-1807",201.2826259,38.9223671,42.57750000,1.49681583,0.0122000000,0.54937097000,1694.10,4914.00,0.746000,2021,"Transit"
"TOI-2076 b","TOI-2076",217.3920159,39.7903991,41.90910000,2.59000000,0.0878100000,10.35504000000,736.00,5187.00,0.758000,2021,"Transit"
"TOI-2076 c","TOI-2076",217.3920159,39.7903991,41.90910000,3.54000000,0.1407000000,21.01447000000,581.00,5187.00,0.758000,2021,"Transit"
"TOI-2076 d","TOI-2076",217.3920159,39.7903991,41.90910000,3.27000000,0.1982000000,35.12803000000,490.00,5187.00,0.758000,2021,"Transit"
"AU Mic c","AU Mic",311.2911369,-31.3424500,9.72210000,2.79000000,0.1190000000,18.85902300000,424.70,3540.00,0.862000,2021,"Transit"
"TOI-431 b","TOI-431",83.2692502,-26.7238698,32.56860000,1.28000000,0.0113000000,0.49004700000,1862.00,4850.00,0.731000,2021,"Transit"
"TOI-431 c","TOI-431",83.2692502,-26.7238698,32.56860000,1.49000000,0.0520000000,4.84940000000,867.00,4850.00,0.731000,2021,"Radial Velocity"
"TOI-431 d","TOI-431",83.2692502,-26.7238698,32.56860000,3.29000000,0.0980000000,12.46103000000,633.00,4850.00,0.731000,2021,"Transit"
"L 98-59 e","L 98-59",124.5328604,-68.3144658,10.61940000,1.49000000,0.0712000000,12.82780000000,347.00,3415.00,0.315500,2021,"Radial Velocity"
"HD 63935 b","HD 63935",117.9246417,9.3852412,48.97390000,2.91575244,0.0830000000,9.05880700000,825.22,5513.00,0.959800,2021,"Transit"
"HD 63935 c","HD 63935",117.9246417,9.3852412,48.97390000,3.06451296,0.1480000000,21.40270000000,619.59,5513.00,0.959800,2021,"Radial Velocity"
"GJ 367 b","GJ 367",146.1214640,-45.7790165,9.41263000,0.73600000,0.0071000000,0.32192260000,1329.00,3535.00,0.457000,2021,"Transit"
"TOI-2109 b","TOI-2109",253.1862971,16.5799153,262.04100000,15.09849700,0.0179100000,0.67247414000,3646.00,6540.00,1.698000,2021,"Transit"
"HATS-75 b","HATS-75",60.9493919,-25.4089214,194.96400000,9.90873894,0.0327420000,2.78865560000,772.30,3790.40,0.584800,2021,"Transit"
"LTT 1445 A c","LTT 1445 A",45.4624781,-16.5944956,6.86929000,1.14700000,0.0266100000,3.12390350000,508.00,3340.00,0.265000,2022,"Transit"
"TOI-500 b","TOI-500",106.5590980,-47.5878156,47.39240000,1.16600000,0.0118900000,0.54817700000,1617.00,4440.00,0.678000,2022,"Transit"
"TOI-1075 b","TOI-1075",309.9712091,-65.4496994,61.45920000,1.79100000,0.0115900000,0.60473280000,1323.00,3875.00,0.581000,2022,"Transit"
"TOI-1442 b","TOI-1442",287.2921006,74.1742762,41.16590000,1.17000000,0.0071000000,0.40906770000,1072.00,3330.00,0.310000,2022,"Transit"
"TOI-2260 b","TOI-2260",247.6669998,49.0467891,101.25100000,1.62000000,0.0097000000,0.35247280000,2609.00,5534.00,0.940000,2022,"Transit"
"TOI-2445 b","TOI-2445",43.3161555,0.0523366,48.58200000,1.25000000,0.0064000000,0.37112810000,1060.00,3333.00,0.270000,2022,"Transit"
"GJ 3929 b","GJ 3929",239.5775678,35.4081141,15.80950000,1.09000000,0.0252000000,2.61623500000,568.00,3384.00,0.320000,2022,"Transit"
"WASP-189 b","WASP-189",225.6867320,-3.0314874,99.73100000,18.14733975,0.0505300000,2.72403300000,3353.00,8000.00,2.360000,2020,"Transit"
"TOI-1670 b","TOI-1670",259.0172522,72.1611806,168.06700000,2.06000000,0.1030000000,10.98462000000,1062.00,6170.00,1.316000,2022,"Transit"
"TOI-1670 c","TOI-1670",259.0172522,72.1611806,168.06700000,11.06326395,0.2490000000,40.74976000000,684.00,6170.00,1.316000,2022,"Transit"
"TOI-500 c","TOI-500",106.5590980,-47.5878156,47.39240000,2.09000000,,6.63560000000,,4440.00,0.678000,2022,"Radial Velocity"
"TOI-500 d","TOI-500",106.5590980,-47.5878156,47.39240000,6.35000000,,26.23300000000,,4440.00,0.678000,2022,"Radial Velocity"
"TOI-500 e","TOI-500",106.5590980,-47.5878156,47.39240000,3.99000000,,61.30000000000,,4440.00,0.678000,2022,"Radial Velocity"
"HD 260655 b","HD 260655",99.2915429,17.5662696,10.00550000,1.24000000,0.0293300000,2.76953000000,709.00,3803.00,0.439000,2022,"Transit"
"HD 260655 c","HD 260655",99.2915429,17.5662696,10.00550000,1.53300000,0.0474900000,5.70588000000,557.00,3803.00,0.439000,2022,"Transit"
"TOI-3714 b","TOI-3714",69.5523415,39.4580035,112.71000000,11.32107051,0.0270000000,2.15484900000,750.00,3660.00,0.510000,2022,"Transit"
"GJ 3929 c","GJ 3929",239.5775678,35.4081141,15.80950000,2.26000000,0.0810000000,15.04000000000,317.00,3384.00,0.320000,2022,"Radial Velocity"
"GJ 3090 b","GJ 3090",20.4384281,-46.7147234,22.47510000,2.18000000,0.0316000000,2.85310198000,723.00,3707.00,0.516000,2022,"Transit"
"TOI-181 b","TOI-181",352.1725409,-34.4914099,96.23380000,6.95590000,0.0539000000,4.53200000000,895.10,4994.00,0.745000,2023,"Transit"
"TOI-199 b","TOI-199",80.1058735,-59.8954326,102.27000000,9.07927437,0.4254000000,104.85400000000,325.00,5255.00,0.820000,2023,"Transit"
"TOI-700 e","TOI-700",97.0957165,-65.5786149,31.12650000,0.95300000,0.1340000000,27.80978000000,272.90,3459.00,0.421000,2023,"Transit"
"TOI-771 b","TOI-771",164.1138903,-72.9851736,25.27880000,1.36000000,0.0208000000,2.32601550000,543.00,3370.00,0.232000,2024,"Transit"
"TOI-836.01","TOI-836",225.0798831,-24.4542022,27.50240000,2.58700000,0.0750000000,8.59545000000,665.00,4552.00,0.665000,2021,"Transit"
"TOI-836 b","TOI-836",225.0798831,-24.4542022,27.50240000,1.70400000,0.0422000000,3.81673000000,871.00,4552.00,0.665000,2023,"Transit"
"LHS 475 b","LHS 475",290.2379403,-82.5597883,12.48140000,0.99100000,0.0203700000,2.02908800000,586.00,3300.00,0.278900,2023,"Transit"
"TOI-1136 d","TOI-1136",192.1848981,64.8552755,84.53620000,4.62700000,0.1062000000,12.51990000000,843.00,5770.00,0.968000,2022,"Transit"
"TOI-1136 c","TOI-1136",192.1848981,64.8552755,84.53620000,2.87900000,0.0669000000,6.25740000000,1062.00,5770.00,0.968000,2022,"Transit"
"TOI-1136 f","TOI-1136",192.1848981,64.8552755,84.53620000,3.73591482,0.1740000000,26.32100000000,658.00,5770.00,0.968000,2022,"Transit"
"TOI-1136 e","TOI-1136",192.1848981,64.8552755,84.53620000,2.63900000,0.1400000000,18.80100000000,737.00,5770.00,0.968000,2022,"Transit"
"TOI-1173 b","TOI-1173",197.6830975,70.7680117,132.35300000,8.77663189,0.0710000000,7.06439710000,868.00,5350.00,0.934000,2024,"Transit"
"TOI-1416 b","TOI-1416",216.9234892,41.9529862,55.01350000,1.62000000,0.0190000000,1.06975680000,1517.00,4884.00,0.793000,2023,"Transit"
"TOI-1420 b","TOI-1420",322.9418092,66.3490054,201.91800000,11.89000000,0.0710000000,6.95610630000,957.00,5510.00,0.923000,2023,"Transit"
"TOI-1468 c","TOI-1468",16.6538724,19.2249195,24.73990000,2.12600000,0.0860800000,15.53247700000,338.10,3376.00,0.371400,2022,"Transit"
"TOI-1468 b","TOI-1468",16.6538724,19.2249195,24.73990000,1.40100000,0.0210700000,1.88052010000,683.50,3376.00,0.371400,2022,"Transit"
"HIP 9618 b","HIP 9618",30.9050061,21.2813274,67.54780000,3.82838127,0.1450000000,20.77285800000,640.88,5649.00,0.959300,2023,"Transit"
"HIP 9618 c","HIP 9618",30.9050061,21.2813274,67.54780000,3.42855926,0.2690000000,52.56363000000,470.31,5649.00,0.959300,2023,"Transit"
"TOI-1801 b","TOI-1801",175.5755995,23.0270335,30.67960000,2.07900000,0.0750000000,10.64387000000,493.70,3863.00,0.547000,2023,"Transit"
"TOI-1823 b","TOI-1823",196.2197201,63.7532610,71.64560000,7.54062410,0.2120000000,38.80000000000,423.63,4927.00,0.804900,2024,"Transit"
"TOI-2031 A b","TOI-2031 A",331.1178077,81.5659509,276.10500000,14.20177855,0.0660000000,5.71548654000,1358.00,6490.00,1.241000,2025,"Transit"
"TOI-2134 b","TOI-2134",271.9355015,39.0729269,22.62020000,2.73500000,0.0780300000,9.22919800000,660.00,4580.00,0.709000,2023,"Transit"
"TOI-2134 c","TOI-2134",271.9355015,39.0729269,22.62020000,7.35000000,0.3715000000,95.85284000000,302.00,4580.00,0.709000,2023,"Transit"
"TOI-2374 b","TOI-2374",319.4982407,-22.0498228,134.65500000,7.48759911,0.0481800000,4.31361930000,926.00,5002.00,0.711000,2024,"Transit"
"TOI-2431 b","TOI-2431",37.7652989,8.3816255,36.05590000,1.53400000,0.0063000000,0.22419578000,2063.00,4109.00,0.651000,2026,"Transit"
"TOI-3235 b","TOI-3235",207.4738488,-46.0665139,72.81100000,11.39953337,0.0270900000,2.59261842000,604.00,3388.80,0.369700,2023,"Transit"
"TOI-3757 b","TOI-3757",91.0036423,55.0199793,181.13900000,12.00000000,0.0384500000,3.43875300000,759.00,3913.00,0.620000,2022,"Transit"
"TOI-3884 b","TOI-3884",181.5718341,12.5070258,43.14480000,6.43000000,0.0361000000,4.54458280000,441.00,3180.00,0.302000,2022,"Transit"
"TOI-3984 A b","TOI-3984 A",226.3371468,36.7869747,108.88300000,7.90000000,0.0410000000,4.35332600000,563.00,3476.00,0.470000,2023,"Transit"
"TOI-4010 c","TOI-4010",20.2148196,66.0722009,177.50400000,5.93000000,0.0580000000,5.41465400000,907.00,4960.00,0.830000,2023,"Transit"
"TOI-4010 d","TOI-4010",20.2148196,66.0722009,177.50400000,6.18000000,0.1130000000,14.70886000000,650.00,4960.00,0.830000,2023,"Transit"
"TOI-4010 b","TOI-4010",20.2148196,66.0722009,177.50400000,3.02000000,0.0229000000,1.34833500000,1441.00,4960.00,0.830000,2023,"Transit"
"LP 890-9 b","LP 890-9",64.1309096,-28.3157909,32.42980000,1.32000000,0.0187500000,2.72990250000,396.00,2850.00,0.155600,2022,"Transit"
"TOI-4336 A b","TOI-4336 A",206.1070129,-40.3373505,22.54550000,2.13700000,0.0849000000,16.33635100000,309.40,3307.00,0.326000,2024,"Transit"
"HD 20329 b","HD 20329",49.1781240,15.6563542,63.67960000,1.72000000,0.0180000000,0.92611800000,2141.00,5596.00,1.130000,2022,"Transit"
"Kepler-167 e","Kepler-167",292.6585253,38.3455558,341.90800000,10.16000000,1.8830000000,1071.23205000000,134.40,4884.00,0.749000,2016,"Transit"
"TOI-5205 b","TOI-5205",313.7706819,24.3609770,86.44930000,11.60000000,0.0199000000,1.63075700000,737.00,3430.00,0.394000,2023,"Transit"
"Kepler-167 c","Kepler-167",292.6585253,38.3455558,341.90800000,1.67400000,0.0684000000,7.40610600000,771.00,4884.00,0.749000,2014,"Transit"
"TOI-5293 A b","TOI-5293 A",355.8286820,-2.0450945,162.22900000,11.90000000,0.0340000000,2.93028900000,675.00,3586.00,0.520000,2023,"Transit"
"KOI-94 d","KOI-94",297.3330716,41.8911186,477.05200000,11.27000000,0.1684000000,22.34298900000,806.00,6182.00,1.520000,2013,"Transit"
"LP 890-9 c","LP 890-9",64.1309096,-28.3157909,32.42980000,1.36700000,0.0398400000,8.45746300000,272.00,2850.00,0.155600,2022,"Transit"
"HD 3167 e","HD 3167",8.7401487,4.3807215,47.28990000,3.97000000,0.3797000000,91.90000000000,389.00,5338.00,0.871000,2022,"Radial Velocity"
"TOI-1136 b","TOI-1136",192.1848981,64.8552755,84.53620000,1.90000000,0.0510600000,4.17270000000,1216.00,5770.00,0.968000,2022,"Transit"
"TOI-1136 g","TOI-1136",192.1848981,64.8552755,84.53620000,2.53000000,0.2290000000,39.54500000000,574.00,5770.00,0.968000,2022,"Transit"
"TOI-1338 c","TOI-1338 A",92.1330955,-59.5409853,399.01700000,10.30000000,0.7940000000,215.79000000000,354.89,5723.20,1.313000,2023,"Radial Velocity"
"WASP-84 c","WASP-84",131.1069959,1.8598933,100.58800000,1.95000000,0.0235900000,1.44688490000,1329.00,5280.00,0.768000,2023,"Transit"
"TOI-6109 c","TOI-6109",50.1319206,42.6069564,151.73800000,4.83260000,0.0786000000,8.53887800000,786.00,5660.00,1.021000,2025,"Transit"
"TOI-6255 b","TOI-6255",331.5031606,39.2988284,20.31670000,1.07900000,,0.23818244000,1256.46,3421.00,0.370000,2024,"Transit"
"WASP-193 b","WASP-193",164.3491401,-29.9971229,362.08700000,14.78464554,0.0668000000,6.24634750000,1250.00,6080.00,1.213000,2023,"Transit"
"LP 791-18 d","LP 791-18",165.6904843,-16.4064445,26.49270000,1.03200000,0.0199200000,2.75485000000,395.50,2960.00,0.182000,2023,"Transit"
"TOI-6324 b","TOI-6324",330.8445430,67.4986773,20.54880000,1.05900000,,0.27922100000,1216.00,3247.00,0.293000,2025,"Transit"
"HD 207496 b","HD 207496",328.7181708,-77.3388025,23.60600000,2.25000000,0.0629000000,6.44100800000,743.00,4819.00,0.769000,2023,"Transit"
"TOI-4010 e","TOI-4010",20.2148196,66.0722009,177.50400000,13.30000000,1.5700000000,762.00000000000,174.00,4960.00,0.830000,2023,"Radial Velocity"
"GJ 367 c","GJ 367",146.1214640,-45.7790165,9.41263000,1.86000000,,11.53010000000,,3522.00,0.458000,2023,"Radial Velocity"
"GJ 367 d","GJ 367",146.1214640,-45.7790165,9.41263000,2.33000000,,34.36900000000,,3522.00,0.458000,2023,"Radial Velocity"
"TOI-6109 b","TOI-6109",50.1319206,42.6069564,151.73800000,4.87040000,0.0599000000,5.69047600000,700.00,5660.00,1.021000,2025,"Transit"
"TOI-199 c","TOI-199",80.1058735,-59.8954326,102.27000000,11.40000000,0.8070000000,273.69000000000,255.43,5255.00,0.820000,2023,"Transit Timing Variations"
"AU Mic e","AU Mic",311.2911369,-31.3424500,9.72210000,4.87000000,,33.11000000000,,3665.00,0.820000,2025,"Radial Velocity"
"AU Mic d","AU Mic",311.2911369,-31.3424500,9.72210000,1.02000000,,12.73596000000,,3678.00,0.744000,2023,"Transit Timing Variations"
"GJ 806 b","GJ 806",311.2697002,44.5002351,12.04450000,1.33100000,0.0140600000,0.92632370000,940.00,3600.00,0.414400,2023,"Transit"
"GJ 806 c","GJ 806",311.2697002,44.5002351,12.04450000,2.28000000,0.0523000000,6.64064000000,490.00,3600.00,0.414400,2023,"Radial Velocity"
"HD 110067 b","HD 110067",189.8392243,20.0273377,32.15850000,2.20000000,0.0793000000,9.11367800000,800.00,5266.00,0.788000,2023,"Transit"
"HD 110067 c","HD 110067",189.8392243,20.0273377,32.15850000,2.38800000,0.1039000000,13.67369400000,699.00,5266.00,0.788000,2023,"Transit"
"HD 110067 d","HD 110067",189.8392243,20.0273377,32.15850000,2.85200000,0.1362000000,20.51961700000,602.00,5266.00,0.788000,2023,"Transit"
"HD 110067 e","HD 110067",189.8392243,20.0273377,32.15850000,1.94000000,0.1785000000,30.79309100000,533.00,5266.00,0.788000,2023,"Transit"
"HD 110067 f","HD 110067",189.8392243,20.0273377,32.15850000,2.60100000,0.2163000000,41.05854000000,489.00,5266.00,0.788000,2023,"Transit"
"HD 110067 g","HD 110067",189.8392243,20.0273377,32.15850000,2.60700000,0.2621000000,54.76992000000,440.00,5266.00,0.788000,2023,"Transit"
"GJ 341 b","GJ 341",140.3993759,-60.2811692,10.45400000,0.88000000,,7.57686000000,629.00,3770.00,0.506600,2025,"Transit"
"TOI-6894 b","TOI-6894",173.4691418,12.4510906,73.81310000,9.58367850,0.0260400000,3.37077196000,417.90,3007.00,0.227600,2025,"Transit"
"IRAS 04125+2902 b","IRAS 04125+2902",63.9283394,29.1665420,159.24400000,10.73820351,0.0770000000,8.83497800000,854.00,4080.00,1.450000,2024,"Transit"
"HIP 67522 c","HIP 67522",207.5260010,-40.8358961,127.28000000,7.93595834,0.1228000000,14.33489200000,917.00,5675.00,1.380000,2024,"Transit"
"Kepler-51 e","Kepler-51",296.4797624,49.9376486,783.83100000,2.18000000,,264.28400000000,,5674.00,0.870000,2024,"Transit Timing Variations"
"BD+05 4868 A b","BD+05 4868 A",326.8614036,6.6053185,43.56870000,,0.0208000000,1.27186900000,1820.00,4596.00,0.690000,2025,"Transit"
"TOI-771 c","TOI-771",164.1138903,-72.9851736,25.27880000,1.50000000,0.0460000000,7.61000000000,365.00,3370.00,0.232000,2025,"Radial Velocity"
"TOI-2076 e","TOI-2076",217.3920159,39.7903991,41.90910000,1.30100000,0.0386300000,3.02237530000,1110.00,5187.00,0.758000,2025,"Transit"
"L 98-59 f","L 98-59",124.5328604,-68.3144658,10.61940000,1.48000000,0.1052000000,23.06400000000,285.00,3415.00,0.315500,2025,"Radial Velocity"
"HIP 41378 g","HIP 41378",126.6158279,10.0803708,106.28900000,2.50000000,,63.19000000000,605.00,6290.00,1.300000,2025,"Radial Velocity"
"55 Cnc B b","55 Cnc B",133.1679080,28.3152863,12.47730000,1.69000000,0.0440000000,6.79940000000,395.41,3286.00,0.274000,2025,"Radial Velocity"
"55 Cnc B c","55 Cnc B",133.1679080,28.3152863,12.47730000,2.16000000,0.1300000000,33.74700000000,230.04,3286.00,0.274000,2025,"Radial Velocity"
"GJ 3090 c","GJ 3090",20.4384281,-46.7147234,22.47510000,3.14000000,0.0997000000,15.94070000000,407.20,3707.00,0.516000,2026,"Radial Velocity"
"TOI-4336 A c","TOI-4336 A",206.1070129,-40.3373505,22.54550000,1.25100000,0.0509200000,7.58726600000,399.50,3307.00,0.326000,2026,"Transit"
"TOI-260 b","TOI-260",4.7730178,-9.9661505,20.18520000,1.71000000,0.0943000000,13.47585300000,493.00,4026.00,0.607000,2024,"Transit"
"HD 278555 b","HD 278555",50.3680468,32.9138110,289.82900000,11.02963701,0.1985000000,28.84243800000,853.00,6047.00,1.624000,2026,"Transit"
"Kepler-12 b","Kepler-12",286.2434458,50.0403671,881.38600000,19.66058600,0.0553000000,4.43796290000,1480.00,5947.00,1.483000,2011,"Transit"
"KOI-94 b","KOI-94",297.3330716,41.8911186,477.05200000,1.71000000,0.0511900000,3.74320800000,1486.00,6182.00,1.520000,2013,"Transit"
"Kepler-167 d","Kepler-167",292.6585253,38.3455558,341.90800000,1.23800000,0.1404000000,21.80379000000,538.00,4884.00,0.749000,2016,"Transit"
"Kepler-51 d","Kepler-51",296.4797624,49.9376486,783.83100000,9.70000000,0.5090000000,130.19400000000,381.00,6018.00,0.940000,2014,"Transit"
"Kepler-51 c","Kepler-51",296.4797624,49.9376486,783.83100000,9.00000000,0.3840000000,85.31200000000,439.00,6018.00,0.940000,2012,"Transit"
"Kepler-51 b","Kepler-51",296.4797624,49.9376486,783.83100000,7.10000000,0.2514000000,45.15400000000,543.00,6018.00,0.940000,2012,"Transit"
"Kepler-167 b","Kepler-167",292.6585253,38.3455558,341.90800000,1.71800000,0.0482500000,4.39315390000,918.00,4884.00,0.749000,2014,"Transit"
"KOI-94 c","KOI-94",297.3330716,41.8911186,477.05200000,4.32000000,0.1013000000,10.42364800000,1012.00,6182.00,1.520000,2013,"Transit"
"KOI-94 e","KOI-94",297.3330716,41.8911186,477.05200000,6.56000000,0.3046000000,54.32031000000,584.00,6182.00,1.520000,2013,"Transit"
"PH2 b","PH2",289.7636212,51.9626830,343.86300000,9.33708092,0.8330000000,282.52542000000,295.10,5734.00,0.949000,2013,"Transit"
"K2-33 b","K2-33",242.5613635,-19.3193831,139.26800000,5.04000000,0.0409000000,5.42486500000,850.00,3540.00,1.050000,2016,"Transit"
"HAT-P-11 b","HAT-P-11",297.7101763,48.0818635,37.76470000,4.36000000,0.0525800000,4.88800000000,838.00,4653.00,0.683000,2010,"Transit"
"K2-136 b","K2-136",67.4128615,22.8825674,59.24740000,1.01400000,0.0707000000,7.97525000000,610.00,4500.00,0.677000,2017,"Transit"
"HAT-P-52 b","HAT-P-52",42.7217412,29.0222492,361.15500000,11.30988100,0.0369400000,2.75359530000,1218.00,5131.00,0.893000,2015,"Transit"
"TOI-4747 b","TOI-4747",86.4276650,-45.0292291,304.61500000,3.95803201,,5.21924158592,1035.00,5595.08,0.988751,2026,"Transit"
"Kepler-891 b","Kepler-891",291.0837644,40.3552252,2340.58000000,6.41000000,0.2881000000,53.44945593000,486.00,5887.00,1.070000,2016,"Transit"
"Kepler-1159 b","Kepler-1159",294.2663250,45.2042317,1213.71000000,2.37000000,0.1603000000,22.70816791000,677.00,6217.00,1.280000,2016,"Transit"
"HATS-18 b","HATS-18",173.9574203,-29.1560639,624.36800000,14.89676100,0.0174000000,0.83784000000,2069.48,5600.00,1.020000,2016,"Transit"
"GJ 676 A e","GJ 676 A",262.5448903,-51.6377777,16.02720000,2.47000000,0.1810000000,35.47358000000,351.55,3734.00,0.690000,2012,"Radial Velocity"
"Kepler-48 c","Kepler-48",299.1393094,40.9489390,306.73800000,2.71000000,0.0863300000,9.67395000000,736.00,5194.00,0.890000,2012,"Transit"
"Kepler-889 b","Kepler-889",291.4674540,50.7595597,598.31300000,1.09000000,0.0497500000,3.74443900000,1328.00,5961.00,1.250000,2016,"Transit"
"HR 2562 b","HR 2562",102.5042716,-60.2486775,34.00710000,12.44199000,22.2000000000,,1255.00,6597.00,1.334000,2016,"Imaging"
"Kepler-1804 b","Kepler-1804",301.3428675,44.6721750,434.45600000,1.59615726,0.1017000000,12.28849983000,913.00,5109.00,1.671000,2021,"Transit"
"Kepler-1188 b","Kepler-1188",283.1038438,43.1480487,1717.48000000,2.08000000,0.1350000000,17.13695430000,775.00,5913.00,1.060000,2016,"Transit"
"HD 21411 b","HD 21411",51.5474155,-30.6168403,29.13280000,9.52000000,0.3620000000,84.28800000000,408.17,5605.00,0.825605,2019,"Radial Velocity"
"Kepler-1281 b","Kepler-1281",295.3543571,48.5153932,1090.00000000,1.64000000,0.0415000000,3.11602791000,1123.00,5353.00,0.830000,2016,"Transit"
"Kepler-128 b","Kepler-128",282.4922622,43.9802442,396.37900000,1.42100000,0.1254500000,15.00000000000,968.00,6072.00,1.659000,2013,"Transit"
"Kepler-1693 b","Kepler-1693",290.2015581,48.1857799,760.06500000,1.28938413,0.1011000000,12.09990000000,807.00,5432.34,0.878295,2020,"Transit"
"Kepler-104 b","Kepler-104",287.6046621,42.1665104,400.78500000,3.10000000,0.0940000000,11.42754800000,852.00,5711.00,1.349000,2014,"Transit"
"Kepler-1849 b","Kepler-1849",285.2919300,41.2557275,631.88400000,2.38685349,0.2597000000,57.29290009000,355.00,4806.00,0.729000,2021,"Transit"
"Kepler-1036 b","Kepler-1036",295.1817093,49.9458172,489.43500000,3.01000000,0.4772600000,122.88080580000,326.00,5533.00,0.890000,2016,"Transit"
"Kepler-419 c","Kepler-419",295.4179125,51.1847629,1011.36000000,12.60000000,1.6800000000,675.47000000000,315.55,6430.00,1.740000,2014,"Transit Timing Variations"
"2MASS J22362452+4751425 b","2MASS J22362452+4751425",339.1025931,47.8616830,69.57370000,12.30000000,230.0000000000,,10.30,4045.00,0.641152,2016,"Imaging"
"Kepler-1191 b","Kepler-1191",291.6577923,48.0092619,955.53600000,1.51000000,0.0587000000,5.60014851000,952.00,5308.00,0.810000,2016,"Transit"
"Kepler-511 c","Kepler-511",282.9455384,47.5749181,651.99900000,4.20964327,0.1717700000,26.62949944000,742.00,5866.00,1.417000,2021,"Transit"
"XO-5 b","XO-5",116.7163868,39.0944695,276.21100000,12.78000000,0.0515000000,4.18775580000,1230.00,5430.00,1.130000,2008,"Transit"
"Kepler-1825 b","Kepler-1825",292.5140647,42.6517554,430.25400000,1.42200732,0.0187000000,1.02586996600,1520.00,5123.00,0.847000,2021,"Transit"
"Kepler-1074 b","Kepler-1074",284.4766869,46.2526781,250.81700000,1.25000000,0.0536000000,5.94566534000,568.00,4002.00,0.570000,2016,"Transit"
"pi Men c","HD 39091",84.2992798,-80.4646041,18.27020000,2.01890000,0.0683900000,6.26783990000,1169.80,5998.00,1.170000,2018,"Transit"
"TIC 183374187 b","TIC 183374187",357.6160382,-41.4124228,1208.75000000,14.03364384,,5.05907000000,1379.00,5768.00,1.344000,2026,"Transit"
"GJ 1061 d","GJ 1061",54.0032486,-44.5143104,3.67278000,1.16000000,0.0540000000,13.06600000000,242.03,2953.00,0.156000,2020,"Radial Velocity"
"Kepler-1987 d","Kepler-1987",295.8254663,42.9433716,595.68300000,2.66000000,0.0571000000,5.64491415400,744.00,4769.00,0.714000,2023,"Transit"
"Kepler-245 b","Kepler-245",291.6389972,42.4363482,861.52700000,2.57000000,0.0710000000,7.49019000000,753.00,5100.00,0.795000,2014,"Transit"
"Kepler-131 c","Kepler-131",288.5308924,40.9423730,228.67800000,0.84000000,0.1739100000,25.51690000000,615.00,5685.00,1.030000,2014,"Transit"
"Kepler-144 c","Kepler-144",281.9156128,42.7755535,384.91700000,1.35000000,0.0940000000,10.10466500000,1046.00,6075.00,1.235000,2014,"Transit"
"HD 93385 c","HD 93385",161.5627065,-41.4646040,43.34750000,2.56000000,0.1120000000,13.18000000000,937.43,5977.00,1.184840,2021,"Radial Velocity"
"Kepler-431 c","Kepler-431",281.1123072,43.2277663,486.54600000,0.66800000,0.0847000000,8.70300000000,951.00,6004.00,1.092000,2015,"Transit"
"HD 106270 b","HD 106270",183.4049258,-9.5135645,93.80800000,12.40000000,3.3400000000,1888.00000000000,237.07,5509.00,2.660000,2011,"Radial Velocity"
"TOI-5720 b","TOI-5720",170.3135774,25.2732942,35.82560000,1.09000000,0.0182880000,1.43445550000,708.00,3325.00,0.383000,2024,"Transit"
"Kepler-203 d","Kepler-203",297.0899590,41.3880686,703.30200000,1.44000000,0.1000000000,11.32972000000,855.00,5821.00,1.114000,2014,"Transit"
"Kepler-230 c","Kepler-230",285.7185682,48.5058038,740.75400000,2.04000000,0.3800000000,91.77324200000,359.00,5588.00,0.817000,2014,"Transit"
"Kepler-1091 b","Kepler-1091",299.7854426,43.6707235,914.29900000,1.46000000,0.0252000000,1.43474156400,1664.00,5851.00,1.030000,2016,"Transit"
"Kepler-1129 b","Kepler-1129",291.6044965,41.3093275,1183.88000000,2.96000000,0.1648100000,24.33978040000,737.00,5831.00,1.000000,2016,"Transit"
"Kepler-472 b","Kepler-472",296.5245187,39.2498503,306.60200000,3.22000000,0.0482300000,4.17625551400,876.00,4996.00,0.780000,2016,"Transit"
"Kepler-1275 b","Kepler-1275",293.5004955,44.9324455,1153.98000000,1.48000000,0.0488000000,3.65691115000,1368.00,6296.00,1.360000,2016,"Transit"
"Kepler-1690 b","Kepler-1690",288.1566649,41.8779417,703.78900000,2.81109223,0.7097000000,234.63600000000,267.00,5404.00,0.862346,2020,"Transit"
"HD 75898 c","HD 75898",133.4611999,33.0566885,78.05050000,12.60000000,7.3900000000,6717.00000000000,135.20,6122.00,1.550000,2024,"Radial Velocity"
"K2-386 b","K2-386",18.2999964,7.0130302,428.78500000,2.32000000,,7.47322300000,,5749.00,0.970000,2022,"Transit"
"TOI-7510 c","TOI-7510",273.7281880,-54.4340547,249.00600000,10.81000000,0.1595000000,22.56874230000,702.00,5720.00,1.035000,2025,"Transit"
"Kepler-718 b","Kepler-718",299.5618676,43.5035173,1302.33000000,16.56000000,0.0322000000,2.05234990500,1497.00,6191.00,1.300000,2016,"Transit"
"Kepler-1342 b","Kepler-1342",297.0200549,43.4325382,890.72400000,1.66000000,0.0313000000,2.21571035800,1283.00,5527.00,0.900000,2016,"Transit"
"WASP-174 b","WASP-174",195.7940145,-41.3848617,410.14900000,16.10730527,0.0550300000,4.23370050000,1528.00,6399.00,1.347000,2018,"Transit"
"Kepler-1713 b","Kepler-1713",287.3456737,43.3783894,295.29300000,1.71673535,0.1418500000,18.01160049000,900.00,6477.00,1.459000,2021,"Transit"
"Kepler-1121 b","Kepler-1121",297.7865467,47.8861542,482.04700000,1.91000000,0.1181800000,13.15141081000,1008.00,6231.00,1.590000,2016,"Transit"
"Kepler-197 c","Kepler-197",295.2264739,50.5592348,330.57500000,1.23000000,0.0900000000,10.34969500000,930.00,6004.00,1.120000,2014,"Transit"
"TOI-1294 b","TOI-1294",223.0926408,70.4765573,332.64800000,10.12369881,0.0510000000,3.91529200000,1392.74,5718.00,1.556600,2024,"Transit"
"Kepler-1195 b","Kepler-1195",284.3510523,40.8529319,918.56600000,2.08000000,0.0726000000,8.49642241000,702.00,4965.00,0.710000,2016,"Transit"
"GJ 328 b","GJ 328",133.7819507,1.5420011,20.52660000,13.30000000,4.1100000000,3771.00000000000,73.57,3897.00,0.630000,2013,"Radial Velocity"
"EPIC 212737443 c","EPIC 212737443",204.2215065,-7.3180577,336.25000000,2.69000000,0.2800000000,65.55000000000,316.00,4684.00,0.673000,2019,"Transit"
"Kepler-1783 b","Kepler-1783",297.0210984,41.3771655,264.07800000,1.31946731,0.0759500000,8.27744007100,1088.00,5129.00,1.781000,2021,"Transit"
"HD 50499 c","HD 50499",103.0080750,-33.9152670,46.28450000,13.20000000,9.0200000000,8619.90000000000,116.69,6099.00,1.420000,2019,"Radial Velocity"
"Kepler-874 b","Kepler-874",294.9568477,43.0142991,1082.16000000,3.94000000,0.2234000000,40.06867270000,560.00,6020.00,1.130000,2016,"Transit"
"Kepler-235 b","Kepler-235",286.0790779,39.2782370,428.01800000,2.23000000,0.0370000000,3.34022200000,731.00,4255.00,0.554000,2014,"Transit"
"HD 98219 b","HD 98219",169.4475218,-23.9754880,113.70400000,13.40000000,1.2600000000,433.80000000000,453.77,4925.00,4.600000,2011,"Radial Velocity"
"Kepler-625 b","Kepler-625",292.1504723,39.6375254,760.70800000,1.99000000,0.0813700000,7.75192492000,852.00,5789.00,0.960000,2016,"Transit"
"Kepler-1178 b","Kepler-1178",288.4561183,45.8022258,482.28700000,1.07000000,0.1596000000,31.80634000000,378.00,4990.00,0.750000,2016,"Transit"
"K2-407 b","K2-407",232.5552584,-23.0067371,218.37600000,1.28300000,,4.94190700000,,5563.00,0.927000,2022,"Transit"
"KOI-351 b","KOI-351",284.4334642,49.3051239,848.25400000,1.31000000,0.0740000000,7.00815100000,1062.00,6080.00,1.200000,2013,"Transit"
"WASP-151 b","WASP-151",349.0634651,0.3066895,453.09900000,13.30506009,0.0550000000,4.53347750000,1312.00,5871.00,1.181000,2017,"Transit"
"K2-289 b","K2-289",246.6429443,-15.7925384,274.30000000,9.10000000,0.1070000000,13.15696900000,753.00,5529.00,1.025000,2019,"Transit"
"GJ 1002 b","GJ 1002",1.6764641,-7.5462123,4.84867000,1.03000000,0.0457000000,10.34650000000,230.90,3024.00,0.137000,2022,"Radial Velocity"
"Kepler-1143 c","Kepler-1143",287.3027720,39.2896399,555.18900000,3.60000000,0.6477000000,210.63059100000,234.00,5053.00,0.770000,2016,"Transit"
"TOI-2587 A b","TOI-2587 A",115.9317105,-1.0733330,373.67500000,12.07207221,0.0635000000,5.45664000000,1445.00,5760.00,1.726000,2023,"Transit"
"Kepler-1154 b","Kepler-1154",297.4771158,39.8772345,1460.10000000,2.34000000,0.0631000000,5.18561420000,1314.00,6327.00,1.430000,2016,"Transit"
"Kepler-60 b","Kepler-60",288.9612535,42.2650472,1025.10000000,1.71000000,0.0725500000,7.13340000000,1102.00,5905.00,1.257000,2012,"Transit"
"Kepler-85 c","Kepler-85",290.9734395,45.2902761,765.02500000,1.97800000,0.1036300000,12.51000000000,706.00,5505.20,0.875000,2012,"Transit"
"TOI-2081 b","TOI-2081",264.3022634,53.0255666,62.34460000,2.04000000,0.0752000000,10.50534000000,488.00,3800.00,0.534000,2022,"Transit"
"Kepler-1780 b","Kepler-1780",294.0839282,42.8095104,790.51600000,3.60600667,0.4276000000,109.44499970000,340.00,5403.00,0.868000,2021,"Transit"
"Kepler-1818 b","Kepler-1818",284.3284866,40.5688741,1034.59000000,1.71360684,0.0550000000,4.64490985900,1209.00,6047.00,1.129000,2021,"Transit"
"TOI-871 b","TOI-871",74.7376264,-50.6274153,68.04730000,1.66400000,0.1054000000,14.36256500000,621.00,4929.00,0.719000,2024,"Transit"
"GJ 251 c","GJ 251",103.7002499,33.2664632,5.58057000,1.80000000,0.1960000000,53.64700000000,216.00,3342.00,0.360000,2025,"Radial Velocity"
"Kepler-1518 c","Kepler-1518",300.3323404,44.9861065,903.51000000,2.90000000,0.0905000000,9.63102580000,1094.00,6432.00,1.345000,2023,"Transit"
"Kepler-1718 b","Kepler-1718",292.2349191,42.9094618,375.52200000,2.56852070,0.4841800000,135.18800350000,345.00,5731.00,0.906000,2021,"Transit"
"TOI-4914 b","TOI-4914",204.5426717,-28.1429206,299.89000000,12.87000000,0.0980000000,10.60057000000,894.00,5805.00,1.000000,2024,"Transit"
"USco1556 b","USco1556 A",239.1037198,-25.6890476,140.63500000,12.30000000,3500.0000000000,,2240.00,3410.00,0.668108,2019,"Imaging"
"Kepler-109 c","Kepler-109",290.3926795,40.2849074,474.86100000,2.65000000,0.1546000000,21.22265000000,859.00,5950.00,1.387000,2014,"Transit"
"Kepler-101 c","Kepler-101",283.2555070,48.3552474,927.98100000,1.25000000,0.0684000000,6.02976000000,1413.00,5667.00,1.560000,2014,"Transit"
"Kepler-1200 b","Kepler-1200",296.6034317,44.1292537,588.71500000,1.06000000,0.0188000000,1.11854971700,1174.00,4612.00,0.700000,2016,"Transit"
"NY Vir b","NY Vir",204.7005847,-2.0303873,544.02400000,13.30000000,3.3000000000,3160.00000000000,338.12,32780.00,0.151000,2011,"Eclipse Timing Variations"
"TOI-4137 b","TOI-4137",77.6128790,70.3910790,334.99300000,13.57407563,0.0522200000,3.80161220000,1570.00,6202.00,1.438000,2022,"Transit"
"Kepler-1630 b","Kepler-1630",297.5083004,43.7110543,331.21300000,2.19000000,1.1218000000,509.99740200000,182.00,4736.00,0.630000,2016,"Transit"
"Kepler-475 b","Kepler-475",287.0516940,40.2114232,280.06900000,2.49000000,0.0398900000,3.10550818900,980.00,5009.00,0.790000,2016,"Transit"
"Kepler-1978 b","Kepler-1978",286.0067312,38.0095407,865.51200000,2.67000000,0.0914000000,10.84969477000,676.00,5251.00,0.778000,2023,"Transit"
"Kepler-1836 b","Kepler-1836",292.3150933,40.8387799,1472.62000000,2.55303229,0.0602000000,5.25416994100,1093.00,6123.00,0.987000,2021,"Transit"
"Kepler-887 c","Kepler-887",290.0907893,39.8169085,886.58800000,1.13000000,0.0801000000,7.63846023000,1089.00,6194.00,1.290000,2016,"Transit"
"Kepler-350 c","Kepler-350",285.4195845,39.7061009,956.85900000,3.10000000,0.1385000000,17.84900000000,888.00,6492.30,1.250000,2013,"Transit"
"Kepler-816 b","Kepler-816",293.3628165,39.2124394,983.69700000,10.24000000,0.0895000000,10.50682564600,668.00,5286.00,0.850000,2016,"Transit"
"HD 51608 b","HD 51608",103.7137102,-55.2600189,35.05530000,3.62000000,0.1059000000,14.07260000000,759.92,5358.00,0.916136,2019,"Radial Velocity"
"HD 125390 b","HD 125390",214.5387463,38.9669132,153.64700000,11.90000000,3.4960000000,1757.39151000000,320.26,4882.00,6.470000,2019,"Radial Velocity"
"Kepler-1947 b","Kepler-1947",296.1040313,42.3425818,468.77100000,1.01016660,0.0737500000,6.96363019900,1298.00,6040.00,1.686000,2021,"Transit"
"Kepler-81 d","Kepler-81",293.6369437,42.8248275,348.29100000,1.21000000,0.1280000000,20.83784600000,418.00,4500.00,0.595000,2014,"Transit"
"Kepler-1827 b","Kepler-1827",292.2525301,40.7927895,686.46100000,1.85644292,0.0464700000,3.70061993600,1329.00,5423.00,1.404000,2021,"Transit"
"TOI-1768.01","TOI-1768",152.1027826,55.5399599,157.59700000,3.45300000,0.0763810000,7.33770364900,1566.00,5994.00,1.100000,2024,"Transit"
"HIP 10090 c","HIP 10090",32.4351198,-30.7470844,82.39370000,13.90000000,0.9000000000,321.82000000000,338.35,5661.00,1.382680,2026,"Radial Velocity"
"Kepler-855 b","Kepler-855",295.0949565,43.5375650,1506.58000000,8.35000000,0.0762000000,7.88663110400,996.00,5835.00,1.030000,2016,"Transit"
"TOI-205 b","TOI-205",7.9754636,-56.9650808,177.75900000,2.50121142,,4.25300773815,1799.55,6302.74,1.453820,2026,"Transit"
"Kepler-1886 b","Kepler-1886",296.2645118,39.4059745,1059.51000000,2.58158428,0.1600000000,24.27580070000,580.00,5745.00,0.837000,2021,"Transit"
"Kepler-279 c","Kepler-279",287.3912950,42.1948220,1037.40000000,4.30000000,0.2236000000,35.73600000000,774.00,6689.45,1.070000,2013,"Transit"
"K2-401 b","K2-401",154.9876040,3.9548275,200.72700000,2.26200000,,6.29309900000,,4213.00,0.675000,2022,"Transit"
"TOI-3807 b","TOI-3807",139.1125648,69.0741284,421.74500000,18.49481816,0.0421000000,2.89897270000,1646.00,5772.00,1.468000,2023,"Transit"
"Kepler-931 b","Kepler-931",297.1326937,42.7682885,490.00000000,1.33000000,0.0719000000,8.03755877000,744.00,5241.00,0.810000,2016,"Transit"
"TOI-286 b","TOI-286",90.9842762,-60.6663348,59.22930000,1.42000000,0.0503000000,4.51172440000,979.00,5152.00,0.780000,2024,"Transit"
"Kepler-106 e","Kepler-106",300.8640060,44.3375497,444.32200000,2.56000000,0.2400600000,43.84450000000,531.00,5858.00,1.040000,2014,"Transit"
"GSC 06214-00210 b","GSC 06214-00210",245.4776921,-20.7193398,108.50000000,20.17620000,320.0000000000,,2300.00,4200.00,0.904840,2010,"Imaging"
"HD 89839 b","HD 89839",155.1688790,-53.6640291,57.30630000,12.80000000,4.7130000000,3391.20000000000,159.03,6314.00,1.285880,2023,"Radial Velocity"
"Kepler-520 b","Kepler-520",293.1802903,41.6177408,623.90100000,1.66000000,0.1462800000,19.67416124000,711.00,6112.00,1.090000,2016,"Transit"
"Kepler-19 b","Kepler-19",290.4209694,37.8516556,218.56200000,2.20900000,0.0846000000,9.28699000000,851.00,5541.00,0.859000,2011,"Transit"
"Kepler-1102 b","Kepler-1102",281.3225917,48.0664955,1246.05000000,2.66000000,0.2731000000,51.32856230000,546.00,5724.00,0.940000,2016,"Transit"
"Kepler-371 c","Kepler-371",292.3264835,38.6575441,813.19200000,1.78000000,0.3130000000,67.96801500000,443.00,5666.00,0.992000,2014,"Transit"
"K2-338 b","K2-338",124.3609294,17.0241557,156.95100000,1.03000000,,3.85061400000,783.00,4558.00,0.630000,2021,"Transit"
"KELT-16 b","KELT-16",314.2685227,31.6610186,444.58600000,15.86073500,0.0204400000,0.96899510000,2453.00,6236.00,1.360000,2017,"Transit"
"Kepler-1681 b","Kepler-1681",296.6972773,46.3716969,758.30000000,2.55321772,0.3200000000,69.89560000000,442.00,5756.40,0.759000,2020,"Transit"
"TOI-544 c","TOI-544",82.2900716,-0.3428983,41.11660000,4.92000000,,50.08900000000,,4169.00,0.623000,2023,"Radial Velocity"
"Kepler-251 d","Kepler-251",296.5662171,44.1058077,924.62500000,2.77000000,0.1820000000,30.13300100000,536.00,5526.00,0.890000,2014,"Transit"
"HD 180902 b","HD 180902",289.8239604,-23.5582432,104.57700000,13.50000000,1.4000000000,510.90000000000,412.37,4961.00,4.160000,2009,"Radial Velocity"
"TOI-5624 e","TOI-5624",180.8443476,49.2512257,101.91300000,3.24700000,0.1439000000,21.48993600000,613.80,5327.00,0.820000,2026,"Transit"
"KOINTREAU-1 b","XEST 17-036",68.3592880,22.7580560,158.61800000,12.40000000,690.0000000000,,,3551.00,,2026,"Imaging"
"K2-414 c","K2-414",351.6361913,-4.6066569,260.03600000,1.92870000,0.0552000000,6.66900000000,762.62,4343.00,0.732000,2022,"Transit"
"Kepler-1154 c","Kepler-1154",297.4771158,39.8772345,1460.10000000,2.36000000,0.0875000000,8.45808312000,1117.00,6327.00,1.430000,2016,"Transit"
"Kepler-863 b","Kepler-863",297.6644677,43.2489903,1499.66000000,2.90000000,0.1220000000,15.59461874000,718.00,5678.00,0.950000,2016,"Transit"
"Kepler-278 c","Kepler-278",290.1072124,38.7022694,443.03000000,3.26800000,0.2870000000,51.11100000000,492.00,4965.00,2.861000,2014,"Transit"
"GJ 180 d","GJ 180",73.4600970,-17.7761940,11.94070000,2.66000000,0.3090000000,106.30000000000,187.94,3371.00,0.413049,2020,"Radial Velocity"
"K2-86 b","K2-86",51.5531053,18.6355718,258.69900000,1.96000000,0.0770000000,8.77683000000,830.49,5482.00,0.760000,2016,"Transit"
"HD 196050 b","HD 196050",309.4637796,-60.6347649,50.67420000,12.90000000,2.6500000000,1392.00000000000,207.52,5879.00,1.420000,2002,"Radial Velocity"
"Kepler-564 b","Kepler-564",296.8383661,46.6263912,863.03700000,4.63000000,0.0484000000,3.75083228500,1129.00,5626.00,0.920000,2016,"Transit"
"Kepler-878 b","Kepler-878",285.2962562,46.6034497,791.62500000,1.93000000,0.1650000000,25.94220330000,501.00,5044.00,0.770000,2016,"Transit"
"HD 120084 b","HD 120084",205.6619890,78.0646376,103.04400000,12.70000000,4.2100000000,2142.00000000000,369.24,4879.00,10.370000,2013,"Radial Velocity"
"TOI-2384 b","TOI-2384",36.1561463,-65.0001957,191.51000000,11.48920522,0.0279300000,2.13570304000,889.70,3943.00,0.611300,2024,"Transit"
"Kepler-82 d","Kepler-82",292.8733696,42.9661583,904.32600000,1.77000000,0.0340000000,2.38296100000,1253.00,5428.00,0.945000,2014,"Transit"
"Kepler-338 b","Kepler-338",282.9790593,40.7844188,552.79800000,2.44000000,0.1170000000,13.72697600000,1005.00,5923.00,1.735000,2014,"Transit"
"KOI-884 e","Kepler-247",288.6425609,43.0393769,663.71100000,9.54000000,,31.10165900000,,5060.00,0.788000,2014,"Transit Timing Variations"
"K2-87 b","K2-87",66.2363638,18.8273617,491.24200000,7.60000000,0.0940000000,9.72661800000,979.00,5747.00,1.401000,2016,"Transit"
"Kepler-983 b","Kepler-983",285.1042243,45.0080745,714.43700000,2.36000000,0.3148000000,60.08550820000,485.00,6052.00,1.080000,2016,"Transit"
"Kepler-1948 b","Kepler-1948",287.3640804,47.7853043,193.90300000,1.03283226,0.1022000000,15.57129955000,399.00,3872.00,0.557000,2021,"Transit"
"Kepler-444 c","Kepler-444",289.7528323,41.6318840,36.43960000,0.49700000,0.0488100000,4.54588410000,868.00,5046.00,0.752000,2015,"Transit"
"Kepler-1173 b","Kepler-1173",293.1311803,45.6634153,377.06000000,0.89000000,0.0156000000,0.76985360000,1650.00,5252.00,0.820000,2016,"Transit"
"HD 219077 b","HD 219077",348.5319387,-62.7018297,29.18640000,12.50000000,5.9350000000,5478.68861000000,146.68,5362.00,1.910000,2012,"Radial Velocity"
"Kepler-458 c","KIC 9663113",297.0454037,46.3286653,1594.74000000,4.20000000,0.1701200000,20.74028413000,798.00,6117.21,2.215620,2016,"Transit"
"Kepler-1608 b","Kepler-1608",295.5635550,39.4175700,832.00000000,1.73000000,0.1126000000,16.47356860000,612.00,4992.00,0.720000,2016,"Transit"
"TOI-2093 b","TOI-2093",302.7375229,70.8696532,82.79820000,3.25000000,0.0970000000,12.83600000000,535.00,4426.00,0.729000,2025,"Radial Velocity"
"EPIC 212499991 b","EPIC 212499991",202.4887520,-12.7347749,283.29000000,1.60000000,,34.88500000000,,4982.79,0.757541,2019,"Transit"
"Kepler-759 b","Kepler-759",290.1314231,41.3814345,1073.48000000,2.27000000,0.2329000000,41.80598500000,533.00,5860.00,1.040000,2016,"Transit"
"Kepler-563 b","Kepler-563",292.4461832,46.2897548,565.20700000,3.09000000,0.1418000000,22.18432708000,546.00,5066.00,0.770000,2016,"Transit"
"Kepler-296 f","Kepler-296",286.5400278,49.4372614,167.00000000,1.80000000,0.2550000000,63.33627000000,274.00,3740.00,0.480000,2014,"Transit"
"Kepler-534 b","Kepler-534",296.4185696,49.5401480,570.65900000,2.24000000,0.1272000000,15.95994513000,721.00,5884.00,0.980000,2016,"Transit"
"TOI-512 b","TOI-512",96.6467023,-38.6072095,67.39750000,1.54000000,,7.18886000000,1009.00,5277.00,0.890000,2025,"Transit"
"HD 75784 b","HD 75784",133.0992289,13.2330548,85.43210000,13.80000000,1.0320000000,341.20000000000,425.98,4867.00,3.400000,2014,"Radial Velocity"
"Kepler-172 c","Kepler-172",283.3684093,41.8218390,828.59200000,2.86000000,0.0680000000,6.38899600000,970.00,5526.00,1.085000,2014,"Transit"
"Kepler-1340 b","Kepler-1340",296.2328099,42.4727965,981.77900000,1.55000000,0.0152300000,0.66502691600,2174.00,6331.00,1.420000,2016,"Transit"
"Kepler-1115 b","Kepler-1115",294.9917723,40.1443964,983.24500000,1.70000000,0.2134000000,23.55407250000,1381.00,8480.00,1.730000,2016,"Transit"
"KIC 5437945 b","KIC 5437945",288.4749028,40.6512848,1274.01000000,6.40000000,1.1967100000,440.78130000000,308.00,6340.00,1.240000,2015,"Transit"
"Kepler-1859 c","Kepler-1859",293.9886751,46.7179996,1331.25000000,1.66000000,0.0473000000,3.59645081000,1327.00,5887.00,1.235000,2023,"Transit"
"Kepler-1201 b","Kepler-1201",294.6147908,40.8331158,944.24100000,2.29000000,0.1183000000,15.18725932000,789.00,6177.00,1.240000,2016,"Transit"
"Kepler-232 c","Kepler-232",295.8161668,51.1217249,1349.13000000,3.83000000,0.1010000000,11.37934900000,806.00,5847.00,0.968000,2014,"Transit"
"tau Cet g","tau Cet",26.0093029,-15.9337987,3.60304000,1.18000000,0.1330000000,20.00000000000,639.65,5310.00,0.830000,2017,"Radial Velocity"
"Kepler-151 b","Kepler-151",292.1627933,41.0231947,649.91900000,3.06000000,0.1160000000,15.22895800000,639.00,5460.00,0.830000,2014,"Transit"
"TOI-201 b","TOI-201",87.4017825,-54.9104230,113.82500000,11.40000000,0.3030000000,52.97860000000,759.00,6423.00,1.310000,2021,"Transit"
"Kepler-207 d","Kepler-207",290.0305195,42.1660555,875.51900000,3.31000000,0.0680000000,5.86807500000,1254.00,5920.00,1.588000,2014,"Transit"
"GJ 887 e","GJ 887",346.5027573,-35.8473489,3.28679000,1.12000000,0.0417000000,4.42490000000,544.00,3688.00,0.468000,2026,"Radial Velocity"
"WASP-108 b","WASP-108",195.8281644,-49.6397727,258.77700000,15.13212395,,2.67555212374,1589.00,6783.00,1.344150,2020,"Transit"
"Kepler-1521 b","Kepler-1521",292.6903779,37.8350549,206.98300000,2.50000000,0.2347600000,47.14840805000,391.00,5042.00,0.760000,2016,"Transit"
"Kepler-238 c","Kepler-238",287.8971066,40.6378141,1798.75000000,2.39000000,0.0690000000,6.15555700000,1146.00,5751.00,1.430000,2014,"Transit"
"GJ 676 A d","GJ 676 A",262.5448903,-51.6377777,16.02720000,1.78000000,0.0390000000,3.60076000000,757.36,3734.00,0.690000,2012,"Radial Velocity"
"Kepler-620 b","Kepler-620",291.1593939,51.3348228,1355.28000000,3.32000000,0.1053000000,12.91375431000,849.00,6155.00,1.220000,2016,"Transit"
"TOI-2989 b","TOI-2989",171.2316754,-27.0623619,195.79500000,12.55405838,0.0384000000,3.12283200000,1001.00,4672.00,0.760000,2025,"Transit"
"Kepler-349 c","Kepler-349",293.6764689,44.6155972,940.72400000,1.96000000,0.1050000000,12.24762900000,763.00,5956.00,0.927000,2014,"Transit"
"Kepler-1231 b","Kepler-1231",288.5882888,42.6056644,987.23700000,1.42000000,0.0914000000,10.41725184000,870.00,5778.00,1.000000,2016,"Transit"
"Kepler-274 b","Kepler-274",292.9227926,38.4772173,1333.62000000,1.54000000,0.1010000000,11.63478800000,961.00,6023.00,1.007000,2014,"Transit"
"Kepler-832 b","Kepler-832",295.9261101,45.3838690,1688.12000000,2.06000000,0.0750000000,7.13969410000,965.00,5596.00,0.900000,2016,"Transit"
"Kepler-1889 b","Kepler-1889",297.1992577,41.2264404,1395.13000000,2.94360686,0.2082000000,37.30369949000,493.00,5646.00,0.817000,2021,"Transit"
"Kepler-988 b","Kepler-988",290.7082585,42.2372245,304.88900000,2.07000000,0.1085000000,17.76080053000,368.00,4005.00,0.530000,2016,"Transit"
"TOI-880 c","TOI-880",94.1644734,-13.9873370,60.66790000,4.95000000,0.0635000000,6.38727030000,805.00,5050.00,0.830000,2025,"Transit"
"HD 12235 b","HD 12235",30.0391601,3.0959098,31.76270000,3.23000000,0.0540000000,4.36305000000,1667.37,5986.00,1.801850,2022,"Radial Velocity"
"Kepler-444 f","Kepler-444",289.7528323,41.6318840,36.43960000,0.74100000,0.0811000000,9.74048600000,673.00,5046.00,0.752000,2015,"Transit"
"GJ 887 c","GJ 887",346.5027573,-35.8473489,3.28679000,2.43000000,0.1210000000,21.78400000000,320.00,3688.00,0.468000,2020,"Radial Velocity"
"Kepler-524 b","Kepler-524",296.8591787,49.1620125,1058.24000000,1.91000000,0.0795500000,7.97419807000,974.00,6014.00,1.100000,2016,"Transit"
"Kepler-1075 b","Kepler-1075",287.5011404,47.4691157,291.27500000,1.42000000,0.0208000000,1.52372816000,818.00,3959.00,0.540000,2016,"Transit"
"Kepler-368 b","Kepler-368",291.8800180,45.3878419,770.97800000,3.26000000,0.1860000000,26.84768000000,800.00,5502.00,2.019000,2014,"Transit"
"Kepler-115 b","Kepler-115",297.7119299,45.2619850,623.60900000,1.09000000,0.0360000000,2.40367900000,1489.00,5979.00,1.205000,2014,"Transit"
"Kepler-1735 b","Kepler-1735",281.0503476,47.1882005,245.30300000,1.19429134,0.0621000000,7.71792984000,502.00,3975.00,0.509000,2021,"Transit"
"TOI-1898 b","TOI-1898",144.5553000,23.5467464,79.66820000,9.39553231,0.2690000000,45.52234000000,674.54,6241.00,1.613100,2024,"Transit"
"Kepler-1130 c","Kepler-1130",285.2074210,45.3843330,249.34300000,0.79239584,0.0423800000,3.26663994800,1072.00,5450.00,0.842000,2021,"Transit"
"HD 20782 b","HD 20782",50.0166232,-28.8543535,35.98640000,13.60000000,1.3649000000,597.06430000000,253.34,5782.13,1.126810,2006,"Radial Velocity"
"Kepler-1376 b","Kepler-1376",286.9584368,42.5414090,868.05600000,1.05000000,0.0598000000,5.30880656000,1042.00,5659.00,0.970000,2016,"Transit"
"Kepler-1190 b","Kepler-1190",284.9996582,49.4799506,342.50900000,1.33000000,0.0845000000,10.45843441000,609.00,4730.00,0.720000,2016,"Transit"
"Kepler-450 b","Kepler-450",295.4865821,51.0135237,455.98200000,6.14000000,0.2009200000,28.45485100000,769.00,6197.21,1.641620,2015,"Transit"
"Kepler-758 d","Kepler-758",293.0846115,41.1354049,1502.32000000,2.12000000,0.1527000000,20.49661970000,843.00,6228.00,1.420000,2016,"Transit"
"HAT-P-47 b","HAT-P-47",38.3080745,30.3604530,282.09600000,14.71739166,,4.73217441000,1605.00,6703.00,1.515000,2026,"Transit"
"HD 135625 b","HD 135625",229.4511514,-45.9225871,56.51800000,13.30000000,5.4000000000,4055.00000000000,146.04,6040.64,1.357430,2023,"Radial Velocity"
"TOI-2211.01","TOI-2211",308.5390859,-29.6726127,70.29320000,1.56100000,0.0401100000,3.09268675700,1056.92,5253.00,0.834000,2024,"Transit"
"Kepler-124 b","Kepler-124",286.7527322,49.0648788,420.04600000,0.73000000,0.0390000000,3.41049300000,892.00,4984.00,0.636000,2014,"Transit"
"Kepler-1259 b","Kepler-1259",297.8414628,46.9676288,805.56200000,1.43000000,0.0141000000,0.66308525800,1681.00,5053.00,0.770000,2016,"Transit"
"TOI-1859 b","TOI-1859",279.8317644,69.5228726,224.38500000,9.75181321,0.3370000000,63.48347000000,615.00,6341.00,1.360000,2023,"Transit"
"TOI-1836 b","TOI-1836",245.9079242,54.6900774,191.64900000,8.00321222,0.1597000000,20.38079900000,966.00,6380.00,1.577000,2024,"Transit"
"Kepler-616 b","Kepler-616",294.9891370,46.8383058,945.77500000,2.43000000,0.0927000000,9.99761851000,860.00,5753.00,0.970000,2016,"Transit"
"HD 141399 e","HD 141399",236.7235392,46.9862880,37.01690000,14.10000000,5.0000000000,5000.00000000000,142.24,5600.00,1.387236,2014,"Radial Velocity"
"Kepler-1008 b","Kepler-1008",296.5476395,44.9418307,282.56500000,1.28000000,0.0975500000,12.43931193000,627.00,5066.00,0.780000,2016,"Transit"
"TOI-2133 b","TOI-2133",261.2438308,32.7983974,75.19730000,2.37000000,0.0410000000,3.82664720000,798.00,4250.00,0.620000,2026,"Transit"
"Kepler-1979 b","Kepler-1979",289.8429062,38.3096220,1076.27000000,29.33000000,0.1383000000,18.50845260000,683.00,5942.00,0.938000,2023,"Transit"
"TOI-2406 b","TOI-2406",8.8060544,-3.3720833,55.41900000,2.86000000,0.0226700000,3.07668910000,449.00,3100.00,0.204000,2021,"Transit"
"WASP-157 b","WASP-157",201.6551525,-8.3176353,334.03700000,11.19000000,0.0499000000,3.95162300000,1193.00,5772.00,1.100000,2016,"Transit"
"Kepler-1183 b","Kepler-1183",292.2324228,38.8921946,1919.19000000,2.82000000,0.1793000000,28.50571890000,555.00,5765.00,0.990000,2016,"Transit"
"Kepler-331 d","Kepler-331",291.8343455,39.3073462,580.11900000,1.64000000,0.1590000000,32.13432800000,346.00,4347.00,0.492000,2014,"Transit"
"TOI-5322 b","TOI-5322",6.5293373,14.3364283,476.89900000,16.61170940,0.0604000000,5.42332070000,1350.00,5692.00,1.462000,2025,"Transit"
"HD 457 b","HD 457",2.2492922,-39.7372401,55.03750000,11.90000000,15.3690000000,20324.58153000000,85.15,6114.04,1.281940,2022,"Radial Velocity"
"HD 112640 b","HD 112640",194.2415171,67.2429122,323.33500000,12.90000000,1.7000000000,613.20000000000,959.65,4155.00,39.000000,2020,"Radial Velocity"
"Kepler-1647 b","Kepler-1647",298.1500570,40.6561751,1212.45000000,11.87390000,2.7205000000,1107.59230000000,242.92,6210.00,1.790300,2016,"Transit"
"Kepler-1197 b","Kepler-1197",291.6693437,42.5907441,486.94000000,1.25000000,0.0286900000,2.03231845000,1011.00,4708.00,0.720000,2016,"Transit"
"HD 153557 b","HD 153557",254.4706516,47.3678558,17.94120000,4.77000000,0.0680000000,7.29903000000,772.12,4837.00,0.745171,2022,"Radial Velocity"
"Kepler-1939 b","Kepler-1939",285.6899312,40.9946659,189.83300000,1.16480773,0.0334000000,2.79065990400,816.00,4353.00,0.603000,2021,"Transit"
"TIC 117642575 b","TIC 117642575",9.4800698,-37.0662905,188.75800000,2.82716337,,4.94459060181,,5719.98,1.081020,2026,"Transit"
"Kepler-621 b","Kepler-621",290.9272450,39.9141166,389.00000000,2.30000000,0.0310000000,2.62811374600,737.00,4521.00,0.680000,2016,"Transit"
"Kepler-1113 b","Kepler-1113",289.4066969,39.3388130,1073.88000000,2.81000000,0.2415000000,42.30049540000,558.00,5931.00,1.170000,2016,"Transit"
"Kepler-142 b","Kepler-142",295.1190067,48.4813635,548.68600000,1.99000000,0.0320000000,2.02415200000,1597.00,5790.00,1.269000,2014,"Transit"
"Kepler-662 b","Kepler-662",290.4650801,47.9291252,815.63700000,2.18000000,0.1408000000,21.67697486000,530.00,4897.00,0.740000,2016,"Transit"
"Kepler-1336 c","Kepler-1336",296.2776587,46.8998006,1126.64000000,1.71000000,0.0627200000,5.77721211000,1260.00,5512.00,1.300000,2016,"Transit"
"TOI-216.02","TOI-216",73.9800129,-63.2603301,177.94500000,8.00000000,0.1293000000,17.16073000000,628.00,5026.00,0.748000,2019,"Transit"
"Kepler-236 c","Kepler-236",283.8664285,39.8981928,288.76300000,2.00000000,0.1320000000,23.96812700000,329.00,3750.00,0.510000,2014,"Transit"
"HD 196067 b","HD 196067",310.4364195,-75.3514992,39.93460000,12.40000000,4.7100000000,3413.70000000000,176.42,6072.00,1.710000,2012,"Radial Velocity"
"Kepler-1210 b","Kepler-1210",292.8321598,48.2193376,1176.53000000,1.70000000,0.0753000000,8.07124073000,856.00,5568.00,0.920000,2016,"Transit"
"Kepler-91 b","Kepler-91",285.6729033,44.1167513,1294.69000000,15.32270300,0.0731000000,6.24658000000,2040.00,4550.00,6.300000,2013,"Transit"
"K2-290 b","K2-290",234.8578846,-20.1988975,272.90900000,3.06000000,0.0923000000,9.21165000000,1230.00,6302.00,1.511000,2019,"Transit"
"Kepler-1766 b","Kepler-1766",294.2772343,46.6752351,501.22900000,2.27904508,0.4161000000,105.01499940000,406.00,5868.00,1.042000,2021,"Transit"
"HD 176986 c","HD 176986",285.7739138,-11.0449410,27.78430000,,0.1187300000,16.81240000000,558.00,4931.00,0.782000,2017,"Radial Velocity"
"K2-170 c","K2-170",335.4506923,-14.5933554,392.87200000,1.80176470,,12.40004700000,,5748.00,0.981614,2018,"Transit"
"HD 72490 b","HD 72490",128.4028287,13.5507189,126.33900000,13.50000000,1.8800000000,858.00000000000,386.45,4934.00,4.960000,2018,"Radial Velocity"
"HD 12661 c","HD 12661",31.1423525,25.4135632,37.84780000,13.20000000,2.8145000000,1708.00000000000,174.06,5748.00,1.110000,2002,"Radial Velocity"
"Kepler-1061 b","Kepler-1061",296.2300306,50.2752091,543.37500000,1.98000000,0.0388000000,2.75798266600,1332.00,6067.00,1.070000,2016,"Transit"
"Kepler-1904 b","Kepler-1904",288.8744026,51.1542215,270.85400000,1.39049940,0.0436000000,4.57702016800,567.00,3805.00,0.497000,2021,"Transit"
"Kepler-473 b","Kepler-473",286.6300796,38.9455907,905.93700000,4.08000000,0.1204800000,14.55731705000,879.00,5816.00,1.340000,2016,"Transit"
"HD 14787 b","HD 14787",35.8085099,10.8367972,119.13700000,13.70000000,1.7000000000,676.60000000000,409.43,4946.00,5.010000,2018,"Radial Velocity"
"WASP-106 b","WASP-106",166.4296276,-5.0794854,352.18100000,12.10569916,0.0901000000,9.28969000000,1140.00,6002.00,1.470000,2014,"Transit"
"TOI-6158 b","TOI-6158",333.8944061,16.2853919,180.96000000,10.40000000,0.0327500000,3.04468990000,636.00,3467.00,0.476000,2026,"Transit"
"Kepler-1840 b","Kepler-1840",298.5948803,41.4359643,513.10700000,2.77771129,0.4620600000,131.19000240000,284.00,4898.00,0.803000,2021,"Transit"
"kap And b","kap And",355.1025974,44.3338511,50.01770000,15.91675259,55.0000000000,,1791.00,11327.00,2.109000,2012,"Imaging"
"Kepler-1751 b","Kepler-1751",284.8465476,49.6923412,1291.47000000,1.82417378,0.0712000000,7.01731014300,984.00,6052.00,0.967000,2021,"Transit"
"Kepler-1067 b","Kepler-1067",285.3873706,45.0490265,667.69300000,0.80000000,0.0164000000,0.76212926100,1872.00,5592.00,0.930000,2016,"Transit"
"TOI-2578 b","TOI-2578",68.0521023,52.2526547,285.53000000,19.66055215,0.0495000000,3.45796670000,1778.00,6333.00,1.640000,2026,"Transit"
"Kepler-624 b","Kepler-624",295.1933631,39.5396946,748.18800000,2.31000000,0.1163800000,14.58649607000,852.00,6117.00,1.180000,2016,"Transit"
"TOI-5349 b","TOI-5349",52.7125703,20.8796279,188.33600000,10.20000000,0.0369000000,3.31792100000,719.00,3751.00,0.580000,2026,"Transit"
"TOI-1294 c","TOI-1294",223.0926408,70.4765573,332.64800000,14.30000000,0.6100000000,159.90000000000,440.45,5718.00,1.556600,2024,"Radial Velocity"
"Kepler-1039 b","Kepler-1039",298.3266169,45.3154212,306.91000000,1.46000000,0.0171400000,0.93488424200,2080.00,4870.00,0.740000,2016,"Transit"
"HAT-P-60 b","HAT-P-60",28.2825719,52.0539209,233.22000000,18.28184752,0.0627700000,4.79478130000,1772.00,6212.00,2.197000,2021,"Transit"
"HD 88986 b","HD 88986",154.1166869,28.6820708,33.26730000,2.49000000,0.5800000000,146.05000000000,460.00,5861.00,1.543000,2023,"Radial Velocity"
"HD 215152 e","HD 215152",340.8380941,-6.4020685,21.59740000,,0.1541700000,25.19670000000,517.82,4935.00,0.730000,2018,"Radial Velocity"
"Kepler-704 b","Kepler-704",283.3163671,41.8370942,1228.83000000,2.61000000,0.0470000000,3.76182115000,1121.00,5616.00,0.960000,2016,"Transit"
"K2-385 b","K2-385",12.6140752,5.8712567,420.81900000,1.53900000,,2.38086700000,,4844.00,0.761000,2022,"Transit"
"Kepler-1432 b","Kepler-1432",295.5241011,49.8295211,2171.87000000,2.22000000,0.1696000000,23.91090110000,709.00,6031.00,1.130000,2016,"Transit"
"Kepler-135 c","Kepler-135",290.4950939,38.7954956,621.85500000,1.16000000,0.1030000000,11.44870800000,975.00,6090.00,1.275000,2014,"Transit"
"Kepler-950 b","Kepler-950",287.9565768,41.1302834,2161.60000000,8.98000000,0.3982000000,98.71804060000,360.00,5857.00,1.020000,2016,"Transit"
"HD 73526 b","HD 73526",129.3183310,-41.3184231,97.23960000,13.10000000,0.6500000000,188.30000000000,414.37,5601.00,1.530000,2002,"Radial Velocity"
"HD 207897 b","HD 207897",325.2016451,84.3337613,28.29380000,2.34302132,0.1170000000,16.20166000000,581.75,5106.00,0.782700,2021,"Transit"
"Kepler-1459 b","Kepler-1459",282.4229401,46.0139761,455.47900000,1.36000000,0.2829000000,62.86916110000,349.00,4828.00,0.740000,2016,"Transit"
"Kepler-1358 b","Kepler-1358",286.1705469,43.0089000,546.99800000,1.12000000,0.0656000000,7.06317341000,827.00,5181.00,0.790000,2016,"Transit"
"HD 360 b","HD 360",2.0729030,-8.8242618,111.54200000,14.00000000,0.9800000000,273.10000000000,765.69,4770.00,10.860000,2021,"Radial Velocity"
"TOI-4030 b","TOI-4030",277.6228367,56.7704522,571.61500000,5.84625590,,2.50900199461,1384.00,5640.37,0.991737,2026,"Transit"
"Kepler-741 b","Kepler-741",289.4317294,46.6174978,1661.87000000,2.97000000,0.0744000000,7.03902374000,1051.00,6129.00,1.240000,2016,"Transit"
"Kepler-1299 b","Kepler-1299",286.1501263,37.4113438,1404.94000000,2.98000000,0.1357000000,19.94008740000,588.00,5609.00,0.910000,2016,"Transit"
"Kepler-1806 b","Kepler-1806",287.5349528,49.8016283,978.06600000,2.35560189,0.0813000000,9.03332042700,729.00,5311.00,0.788000,2021,"Transit"
"TOI-375 c","TOI-375",47.1499034,-77.3833275,396.21300000,13.40000000,0.5240000000,115.50000000000,596.00,5259.90,2.900000,2026,"Radial Velocity"
"Kepler-1048 b","Kepler-1048",281.8983042,42.1657112,556.00600000,1.61000000,0.0590000000,6.92101021000,619.00,4651.00,0.700000,2016,"Transit"
"Kepler-749 b","Kepler-749",299.8973341,43.9040667,721.02700000,3.10000000,0.1054000000,17.31716585000,454.00,5009.00,0.750000,2016,"Transit"
"HD 102329 b","HD 102329",176.6941567,3.4742143,217.10700000,12.60000000,1.8100000000,778.09998000000,532.95,4745.00,9.820000,2011,"Radial Velocity"
"TOI-1194 b","TOI-1194",167.8214811,69.9647749,149.66700000,8.71664516,0.0340000000,2.31064460000,1264.29,5394.00,0.960800,2023,"Transit"
"Barnard d","Barnard's star",269.4486144,4.7379808,1.82655000,0.69400000,0.0188000000,2.34020000000,483.00,3195.00,0.185000,2025,"Radial Velocity"
"Kepler-1951 b","Kepler-1951",290.4999139,40.2877161,1277.32000000,2.32107188,0.1435000000,20.65780067000,728.00,5468.00,1.306000,2021,"Transit"
"HIP 114933 b","HIP 114933",349.2071949,-21.2033101,101.76600000,13.40000000,2.8400000000,1481.60000000000,316.81,4823.00,5.270000,2021,"Radial Velocity"
"Kepler-1305 b","Kepler-1305",297.3394624,46.3472165,1575.23000000,1.88000000,0.1109000000,13.56309720000,733.00,5701.00,0.960000,2016,"Transit"
"Kepler-598 b","Kepler-598",293.1234493,40.9348005,681.08600000,1.50000000,0.0448700000,3.70175428000,1050.00,5307.00,0.860000,2016,"Transit"
"HD 185283 b","HD 185283",295.3233609,-56.3221096,31.39500000,13.60000000,4.6000000000,4060.00000000000,93.97,4848.00,0.743303,2023,"Radial Velocity"
"Kepler-1920 b","Kepler-1920",291.0620355,38.8632881,885.91300000,2.95415848,0.2043000000,30.25410080000,660.00,6277.00,1.161000,2021,"Transit"
"HD 65216 b","HD 65216",118.4209646,-63.6466892,35.12050000,13.60000000,1.3010000000,577.60000000000,222.56,5612.00,0.880000,2003,"Radial Velocity"
"Kepler-954 b","Kepler-954",295.8594318,47.9396001,215.81400000,2.32000000,0.1202000000,16.78176602000,545.00,4990.00,0.760000,2016,"Transit"
"EPIC 206042996 c","EPIC 206042996",337.5136198,-13.6101475,451.76900000,1.20000000,,0.35488400000,,4114.00,0.500000,2021,"Transit"
"HATS-38 b","HATS-38",154.2710615,-25.2762982,343.52500000,6.88232600,0.0503600000,4.37502100000,1294.00,5732.00,1.105000,2020,"Transit"
"Kepler-1388 c","Kepler-1388",283.3360156,47.1744499,453.79500000,2.26000000,0.0519000000,5.53608151000,566.00,4098.00,0.610000,2016,"Transit"
"TIC 178172313 b","TIC 178172313",43.4062672,-32.0770480,178.13700000,2.80405322,,4.37318161360,,5405.59,0.843450,2026,"Transit"
"Gliese 12 b","Gliese 12",3.9579137,13.5576175,12.21000000,0.93000000,0.0670000000,12.76141800000,314.60,3328.00,0.265000,2024,"Transit"
"Kepler-266 c","Kepler-266",294.4843821,44.1669355,1370.79000000,3.89000000,0.4570000000,107.72360100000,421.00,5885.00,1.028000,2014,"Transit"
"NGTS-30 b","NGTS-30",173.7148670,-24.6054801,238.37700000,10.40193409,0.4080000000,98.29838000000,500.00,5455.00,0.913000,2024,"Transit"
"Kepler-1388 e","Kepler-1388",283.3360156,47.1744499,453.79500000,2.46000000,0.1861000000,37.63270840000,299.00,4098.00,0.610000,2016,"Transit"
"Kepler-1311 b","Kepler-1311",289.6512597,43.8244445,866.33100000,1.24000000,0.1008200000,11.17269940000,1019.00,5748.00,1.400000,2016,"Transit"
"Kepler-1991 c","Kepler-1991",285.0360506,45.0709909,855.82000000,2.57000000,0.1528000000,22.79020351000,634.00,5478.00,1.053000,2023,"Transit"
"Kepler-126 d","Kepler-126",289.3473634,44.2084445,237.40100000,2.50000000,0.4480000000,100.28313400000,475.00,6239.00,1.358000,2014,"Transit"
"TOI-4029 b","TOI-4029",239.2337189,16.9802854,274.43600000,6.73756618,,5.88498234631,1142.00,5662.53,1.178340,2026,"Transit"
"Kepler-2001 b","Kepler-2001",291.6594558,50.5838585,776.55000000,1.04000000,0.0197000000,1.09001100300,1402.00,5081.00,0.770000,2023,"Transit"
"Kepler-1247 b","Kepler-1247",294.5335974,46.6182365,1045.92000000,2.33000000,0.1091000000,13.71220213000,676.00,5303.00,0.820000,2016,"Transit"
"Kepler-68 e","Kepler-68",291.0323102,49.0402129,144.16600000,11.20000000,4.6000000000,3455.00000000000,147.35,5847.00,1.256400,2023,"Radial Velocity"
"Kepler-1406 b","Kepler-1406",292.0818824,38.9149472,572.40300000,1.10000000,0.0987000000,11.62905828000,854.00,5892.00,1.120000,2016,"Transit"
"Kepler-1682 b","Kepler-1682",293.9835827,39.5728474,1159.85000000,2.88940836,0.1134000000,14.83340000000,694.00,5619.12,0.842301,2020,"Transit"
"Kepler-174 d","Kepler-174",287.4389454,43.8320052,384.75700000,2.19000000,0.6770000000,247.35373000000,212.00,4880.00,0.622000,2014,"Transit"
"Kepler-326 b","Kepler-326",294.3255898,46.0022646,487.67500000,1.52000000,0.0320000000,2.24832900000,1127.00,5105.00,0.801000,2014,"Transit"
"GJ 3998 d","GJ 3998",259.0020507,11.0561751,18.14590000,2.34000000,0.1890000000,41.78000000000,292.23,3726.00,0.500000,2025,"Radial Velocity"
"HD 205158 b","HD 205158",323.9186227,-59.6933144,86.61590000,13.90000000,0.1770000000,25.33798000000,963.25,6133.55,1.877410,2022,"Radial Velocity"
"HD 219134 h","HD 219134",348.3372026,57.1696255,6.53127000,12.70000000,3.1100000000,2247.00000000000,117.88,4913.00,0.770000,2015,"Radial Velocity"
"K2-183 c","K2-183",125.0071770,14.0194586,329.04100000,2.30000000,0.0932000000,10.78799200000,787.00,5482.00,0.870000,2018,"Transit"
"NGTS-21 b","NGTS-21",311.2583112,-35.4278412,592.89100000,14.90794433,0.0236000000,1.54338970000,1357.00,4660.00,0.860000,2022,"Transit"
"Kepler-1519 b","Kepler-1519",296.6679448,49.4617774,1441.63000000,7.06000000,0.7655000000,240.79893970000,342.00,5644.00,0.910000,2016,"Transit"
"TCP J05074264+2447555 b","TCP J05074264+2447555",76.9280000,24.7989611,505.00000000,4.72000000,0.9400000000,,344.63,5805.00,1.424870,2018,"Microlensing"
"TOI-2459 b","TOI-2459",82.1433321,-39.3730456,36.61130000,2.95310000,,19.10471800000,445.01,4195.00,0.675100,2023,"Transit"
"Kepler-784 b","Kepler-784",295.9206663,47.4486164,1303.72000000,1.58000000,0.2211100000,31.59226460000,688.00,5674.00,1.320000,2016,"Transit"
"TOI-2641 b","TOI-2641",171.1303716,-42.7321394,344.04500000,18.10250383,0.0607000000,4.88097400000,1387.00,6100.00,1.336000,2023,"Transit"
"Kepler-255 c","Kepler-255",296.0642702,45.9767647,1052.53000000,2.99000000,0.0920000000,9.94604700000,807.00,5573.00,0.933000,2014,"Transit"
"HD 51608 c","HD 51608",103.7137102,-55.2600189,35.05530000,3.87000000,0.3809000000,95.94460000000,400.69,5358.00,0.916136,2019,"Radial Velocity"
"TIC 434398831 c","TIC 434398831",93.9592639,16.0238459,217.01100000,5.63000000,0.0657200000,6.21029100000,1050.00,5638.00,0.909000,2025,"Transit"
"TOI-3082 b","TOI-3082",195.9080719,-19.2189845,113.04800000,3.66210000,,1.92690700000,1032.78,4263.00,0.684700,2023,"Transit"
"Kepler-1037 b","Kepler-1037",296.3410342,47.1709335,446.91400000,1.28000000,0.0198000000,1.06378867300,1650.00,5105.00,0.780000,2016,"Transit"
"TOI-2141 d","TOI-2141",258.7623456,18.3403449,77.68200000,3.97000000,0.2906000000,60.45000000000,491.40,5635.00,0.950000,2025,"Radial Velocity"
"HD 88133 b","HD 88133",152.5319349,18.1857284,73.61230000,13.80000000,0.0479000000,3.41488400000,1762.08,5392.00,2.200000,2004,"Radial Velocity"
"TOI-1448 b","TOI-1448",316.3240030,57.7710946,73.33450000,2.74900000,0.0567000000,8.11224500000,426.00,3412.00,0.380000,2024,"Transit"
"TIC 294329732 b","TIC 294329732",109.1177907,-58.2371507,189.33300000,2.07692266,,9.75658761810,,5201.93,0.920172,2026,"Transit"
"WISPIT 2 c","WISPIT 2",290.8209991,-7.6820823,134.90700000,17.93436912,14.0000000000,,2050.00,4530.00,1.300000,2026,"Imaging"
"K2-272 b","K2-272",132.6211743,17.5423852,423.06500000,3.13000000,0.1007000000,14.45367560000,747.00,5397.00,0.830000,2018,"Transit"
"TOI-3474 b","TOI-3474",233.5033482,-47.9636597,420.12300000,14.67255574,0.0502000000,3.87951050000,1451.00,6020.00,1.256000,2025,"Transit"
"Kepler-825 c","Kepler-825",294.7698250,39.3984081,807.85000000,1.84000000,0.0759000000,8.18182460000,981.00,5976.00,1.080000,2016,"Transit"
"Kepler-382 b","Kepler-382",299.1362435,45.8699582,935.44600000,1.32000000,0.0550000000,5.26215500000,1166.00,5600.00,0.945000,2014,"Transit"
"Kepler-266 b","Kepler-266",294.4843821,44.1669355,1370.79000000,2.48000000,0.0710000000,6.61833000000,1066.00,5885.00,1.028000,2014,"Transit"
"Kepler-1962 b","Kepler-1962",289.5483989,40.1641457,866.82600000,1.21463929,0.0783000000,7.99145984600,901.00,5700.00,1.006000,2021,"Transit"
"TOI-1266 d","TOI-1266",197.9965833,65.8336973,36.01180000,1.74000000,0.1513000000,32.50900000000,288.00,3563.00,0.423200,2025,"Transit Timing Variations"
"Kepler-691 b","Kepler-691",288.8117314,40.0332311,279.11500000,2.09000000,0.0649000000,8.11437900000,460.00,3715.00,0.500000,2016,"Transit"
"HD 142415 b","HD 142415",239.4189890,-60.2006948,35.53180000,13.50000000,1.0600000000,386.29999000000,283.72,5940.00,1.040000,2003,"Radial Velocity"
"WASP-167 b","WASP-167",196.0437932,-35.5495292,423.55200000,17.71022000,0.0365000000,2.02195960000,2329.00,7000.00,1.790000,2017,"Transit"
"K2-412 b","K2-412",76.2621295,21.5801620,654.08500000,2.11600000,0.0586000000,5.93820000000,1100.64,5590.00,0.977000,2022,"Transit"
"Kepler-1441 b","Kepler-1441",293.7191177,43.1245756,1110.48000000,1.31000000,0.2346000000,39.44198390000,682.00,5802.00,1.000000,2016,"Transit"
"CoRoT-28 b","CoRoT-28",278.6883216,5.5736911,766.18300000,10.70459500,0.0603000000,5.20851000000,1349.25,5150.00,1.780000,2015,"Transit"
"Kepler-37 c","Kepler-37",284.0592503,44.5183733,63.92070000,0.75500000,0.1390000000,21.30184800000,615.00,5357.00,0.789000,2013,"Transit"
"Kepler-138 c","Kepler-138",290.3814122,43.2930645,66.86240000,1.51000000,0.0913000000,13.78150000000,410.00,3841.00,0.535000,2014,"Transit"
"Kepler-46 d","Kepler-46",289.2687388,42.6041819,777.06000000,1.64000000,0.0670000000,6.76658900000,845.00,5309.00,0.790000,2014,"Transit"
"Kepler-1755 b","Kepler-1755",296.8460920,40.1385777,982.38300000,5.91688317,0.1668000000,24.81209946000,631.00,6086.00,0.921000,2021,"Transit"
"Teegarden's Star c","Teegarden's Star",43.2691449,16.8649024,3.83078000,1.02000000,0.0455000000,11.41600000000,209.00,3034.00,0.120000,2019,"Radial Velocity"
"HD 219828 b","HD 219828",349.6947029,18.6457524,73.11400000,4.59000000,0.0490000000,3.83483000000,1602.83,5891.00,1.560000,2007,"Radial Velocity"
"Kepler-835 b","Kepler-835",283.5742181,45.7348003,2406.33000000,2.79000000,0.1070000000,11.41909375000,921.00,5954.00,1.110000,2016,"Transit"
"Kepler-1666 c","Kepler-1666",297.9516071,46.2647024,1379.37000000,3.23564749,0.2383000000,40.71570000000,578.00,6293.00,1.145860,2020,"Transit"
"Kepler-1143 b","Kepler-1143",287.3027720,39.2896399,555.18900000,1.67000000,0.0371000000,2.88890484900,976.00,5053.00,0.770000,2016,"Transit"
"KOI-4777.01","KOI-4777",287.2621474,42.0322257,172.24500000,0.51000000,0.0080000000,0.41200000000,1180.00,3515.00,0.400000,2022,"Transit"
"Kepler-79 d","Kepler-79",300.5171067,44.3815508,1020.72000000,7.15000000,0.2937000000,52.08970000000,592.00,6389.00,1.316000,2014,"Transit"
"Kepler-190 b","Kepler-190",288.5839761,44.7337701,433.38700000,1.56000000,0.0300000000,2.01999900000,1166.00,5106.00,0.795000,2014,"Transit"
"NGTS-17 b","NGTS-17",72.9005729,-34.2262128,1040.28000000,13.89913607,0.0391000000,3.24253000000,1457.00,5650.00,1.337000,2021,"Transit"
"Kepler-354 c","Kepler-354",285.7515347,41.3356739,554.06400000,1.31000000,0.1150000000,16.93440200000,508.00,4648.00,0.674000,2014,"Transit"
"TIC 198190129 b","TIC 198190129",246.3322839,60.3771414,130.03500000,2.92284949,,7.94804910667,,4377.53,0.640675,2026,"Transit"
"Kepler-1933 b","Kepler-1933",283.9950850,39.9170121,328.00700000,1.17984089,0.0560500000,4.94329023400,1058.00,5661.00,1.008000,2021,"Transit"
"TOI-5811 B b","TOI-5811 B",310.9101344,19.7291680,170.13500000,21.96960217,0.0731000000,6.25663000000,1530.00,4840.00,3.730000,2026,"Transit"
"Kepler-1041 b","Kepler-1041",293.8817361,49.6831419,1485.82000000,2.94000000,0.1688000000,24.75764210000,644.00,5957.00,1.080000,2016,"Transit"
"KIC 10525077 b","KIC 10525077",287.3781164,47.7711541,1461.15000000,5.50000000,,854.08300000000,,6091.00,1.010000,2015,"Transit"
"K2-70 b","K2-70",338.4759328,-10.0849917,232.96400000,2.89000000,0.1112000000,13.97896000000,783.99,5622.00,0.930000,2016,"Transit"
"TOI-5704 b","TOI-5704",169.8248694,44.9890782,89.63700000,3.22740000,,3.77111600000,949.07,4590.00,0.757500,2023,"Transit"
"HATS-4 b","HATS-4",94.1120914,-22.5468824,416.45900000,11.43300000,0.0362000000,2.51672900000,1315.00,5403.00,0.925000,2014,"Transit"
"Kepler-121 b","Kepler-121",286.1621273,39.6780204,510.52300000,2.34000000,0.0390000000,3.17742200000,997.00,5311.00,0.701000,2014,"Transit"
"HD 163607 b","HD 163607",268.4181383,56.3924701,67.78550000,13.90000000,0.3620000000,75.22030000000,587.13,5522.00,1.760000,2012,"Radial Velocity"
"TOI-1453 b","TOI-1453",258.2232705,57.1977779,78.74150000,1.17300000,,4.31352250000,944.20,4975.00,0.720000,2025,"Transit"
"Kepler-395 c","Kepler-395",293.5111889,45.1366252,421.38200000,1.32000000,0.1770000000,34.98926200000,341.00,4262.00,0.556000,2014,"Transit"
"TOI-7393 b","TOI-7393",227.3598373,55.9810558,189.03800000,11.30000000,0.0366400000,3.33708000000,747.00,3927.00,0.582000,2026,"Transit"
"HIP 81991 b","HIP 81991",251.2490143,6.0870480,43.90160000,12.50000000,6.4000000000,5860.00000000000,163.28,5100.00,2.821110,2026,"Radial Velocity"
"Kepler-1965 b","Kepler-1965",292.5147146,38.0219872,521.79100000,1.35415138,0.2297100000,41.86869812000,492.00,5852.00,0.837000,2021,"Transit"
"DMPP-8 b","DMPP-8",305.3083517,-81.6166664,76.13350000,10.80000000,0.3098000000,62.91500000000,579.70,6009.00,1.240000,2026,"Radial Velocity"
"Kepler-501 b","Kepler-501",297.2014919,41.7301534,1125.24000000,4.30000000,0.0627000000,5.64067757200,1125.00,5904.00,1.040000,2016,"Transit"
"TOI-892 b","TOI-892",86.7382280,-11.2353401,340.54300000,11.99363000,0.0920000000,10.62656000000,1397.00,6261.00,1.390000,2020,"Transit"
"Kepler-1898 b","Kepler-1898",287.2058009,38.4981903,360.92100000,0.93353523,0.0506300000,4.76562023200,1167.00,5702.00,1.125000,2021,"Transit"
"Kepler-1274 b","Kepler-1274",284.5936858,46.4497364,614.64800000,1.42000000,0.0816100000,6.98152703000,1384.00,6179.00,2.170000,2016,"Transit"
"G 9-40 b","G 9-40",134.7188514,21.0747961,27.92760000,1.90000000,0.0418000000,5.74599820000,440.60,3395.00,0.302600,2019,"Transit"
"K2-46 b","K2-46",174.2662454,-0.9072100,449.23700000,2.05000000,0.1382100000,19.15410000000,889.00,6256.00,1.290000,2016,"Transit"
"K2-199 c","K2-199",208.9014508,-6.1360833,107.51800000,2.85000000,0.0662000000,7.37448970000,694.00,4491.00,0.682000,2018,"Transit"
"TOI-2005 b","TOI-2005",164.0316540,-43.3766967,328.47500000,11.99360935,0.1600000000,17.30590400000,1221.39,7130.00,2.020000,2025,"Transit"
"Kepler-1065 b","Kepler-1065",294.5113190,38.7904648,1122.48000000,3.73000000,0.0455000000,3.60930890700,1092.00,5635.00,0.930000,2016,"Transit"
"TOI-7394 B b","TOI-7394 B",236.0551933,58.5527617,189.98600000,11.50000000,0.0191300000,1.25299500000,986.00,3717.00,0.609000,2026,"Transit"
"HD 112300 b","HD 112300",193.8988441,3.3972376,62.07324000,12.20000000,1.3300000000,466.63000000000,1240.35,3657.00,65.800000,2023,"Radial Velocity"
"TOI-5614 b","TOI-5614",189.4323154,69.4584273,223.01600000,3.21759316,,4.17221328949,817.00,4553.00,0.734919,2026,"Transit"
"Kepler-793 b","Kepler-793",295.2167334,38.7744269,985.69900000,1.37000000,0.0491000000,4.24153639000,1177.00,5745.00,0.970000,2016,"Transit"
"Kepler-307 c","Kepler-307",297.7950939,40.4176403,575.58100000,2.20000000,0.1089600000,13.07290000000,739.00,5367.00,0.814000,2013,"Transit"
"Kepler-613 b","Kepler-613",282.7868415,46.2449846,861.49400000,2.29000000,0.1232000000,15.77979614000,713.00,5723.00,0.960000,2016,"Transit"
"K2-138 g","K2-138",348.9490311,-10.8497391,202.58500000,3.01300000,0.2310900000,41.96797000000,445.00,5356.30,0.863000,2021,"Transit"
"HD 128311 b","HD 128311",219.0032292,9.7454368,16.32920000,13.50000000,1.0840000000,453.01900000000,200.47,4965.00,0.760000,2002,"Radial Velocity"
"Kepler-20 b","Kepler-20",287.6979913,42.3385782,282.56300000,1.77300000,0.0456500000,3.69610490000,1187.00,5495.00,0.916400,2011,"Transit"
"Kepler-1634 b","Kepler-1634",294.0433990,45.1398201,617.33900000,3.19000000,1.0525000000,374.87623900000,282.00,5474.00,0.890000,2016,"Transit"
"MOA-2020-BLG-108L b","MOA-2020-BLG-108L",269.7155833,-26.9165083,5130.00000000,12.40000000,3.6900000000,,,,,2026,"Microlensing"
"HD 715 b","HD 715",2.8927229,4.7672123,167.25300000,11.99360935,0.3360000000,56.40000000000,798.00,6070.00,2.500000,2026,"Transit"
"Kepler-445 d","Kepler-445",298.7363395,46.4991236,127.20100000,1.25000000,0.0439000000,8.15275000000,305.00,3157.00,0.210000,2015,"Transit"
"Kepler-1701 b","Kepler-1701",286.6088625,41.8892986,584.14200000,2.22186207,0.5738000000,169.13400000000,273.00,5146.00,0.840217,2020,"Transit"
"Kepler-1835 b","Kepler-1835",280.3148152,43.9856885,1404.38000000,3.53387773,0.0997000000,11.96409988000,808.00,5903.00,0.961000,2021,"Transit"
"Kepler-1024 b","Kepler-1024",291.9510277,38.2516419,1087.40000000,3.91000000,0.3033000000,66.41621330000,376.00,5143.00,0.780000,2016,"Transit"
"Kepler-1545 b","Kepler-1545",298.8988313,47.4630696,729.96400000,2.70000000,0.5442000000,163.69234900000,274.00,5201.00,0.800000,2016,"Transit"
"Kepler-1774 b","Kepler-1774",288.5743991,40.9886069,816.59200000,3.18179549,0.2949600000,59.77080154000,522.00,6214.00,1.122000,2021,"Transit"
"KOBE-1 b","KOBE-1",19.1660378,25.3310358,23.97180000,2.91000000,0.0700600000,8.53990000000,594.40,4135.00,0.619000,2025,"Radial Velocity"
"Kepler-1852 b","Kepler-1852",288.0297157,40.3441934,772.48100000,1.88610592,0.0762000000,7.97094011300,760.00,5237.00,0.826000,2021,"Transit"
"Kepler-1196 b","Kepler-1196",292.3695850,43.9108663,922.33300000,2.23000000,0.3179000000,66.18490310000,436.00,5756.00,0.970000,2016,"Transit"
"TOI-1221 b","TOI-1221",107.9210254,-65.5088568,138.41100000,2.91000000,0.3870000000,91.68278000000,440.00,5592.00,1.031000,2023,"Transit"
"Kepler-324 c","Kepler-324",286.4714473,49.6490933,501.57400000,3.15000000,0.2600000000,51.80561200000,410.00,5194.00,0.840000,2014,"Transit"
"Kepler-1122 b","Kepler-1122",288.2805801,46.3408747,1230.42000000,2.04000000,0.2315000000,42.19173570000,526.00,5544.00,0.890000,2016,"Transit"
"Kepler-1826 b","Kepler-1826",292.7700072,48.8998469,336.95200000,1.47519116,0.0213000000,1.61536002200,806.00,3821.00,0.486000,2021,"Transit"
"HD 134606 c","HD 134606",228.8103897,-70.5203328,26.79090000,3.37000000,0.3007000000,58.88300000000,527.65,5576.00,1.158000,2024,"Radial Velocity"
"TIC 150070085 b","TIC 150070085",110.1432005,53.5469842,204.36800000,3.62000000,,10.47423000000,945.06,5999.00,1.086000,2026,"Transit"
"HIP 75092 b","HIP 75092",230.1724206,-25.9910525,81.66960000,13.50000000,2.0200000000,926.40000000000,353.19,4891.00,4.530000,2021,"Radial Velocity"
"Kepler-828 b","Kepler-828",286.8872555,42.4712271,575.32200000,1.51000000,0.0122800000,0.56785713600,1848.00,5039.00,0.770000,2016,"Transit"
"HD 5278 b","HD 5278",12.5467785,-83.7437671,57.58460000,2.45000000,0.1202000000,14.33915600000,943.00,6203.00,1.194000,2021,"Transit"
"Kepler-1157 b","Kepler-1157",283.1209268,43.5255701,342.14400000,1.09000000,0.0448000000,4.45743164000,732.00,4679.00,0.710000,2016,"Transit"
"Kepler-1610 b","Kepler-1610",295.9049795,45.4054296,864.33100000,1.61000000,0.0777000000,8.70181574000,750.00,5383.00,0.870000,2016,"Transit"
"Kepler-1245 c","Kepler-1245",290.7443078,43.2607530,805.93600000,1.44000000,0.0372000000,2.93658468100,1190.00,5306.00,0.830000,2016,"Transit"
"Kepler-297 d","Kepler-297",283.2091605,48.7776156,692.14000000,32.60000000,0.5230000000,150.01895110000,325.00,5618.00,0.897000,2023,"Transit"
"Kepler-431 b","Kepler-431",281.1123072,43.2277663,486.54600000,0.76400000,0.0719000000,6.80300000000,1032.00,6004.00,1.092000,2015,"Transit"
"DMPP-4 b","DMPP-4",293.5826648,51.2358069,25.32840000,3.53000000,0.0485300000,3.49820000000,1645.69,6400.00,1.380000,2023,"Radial Velocity"
"Kepler-184 d","Kepler-184",291.9518784,43.0746172,610.32600000,2.49000000,0.1790000000,29.02235800000,559.00,5788.00,0.873000,2014,"Transit"
"Kepler-1140 b","Kepler-1140",281.6940529,46.9465210,656.48000000,2.77000000,0.1478000000,24.08627070000,500.00,4850.00,0.730000,2016,"Transit"
"TOI-1799 b","TOI-1799",167.2329152,34.3030149,62.12740000,1.64200000,0.0725020000,7.09457086500,922.72,5690.00,0.957000,2024,"Transit"
"Kepler-1696 b","Kepler-1696",295.5761011,42.0233639,1506.36000000,2.80982017,0.3244000000,65.94090000000,454.00,5712.00,1.198110,2020,"Transit"
"Kepler-928 b","Kepler-928",289.9206760,41.5427758,508.80900000,1.59000000,0.0444000000,3.93246130200,894.00,4700.00,0.700000,2016,"Transit"
"Kepler-153 c","Kepler-153",282.4605020,48.2570293,459.36800000,2.53000000,0.2370000000,46.90232000000,458.00,5404.00,0.892000,2014,"Transit"
"HD 73256 c","HD 73256",129.0949961,-30.0373339,36.70800000,12.20000000,3.8000000000,2690.00000000000,133.92,5570.00,0.944723,2023,"Radial Velocity"
"HD 175541 b","HD 175541",283.9203211,4.2649344,129.60300000,14.10000000,0.9750000000,298.43000000000,501.11,5013.00,4.190000,2007,"Radial Velocity"
"HD 219134 g","HD 219134",348.3372026,57.1696255,6.53127000,3.28000000,0.3753000000,94.20000000000,339.34,4913.00,0.770000,2015,"Radial Velocity"
"Kepler-708 b","Kepler-708",293.8164588,42.2125159,1394.22000000,2.93000000,0.0426000000,3.16789193800,1221.00,5692.00,0.960000,2016,"Transit"
"WASP-54 b","WASP-54",205.4542456,-0.1281712,251.30300000,17.71022000,0.0498800000,3.69364000000,1759.00,6100.00,1.760000,2012,"Transit"
"K2-250 b","K2-250",185.0315429,-8.9757427,414.70800000,2.71257333,0.0460600000,4.01392000000,1003.00,5003.00,0.797000,2018,"Transit"
"Kepler-1325 b","Kepler-1325",285.0171505,42.0853120,973.36800000,2.86000000,0.2004000000,33.87868380000,564.00,5550.00,0.910000,2016,"Transit"
"Kepler-703 b","Kepler-703",299.1868586,41.7426990,1156.83000000,8.20000000,0.0535000000,4.58352175600,1038.00,6185.00,1.270000,2016,"Transit"
"TOI-1533 c","TOI-1533",355.2467209,57.4852417,100.05100000,7.50000000,0.0760000000,8.06379260000,628.00,5146.00,0.849000,2026,"Transit"
"Kepler-957 b","Kepler-957",290.1563633,48.8189710,824.68800000,5.50000000,0.0559000000,5.90741353700,769.00,4963.00,0.750000,2016,"Transit"
"TOI-3856 b","TOI-3856",145.2229223,27.9501580,314.44300000,13.59649359,0.0325000000,2.04360352000,1544.00,5622.00,1.055000,2025,"Transit"
"Kepler-1740 b","Kepler-1740",293.8736630,38.9224548,1061.77000000,3.32321414,0.0779000000,8.17240047500,858.00,5705.00,0.905000,2021,"Transit"
"Kepler-176 d","Kepler-176",294.6679021,43.8532104,527.32100000,2.51000000,0.1630000000,25.75197400000,501.00,5232.00,0.891000,2014,"Transit"
"K2-150 b","K2-150",18.3443908,8.9874328,102.48300000,2.00000000,0.0727000000,10.59357000000,413.19,3499.00,0.436000,2018,"Transit"
"Kepler-307 b","Kepler-307",297.7950939,40.4176403,575.58100000,2.43000000,0.0935900000,10.42080000000,797.00,5367.00,0.814000,2013,"Transit"
"Kepler-755 c","Kepler-755",296.8609348,41.0973178,399.03400000,1.26000000,0.0370000000,2.85313364400,1016.00,5043.00,0.770000,2016,"Transit"
"Kepler-607 c","Kepler-607",291.0571451,44.6323060,519.12200000,2.76001201,0.2150700000,39.67679977000,473.00,5244.00,0.888000,2021,"Transit"
"TOI-540 b","TOI-540",76.3096949,-47.9375391,14.00220000,0.90300000,0.0122300000,1.23914910000,611.00,3216.00,0.189500,2020,"Transit"
"K2-320 b","K2-320",163.2519122,5.3064776,108.74000000,2.62000000,0.0142000000,1.99500000000,698.00,3157.00,0.300000,2020,"Transit"
"Kepler-1523 b","Kepler-1523",296.0540705,45.8270447,865.59600000,1.58000000,0.0186700000,0.93875077000,1676.00,5708.00,0.960000,2016,"Transit"
"GJ 463 b","GJ 463",185.7440496,64.0324311,18.35540000,13.10000000,3.5300000000,3459.00000000000,63.55,3563.00,0.483000,2022,"Radial Velocity"
"Kepler-62 c","Kepler-62",283.2125621,45.3496992,300.87400000,0.54000000,0.0929000000,12.44170000000,578.00,4925.00,0.640000,2013,"Transit"
"HD 222582 b","HD 222582",355.4640788,-5.9862379,42.15860000,12.60000000,1.3400000000,572.38000000000,256.39,5790.00,1.130000,1999,"Radial Velocity"
"Kepler-210 c","Kepler-210",292.5034196,43.0832188,232.75000000,3.62000000,0.0700000000,7.97251300000,497.00,4559.00,0.650000,2014,"Transit"
"Kepler-1551 b","Kepler-1551",295.7855238,39.9078956,1463.72000000,2.66000000,0.1772000000,24.49736980000,722.00,6136.00,1.220000,2016,"Transit"
"TIC 188624430 b","TIC 188624430",258.5566927,53.7060189,300.74300000,3.64811843,,6.21860433132,,5369.46,0.786574,2026,"Transit"
"Kepler-1174 b","Kepler-1174",281.8314296,42.2988910,1408.75000000,1.59000000,0.0732000000,6.89225223000,1156.00,5936.00,1.040000,2016,"Transit"
"Kepler-269 c","Kepler-269",290.2151459,41.7759810,2257.32000000,1.69000000,0.0810000000,8.12789900000,875.00,5847.00,0.959000,2014,"Transit"
"Kepler-607 b","Kepler-607",291.0571451,44.6323060,519.12200000,0.87000000,0.0137000000,0.63816320400,1874.00,5196.00,0.800000,2016,"Transit"
"Kepler-1981 b","Kepler-1981",287.9754691,38.7402988,659.39500000,9.23000000,1.3292000000,453.54212000000,390.00,5874.00,3.006000,2023,"Transit"
"TOI-6041 c","TOI-6041",46.0610334,43.5576668,72.47310000,10.50000000,0.3721000000,88.00000000000,403.50,5445.00,0.879000,2025,"Radial Velocity"
"HD 109833 c","HD 109833",189.7758591,-74.5740205,79.55610000,2.59000000,,13.90014800000,756.70,5881.00,1.000000,2022,"Transit"
"Kepler-1082 b","Kepler-1082",289.3586737,50.5984489,739.55700000,1.12000000,0.0257100000,1.54320660400,1827.00,5923.00,1.140000,2016,"Transit"
"Kepler-431 d","Kepler-431",281.1123072,43.2277663,486.54600000,1.11000000,0.1045000000,11.92200000000,856.00,6004.00,1.092000,2015,"Transit"
"WASP-170 b","WASP-170",135.4163028,-20.7203686,305.60300000,12.28506400,0.0337000000,2.34478022000,1422.00,5600.00,0.938000,2018,"Transit"
"K2-74 b","K2-74",339.9192984,-8.7145697,377.82200000,2.31000000,0.1402000000,19.56660000000,772.58,6060.00,0.980000,2016,"Transit"
"TOI-1246 d","TOI-1246",251.1158702,70.4299917,169.42200000,3.43139739,0.1320000000,18.65487400000,587.77,5213.00,0.864900,2022,"Transit"
"Kepler-372 d","Kepler-372",291.2562253,49.2589288,1493.95000000,1.69000000,0.2010000000,30.09256800000,660.00,6509.00,1.137000,2014,"Transit"
"HD 25723 b","HD 25723",61.0947182,-12.7922241,114.81600000,13.30000000,1.4900000000,457.01000000000,698.40,4766.00,13.760000,2020,"Radial Velocity"
"TOI-7155 b","TOI-7155",12.4454481,79.2878555,144.75100000,2.40821473,,3.89489711981,914.00,4673.03,0.670748,2026,"Transit"
"Kepler-84 b","Kepler-84",298.2520208,40.4960842,1023.90000000,2.23000000,0.0827000000,8.72600000000,985.00,6039.00,1.430000,2012,"Transit"
"TOI-3353.01","TOI-3353",106.5298146,-75.8195594,78.75770000,2.66675550,0.0601182180,4.66579650000,1264.36,6365.00,1.020700,2024,"Transit"
"Kepler-1555 b","Kepler-1555",287.6354587,45.7160327,2013.27000000,1.61000000,0.0805000000,8.10501635000,959.00,5866.00,1.060000,2016,"Transit"
"Kepler-1725 b","Kepler-1725",294.3735518,40.1946345,558.65200000,2.81251770,0.1326300000,16.71990013000,767.00,6020.00,1.085000,2021,"Transit"
"TOI-2104 b","TOI-2104",151.6122146,83.0878397,76.74180000,1.52898127,,5.90437045700,846.00,4856.13,0.723757,2026,"Transit"
"Kepler-120 b","Kepler-120",287.8915707,39.3390979,388.63000000,2.15000000,0.0550000000,6.31250100000,575.00,4096.00,0.534000,2014,"Transit"
"Kepler-627 b","Kepler-627",292.1042198,39.7678585,984.30700000,3.73000000,0.2266100000,40.69944430000,685.00,6424.00,1.490000,2016,"Transit"
"Kepler-1326 b","Kepler-1326",296.2221990,39.2689420,698.32600000,4.18000000,0.2743000000,42.35142670000,938.00,6725.00,1.740000,2016,"Transit"
"TOI-1184 b","TOI-1184",272.2045196,60.6787845,58.59460000,2.39000000,0.0560270000,5.74843380300,715.47,4534.00,0.690000,2024,"Transit"
"G 192-15 b","G 192-15",90.6220931,49.8619390,9.53114000,1.02000000,0.0172300000,2.27476000000,453.60,2999.00,0.170718,2025,"Radial Velocity"
"HATS-61 b","HATS-61",61.6578005,-25.3496674,679.76100000,13.39475500,0.0790800000,7.81795300000,1226.10,5542.00,1.664000,2018,"Transit"
"Kepler-684 b","Kepler-684",290.8704935,38.2735978,1731.27000000,3.36000000,0.0640000000,6.77030200800,812.00,5493.00,0.860000,2016,"Transit"
"WASP-159 b","WASP-159",68.1364792,-38.9682973,715.38300000,15.46842000,0.0538000000,3.84040100000,1850.00,6120.00,2.110000,2018,"Transit"
"K2-26 b","K2-26",94.2064312,24.5958335,99.05040000,2.67000000,0.0962000000,14.56650000000,430.00,3785.00,0.520000,2016,"Transit"
"TIC 9344899 b","TIC 9344899",72.7939340,-8.4473205,532.22800000,9.16000000,0.0815000000,8.58215660000,923.00,5800.00,1.060000,2026,"Transit"
"WASP-194 b","WASP-194",295.3877064,56.2178049,476.83100000,15.47960235,0.0470000000,3.18338700000,1693.00,6405.00,1.409000,2025,"Transit"
"Kepler-1956 b","Kepler-1956",294.6208506,49.8942190,360.46800000,1.08940238,0.0563000000,5.94371986400,674.00,4391.00,0.682000,2021,"Transit"
"K2-335 b","K2-335",129.3896679,16.5220648,557.99300000,2.21000000,,12.28321100000,949.00,6222.00,1.330000,2021,"Transit"
"Kepler-352 c","Kepler-352",299.8966237,46.0519022,252.73300000,1.24000000,0.1180000000,16.33299500000,591.00,5212.00,0.781000,2014,"Transit"
"Kepler-1175 b","Kepler-1175",289.1426847,46.8129656,1121.89000000,2.99000000,0.2181000000,37.94563000000,515.00,5453.00,0.860000,2016,"Transit"
"TOI-2453 b","TOI-2453",74.8374845,12.9363528,81.90430000,3.24380341,,4.44143463188,550.78,3720.23,0.502498,2026,"Transit"
"TOI-3523 A b","TOI-3523 A",304.2834581,42.9065338,645.29400000,15.97279750,0.0355900000,2.30458952000,1984.00,6450.00,1.448000,2025,"Transit"
"Kepler-1586 b","Kepler-1586",298.2026236,44.9258585,552.55000000,1.52000000,0.1220800000,15.60492120000,1013.00,6681.00,1.750000,2016,"Transit"
"TOI-1062 c","TOI-1062",38.1209678,-78.0236828,82.17330000,3.10000000,0.0800000000,7.97200000000,859.00,5328.00,0.840000,2021,"Radial Velocity"
"Kepler-30 b","Kepler-30",285.2836483,38.9472625,914.22100000,3.90000000,0.1800000000,29.33434000000,524.00,5498.00,0.950000,2012,"Transit"
"Kepler-1285 b","Kepler-1285",281.8353366,44.1558825,422.26900000,0.97000000,0.1275800000,14.79674580000,874.00,6170.00,1.280000,2016,"Transit"
"TOI-1230.01","TOI-1230",118.1295936,-83.8250629,143.13800000,2.38627705,,25.05734661842,1046.51,5696.00,1.152810,2021,"Transit"
"Kepler-416 b","Kepler-416",291.5569554,39.2272923,690.81900000,2.48000000,0.0674000000,6.31900000000,986.00,5718.00,1.075000,2014,"Transit"
"Kepler-416 c","Kepler-416",291.5569554,39.2272923,690.81900000,2.35200000,0.1045400000,12.20900000000,791.00,5718.00,1.075000,2014,"Transit"
"KOI-142 c","KOI-142",291.1481028,40.6694130,376.86300000,14.00000000,0.1541210030,22.26492000000,635.87,5466.00,0.897000,2013,"Transit Timing Variations"
"HD 114082 b","HD 114082",197.3171237,-60.3084347,95.39060000,11.72459381,0.7910000000,225.55040000000,949.67,6610.00,1.482000,2022,"Transit"
"Kepler-103 c","Kepler-103",288.9845512,40.0644857,494.83200000,5.45390000,0.6679000000,179.60978000000,434.00,6047.00,1.492000,2014,"Transit"
"Kepler-433 b","Kepler-433",297.5936232,40.9772546,1878.31000000,16.25000000,0.0679000000,5.33408384000,1776.00,6360.00,2.260000,2015,"Transit"
"CoRoT-8 b","CoRoT-8",291.5885696,1.4262972,322.03700000,6.39000000,0.0630000000,6.21229000000,870.00,5080.00,0.770000,2010,"Transit"
"Kepler-361 c","Kepler-361",296.8034146,46.7411011,930.32000000,2.52000000,0.3000000000,55.18802300000,568.00,6169.00,1.343000,2014,"Transit"
"TOI-5728 b","TOI-5728",260.3509363,67.5504212,54.70450000,1.31000000,,11.49761000000,382.00,3419.00,0.370000,2025,"Transit"
"Kepler-568 b","Kepler-568",298.1061315,48.4016448,130.64500000,2.26000000,0.0794000000,11.02347475000,429.00,3768.00,0.530000,2016,"Transit"
"Kepler-1923 b","Kepler-1923",298.0834457,40.3462551,990.83800000,1.95958179,0.2846000000,52.60969925000,553.00,5881.00,1.294000,2021,"Transit"
"Kepler-1208 b","Kepler-1208",291.8812445,44.5557587,825.17600000,2.32000000,0.0901000000,11.08507637000,665.00,5001.00,0.760000,2016,"Transit"
"Kepler-406 c","Kepler-406",291.8481764,44.9682807,364.03000000,0.85000000,0.0553100000,4.62332000000,1050.00,5538.00,1.070000,2014,"Transit"
"Kepler-1910 b","Kepler-1910",296.6171677,41.2811677,,1.18400000,0.0536000000,5.68876981700,645.00,4234.00,0.639000,2021,"Transit"
"Kepler-1655 b","Kepler-1655",286.6895986,39.2120802,213.26000000,2.21300000,0.1029000000,11.87287870000,938.00,6148.00,1.030000,2018,"Transit"
"HD 191939 g","HD 191939",302.0256247,66.8503014,53.60890000,3.74000000,0.8120000000,284.00000000000,278.00,5348.00,0.940000,2022,"Radial Velocity"
"HD 87816 c","HD 87816",151.5296524,-52.1878679,133.23300000,12.40000000,10.1400000000,7596.00000000000,226.65,4989.00,9.000000,2025,"Radial Velocity"
"Kepler-185 c","Kepler-185",282.4681674,43.8899464,466.73500000,2.02000000,0.1390000000,20.72904200000,530.00,5208.00,0.806000,2014,"Transit"
"TOI-707 b","TOI-707",98.7295889,-67.5372743,130.95900000,2.41600000,0.2750000000,52.79918000000,491.70,5424.00,0.978000,2026,"Transit"
"Kepler-738 b","Kepler-738",287.5696516,46.5679011,1113.65000000,2.50000000,0.1552000000,24.58721573000,530.00,5327.00,0.820000,2016,"Transit"
"Kepler-725 c","Kepler-725",283.9774949,44.8115613,758.46900000,3.08000000,0.6744000000,207.54100000000,268.00,5395.00,0.880000,2025,"Transit Timing Variations"
"Kepler-658 b","Kepler-658",282.9836210,47.5783897,388.38400000,1.63000000,0.0188000000,1.28707676200,871.00,4103.00,0.600000,2016,"Transit"
"HD 235088 b","HD 235088",300.6154535,53.3774418,41.17060000,1.98200000,0.0706000000,7.43413250000,805.00,5075.00,0.772000,2023,"Transit"
"Kepler-93 b","Kepler-93",291.4181275,38.6723124,95.91150000,1.47800000,0.0534300000,4.72673978000,1133.00,5669.00,0.919000,2014,"Transit"
"Kepler-596 b","Kepler-596",289.5006797,51.6857106,1023.85000000,3.46000000,0.1516100000,21.30022655000,725.00,6267.00,1.320000,2016,"Transit"
"K2-174 b","K2-174",60.7929729,16.3471660,99.92930000,2.60000000,0.1260000000,19.56230700000,455.00,4455.00,0.676000,2018,"Transit"
"TOI-2154 b","TOI-2154",71.0281482,84.3642652,296.46000000,16.28664896,0.0513000000,3.82408010000,1580.00,6280.00,1.396000,2023,"Transit"
"Kepler-1357 b","Kepler-1357",291.5480665,50.3532584,1015.69000000,1.28000000,0.0410000000,3.00913240000,1177.00,5597.00,0.900000,2016,"Transit"
"Kepler-1807 b","Kepler-1807",291.5494119,44.5272788,1299.32000000,2.70393215,0.0988000000,10.86060047000,1108.00,6455.00,1.496000,2021,"Transit"
"GJ 3378 b","GJ 3378",90.2951302,59.5931917,7.72274000,1.32000000,0.0967300000,21.45000000000,272.00,3340.00,0.275000,2026,"Radial Velocity"
"Kepler-256 b","Kepler-256",292.5804200,46.0973588,1026.43000000,1.59000000,0.0270000000,1.62049300000,1681.00,5551.00,1.301000,2014,"Transit"
"NGTS-31 b","NGTS-31",80.4212533,-38.6568270,497.37600000,18.04645893,0.0640000000,4.16273400000,1410.00,5710.00,1.700000,2025,"Transit"
"TOI-2525 c","TOI-2525",86.8509737,-60.5213081,395.39800000,10.13291855,0.2490000000,49.25190000000,399.96,5096.00,0.785000,2023,"Transit"
"Kepler-574 b","Kepler-574",290.2470519,52.1491051,682.89600000,2.39000000,0.0723000000,7.65880414000,858.00,5612.00,0.910000,2016,"Transit"
"Kepler-1062 b","Kepler-1062",283.8994187,41.2215940,397.45500000,1.76000000,0.0748000000,9.30412078000,583.00,4597.00,0.700000,2016,"Transit"
"HD 28185 c","HD 28185",66.6100461,-10.5510754,39.38090000,12.80000000,8.5000000000,9090.00000000000,94.85,5602.00,1.048000,2022,"Radial Velocity"
"TOI-1836 c","TOI-1836",245.9079242,54.6900774,191.64900000,2.59987579,0.0308900000,1.77274710000,2007.60,6237.00,1.645400,2024,"Transit"
"Kepler-414 b","Kepler-414",297.9615616,48.2443363,413.46000000,1.71000000,0.0543000000,4.70000000000,1024.00,5536.00,0.946000,2014,"Transit"
"Kepler-411 d","Kepler-411",287.6057027,49.5233937,153.67600000,3.31900000,0.2790000000,58.02035000000,410.00,4974.00,0.820000,2018,"Transit"
"Kepler-247 c","Kepler-247",288.6425609,43.0393769,663.71100000,4.09000000,0.0840000000,9.43945200000,686.00,5100.00,0.768000,2014,"Transit"
"Kepler-725 b","Kepler-725",283.9774949,44.8115613,758.46900000,10.80000000,0.2238000000,39.64372000000,514.00,5395.00,0.880000,2016,"Transit"
"K2-317 b","K2-317",228.6188638,-21.0227209,176.29100000,2.93000000,0.0542000000,6.22000000000,432.00,3387.00,0.379000,2020,"Transit"
"Kepler-1375 b","Kepler-1375",296.2935173,43.4032189,1430.84000000,1.74000000,0.0471000000,3.30041920000,1543.00,6704.00,1.780000,2016,"Transit"
"TOI-6478 b","TOI-6478",149.9918059,-16.1597935,38.60570000,4.60000000,0.1136000000,34.00501900000,204.40,3230.00,0.234000,2025,"Transit"
"Kepler-1338 b","Kepler-1338",284.0422701,41.6990348,753.26000000,0.92000000,0.0193700000,0.93511805700,2124.00,5909.00,1.050000,2016,"Transit"
"WASP-59 b","WASP-59",349.6229547,24.8892770,115.93600000,8.68700000,0.0697000000,7.91958500000,670.00,4650.00,0.613000,2012,"Transit"
"K2-63 c","K2-63",333.4267738,-12.0663429,517.53400000,3.90000000,0.1890000000,25.45560000000,958.85,6771.00,1.630000,2016,"Transit"
"KOI-4978 b","KOI-4978",286.5907635,38.5582993,936.34100000,0.70000000,,0.94196700000,,5050.28,0.966000,2024,"Transit"
"Kepler-1539 b","Kepler-1539",284.2194566,44.2685146,748.32600000,2.70000000,0.4765000000,133.30367410000,301.00,5176.00,0.800000,2016,"Transit"
"Kepler-614 b","Kepler-614",298.3848866,46.2759867,527.99500000,2.39000000,0.1027000000,14.03491514000,641.00,5268.00,0.810000,2016,"Transit"
"Kepler-257 c","Kepler-257",297.3159994,46.0232642,780.25600000,5.41000000,0.0660000000,6.58148400000,881.00,5180.00,1.037000,2014,"Transit"
"TOI-5398 b","TOI-5398",161.8795569,36.3294345,130.85500000,10.30000000,0.0980000000,10.59054700000,947.00,6000.00,1.051000,2022,"Transit"
"TOI-1820 b","TOI-1820",187.6867207,27.4520016,248.50400000,12.77823800,0.0610000000,4.86067400000,1375.00,5734.00,1.510000,2022,"Transit"
"Kepler-1220 b","Kepler-1220",297.0703980,42.9777396,961.90700000,1.52000000,0.0734000000,7.42693741000,899.00,5842.00,0.990000,2016,"Transit"
"TOI-938 b","TOI-938",63.0323442,-12.1188357,215.03400000,4.82401567,,8.80733882211,1073.00,5829.42,0.985134,2026,"Transit"
"Kepler-192 d","Kepler-192",287.9179379,45.5928829,651.67400000,1.02000000,0.0686000000,6.47027579000,926.00,5487.00,0.940000,2016,"Transit"
"Kepler-825 b","Kepler-825",294.7698250,39.3984081,807.85000000,1.53000000,0.0453000000,3.77360059000,1270.00,5976.00,1.080000,2016,"Transit"
"Kepler-1414 b","Kepler-1414",284.9285796,42.4223085,570.83500000,1.23000000,0.0426000000,3.51576315000,1033.00,4951.00,0.750000,2016,"Transit"
"HD 86950 b","HD 86950",150.4066612,-17.3330699,209.83900000,13.00000000,2.7200000000,1270.00000000000,416.76,4805.00,8.800000,2016,"Radial Velocity"
"Kepler-1150 b","Kepler-1150",296.7244553,49.5326846,358.51800000,1.02000000,0.0382000000,2.78786838600,1432.00,4754.00,0.720000,2016,"Transit"
"Kepler-1765 b","Kepler-1765",298.0144601,42.9574314,764.45600000,2.49508857,0.0917000000,10.41889954000,855.00,5692.00,1.064000,2021,"Transit"
"Kepler-831 b","Kepler-831",294.9855607,42.7277355,593.54000000,1.27000000,0.0598400000,5.62153941000,992.00,5732.00,0.970000,2016,"Transit"
"K2-257 b","K2-257",188.2782840,-1.9532879,64.00650000,0.83000000,0.0216000000,1.60588000000,789.00,3725.00,0.500000,2018,"Transit"
"Kepler-27 d","Kepler-27",292.2367608,41.0858710,1044.36000000,2.70619460,0.0657800000,6.54628992100,810.00,5251.00,0.817000,2021,"Transit"
"HIP 29442 d","TOI-469",93.0578446,-14.6493167,68.19200000,1.53800000,0.0673000000,6.42957500000,920.00,5289.00,0.980000,2023,"Radial Velocity"
"Kepler-196 b","Kepler-196",284.9685077,42.0791214,451.31200000,1.90000000,0.1380000000,20.73988600000,536.00,5128.00,0.782000,2014,"Transit"
"Kepler-806 b","Kepler-806",296.0071956,44.8535698,361.89600000,1.14000000,0.0768400000,8.09219642000,1089.00,5770.00,1.160000,2016,"Transit"
"Kepler-1854 b","Kepler-1854",286.2859300,37.3869915,423.34800000,2.58746104,0.2089400000,39.83110046000,420.00,5026.00,0.759000,2021,"Transit"
"TOI-5624 b","TOI-5624",180.8443476,49.2512257,101.91300000,2.31400000,0.0420100000,3.39034730000,1136.00,5327.00,0.820000,2026,"Transit"
"Kepler-739 b","Kepler-739",290.0679940,46.5791535,1370.65000000,3.32000000,0.1054000000,12.53248465000,775.00,5601.00,0.900000,2016,"Transit"
"HD 204313 b","HD 204313",322.0510568,-21.7274194,47.79450000,12.90000000,3.1850000000,2041.11539000000,163.43,5767.00,1.100000,2010,"Radial Velocity"
"Kepler-129 d","Kepler-129",285.3111845,47.8484775,408.84500000,12.60000000,4.0000000000,2646.00000000000,178.86,5770.00,1.653000,2021,"Radial Velocity"
"Kepler-389 c","Kepler-389",291.9600082,44.9000587,816.55900000,1.46000000,0.1100000000,14.51143000000,636.00,5376.00,0.792000,2014,"Transit"
"K2-158 c","K2-158",179.9397081,-5.7216879,197.29900000,1.28000000,0.0622000000,5.90279000000,948.00,5503.00,0.950000,2018,"Transit"
"Kepler-864 c","Kepler-864",285.0570943,46.3206074,2022.90000000,1.62000000,0.0382000000,2.42150341000,1532.00,6213.00,1.195000,2023,"Transit"
"TOI-5800 b","TOI-5800",305.0655462,-7.4119237,42.90520000,2.46000000,0.0344000000,2.62788380000,1108.00,4850.00,0.773000,2025,"Transit"
"TOI-2803 A b","TOI-2803 A",93.1147397,-23.4924956,494.81800000,18.11371281,0.0318500000,1.96229325000,1893.00,6280.00,1.245000,2023,"Transit"
"Kepler-1462 b","Kepler-1462",296.3975420,42.3969273,1017.82000000,3.82000000,0.3094000000,65.64883410000,390.00,5756.00,1.000000,2016,"Transit"
"HD 191939 b","HD 191939",302.0256247,66.8503014,53.60890000,3.41000000,0.0804000000,8.88032560000,880.00,5348.00,0.940000,2020,"Transit"
"HD 212771 b","HD 212771",336.7624130,-17.2641046,111.15500000,13.30000000,1.1900000000,380.70000000000,507.69,5003.00,5.270000,2009,"Radial Velocity"
"Kepler-1695 b","Kepler-1695",293.6193001,46.4134015,791.17500000,1.11948901,0.0529000000,4.73290000000,957.00,5473.19,0.987155,2020,"Transit"
"TOI-1782.02","TOI-1782",213.0787718,74.4117909,95.26490000,1.83900000,0.0257390000,1.82902422700,974.95,4336.00,0.669000,2024,"Transit"
"WASP-119 b","WASP-119",55.9336392,-65.1937800,302.44800000,15.69260000,0.0363000000,2.49979000000,1600.00,5650.00,1.200000,2016,"Transit"
"Kepler-893 b","Kepler-893",284.9630591,43.9130282,1285.59000000,3.03000000,0.0699000000,6.33855761000,1034.00,5820.00,0.990000,2016,"Transit"
"Kepler-1487 c","Kepler-1487",295.4980737,38.6444499,1014.62000000,7.97000000,0.2588000000,35.80071120000,991.00,5745.00,3.955000,2023,"Transit"
"KOI-7913 b","KOI-7913 A",286.7485252,45.1587234,271.27700000,2.34000000,0.1456000000,24.27855300000,432.00,4324.00,0.788000,2022,"Transit"
"TOI-1472 c","TOI-1472",14.1142611,48.6375168,121.84000000,3.33400000,0.1160000000,15.53817470000,662.00,5100.00,0.840000,2025,"Radial Velocity"
"Kepler-1239 b","Kepler-1239",293.1273357,42.3200578,2140.60000000,2.90000000,0.0625000000,5.19104016000,1183.00,6564.00,1.570000,2016,"Transit"
"Kepler-1902 b","Kepler-1902",292.7376545,42.0147792,344.33700000,1.17563613,0.0385000000,3.82222008700,601.00,3729.00,0.514000,2021,"Transit"
"Kepler-297 b","Kepler-297",283.2091605,48.7776156,692.14000000,2.87000000,0.2170000000,38.87182600000,509.00,5619.00,0.915000,2014,"Transit"
"Kepler-351 d","Kepler-351",286.4527949,42.6577891,1083.91000000,2.72000000,0.5177000000,142.54424700000,318.00,5225.00,0.780000,2016,"Transit"
"K2-136 d","K2-136",67.4128615,22.8825674,59.24740000,1.56500000,0.1538000000,25.57500000000,420.00,4500.00,0.677000,2017,"Transit"
"Kepler-789 b","Kepler-789",295.9751549,38.9466396,1480.16000000,2.12000000,0.0951000000,8.63847725000,1419.00,5870.00,1.020000,2016,"Transit"
"K2-279 b","K2-279",204.7792935,-6.0417592,182.98300000,1.21000000,0.0670000000,7.12260500000,879.00,5558.00,0.860000,2018,"Transit"
"nu Oph c","nu Oph",269.7566013,-9.7741342,46.21070000,12.00000000,5.8290000000,3180.60000000000,341.48,4887.00,12.240000,2012,"Radial Velocity"
"KOI-1599.02","KOI-1599",298.3738383,40.6184483,1131.64000000,1.90000000,0.1122930000,13.60880000000,755.00,5833.00,0.972000,2019,"Transit"
"HD 109833 b","HD 109833",189.7758591,-74.5740205,79.55610000,2.88800000,,9.18852600000,786.00,5881.00,1.000000,2022,"Transit"
"HIP 71135 b","HIP 71135",218.2158073,-52.6464757,32.33110000,4.55000000,0.3350000000,87.19000000000,285.11,4146.00,0.681296,2019,"Radial Velocity"
"K2-147 b","K2-147",293.8330329,-28.4984750,90.54940000,1.47286006,0.0157500000,0.96193900000,1077.00,3690.00,0.578000,2018,"Transit"
"Kepler-11 d","Kepler-11",297.1150949,41.9091092,646.34600000,3.12000000,0.1550000000,22.68450000000,653.00,5663.00,1.065000,2010,"Transit"
"K2-131 b","K2-131",182.7514040,-9.7652392,152.50900000,1.69000000,0.0093600000,0.36930380000,2223.00,5120.00,0.759500,2017,"Transit"
"Kepler-218 d","Kepler-218",295.4128785,46.2665801,656.38000000,2.66000000,0.4988400000,124.52446470000,356.00,5542.00,1.020000,2016,"Transit"
"TOI-6054.01","TOI-6054",56.3370070,60.3509170,79.40700000,2.64000000,0.0763000000,7.50142800000,1360.00,6047.00,1.662000,2024,"Transit"
"Kepler-1937 b","Kepler-1937",290.6583922,40.7785383,905.06900000,3.02291330,0.0915000000,9.68859958600,1014.00,6457.00,1.196000,2021,"Transit"
"HAT-P-56 b","HAT-P-56",100.8480137,27.2521823,320.63900000,16.92559000,0.0423000000,2.79083000000,1840.00,6566.00,1.470000,2015,"Transit"
"HD 8574 b","HD 8574",21.3033807,28.5660169,44.82640000,13.40000000,0.7600000000,227.00000000000,394.03,6064.00,1.380000,2002,"Radial Velocity"
"HATS-71 b","HATS-71",15.5518893,-61.7561333,140.22500000,11.47801600,0.0374500000,3.79552020000,586.80,3405.00,0.478300,2020,"Transit"
"K2-341 b","K2-341",130.4971951,19.9166357,421.40800000,3.21000000,,36.55255100000,598.00,5817.00,1.160000,2021,"Transit"
"GJ 1061 b","GJ 1061",54.0032486,-44.5143104,3.67278000,1.04000000,0.0210000000,3.20730000000,388.11,2953.00,0.156000,2020,"Radial Velocity"
"Kepler-102 b","Kepler-102",281.4824731,47.2078263,107.79600000,0.46000000,0.0552100000,5.28696500000,857.00,4909.00,0.724000,2014,"Transit"
"Kepler-731 b","Kepler-731",296.3931945,45.5685330,1257.16000000,13.88000000,0.0505000000,3.85560355100,1212.00,5849.00,1.060000,2016,"Transit"
"K2-194 b","K2-194",204.6089755,-8.9271609,629.51000000,3.64229858,,39.72138600000,,5979.00,1.281115,2018,"Transit"
"Kepler-915 b","Kepler-915",290.5921293,45.7372184,849.03600000,1.50000000,0.0565500000,4.59489604000,1319.00,6173.00,1.380000,2016,"Transit"
"TIC 241249530 b","TIC 241249530",95.3088995,53.2950203,324.44800000,13.29385111,0.6410000000,165.77190000000,438.94,6166.00,1.397000,2024,"Transit"
"TOI-5795 b","TOI-5795",304.8687820,-7.5476595,156.53000000,5.62000000,0.0640000000,6.14063250000,1136.78,5715.00,1.082000,2025,"Transit"
"K2-196 b","K2-196",200.4562487,-8.4717104,584.87700000,3.59970536,,48.32422200000,,6045.00,1.538801,2018,"Transit"
"Kepler-1315 b","Kepler-1315",295.8215678,46.0530562,480.86900000,1.38000000,0.0161700000,0.84338011000,1541.00,4861.00,0.750000,2016,"Transit"
"Kepler-93 c","Kepler-93",291.4181275,38.6723124,95.91150000,,,1460.00000000000,,5669.00,0.920000,2014,"Radial Velocity"
"TOI-5599 b","TOI-5599",199.3262375,55.6815392,547.94800000,7.18882120,,5.43691503941,1496.00,6137.02,1.913340,2026,"Transit"
"Kepler-1912 b","Kepler-1912",282.1178211,46.2239547,297.01700000,1.35670508,0.0648900000,6.05921983700,976.00,5734.00,0.962000,2021,"Transit"
"TOI-1260 c","TOI-1260",157.1440712,65.8541986,73.59770000,2.76000000,0.0657000000,7.49313400000,651.00,4227.00,0.672000,2021,"Transit"
"Kepler-306 e","Kepler-306",288.5387145,40.6160545,775.67900000,2.27000000,0.2270000000,44.84097500000,390.00,4954.00,0.719000,2014,"Transit"
"K2-396 b","K2-396",74.6928607,17.2690562,274.86400000,1.57900000,,0.67386200000,,5236.00,0.920000,2022,"Transit"
"HD 10442 b","HD 10442",25.4715240,2.7044193,135.37400000,13.60000000,2.0100000000,1032.30000000000,234.49,4912.00,1.970000,2014,"Radial Velocity"
"Kepler-198 c","Kepler-198",290.6731326,38.6910045,495.35800000,2.47000000,0.2590000000,49.56741600000,465.00,5574.00,0.940000,2014,"Transit"
"Kepler-129 b","Kepler-129",285.3111845,47.8484775,408.84500000,2.40000000,0.1300000000,15.79000000000,910.00,5770.00,1.653000,2014,"Transit"
"Kepler-1549 b","Kepler-1549",286.0524399,39.0960281,803.05200000,2.57000000,0.6687000000,214.88654500000,286.00,5324.00,0.840000,2016,"Transit"
"HD 8326 b","HD 8326",20.5314418,-26.8940678,30.68620000,9.58000000,0.5330000000,158.99100000000,287.23,4914.00,0.783181,2019,"Radial Velocity"
"Kepler-1800 b","Kepler-1800",297.6513317,40.3524154,350.45500000,0.99679734,0.0509800000,4.56202983900,1533.00,5343.00,2.506000,2021,"Transit"
"TOI-1742 b","TOI-1742",257.3288678,71.8766724,72.88710000,2.36507598,0.1540000000,21.26908400000,694.09,5815.00,1.131000,2024,"Transit"
"BD+45 564 b","BD+45 564",32.9470485,45.9242187,53.62200000,13.60000000,0.8300000000,307.88000000000,238.82,5004.00,0.813064,2021,"Radial Velocity"
"HD 11343 c","HIP 8541",27.5271962,-54.4651633,155.12100000,13.90000000,0.9230000000,228.53731000000,613.29,4672.00,6.840000,2022,"Radial Velocity"
"TOI-2295 b","TOI-2295",281.5761962,50.4924657,126.27900000,16.47720163,0.1992000000,30.03330200000,747.00,5730.00,1.459000,2024,"Transit"
"Kepler-656 c","Kepler-656",288.3278778,47.3815380,890.35200000,1.41000000,0.0602000000,5.25449393000,975.00,5550.00,0.954000,2023,"Transit"
"Kepler-1941 b","Kepler-1941",296.6270184,49.3538910,1494.39000000,2.64976949,0.2054000000,31.33510017000,666.00,6404.00,1.142000,2021,"Transit"
"Kepler-1311 d","Kepler-1311",289.6512597,43.8244445,866.33100000,9.65837605,0.6843400000,197.51100160000,391.00,5616.00,1.674000,2021,"Transit"
"Kepler-1316 b","Kepler-1316",298.8358277,40.2930714,800.87100000,3.54000000,0.3976500000,87.97321360000,446.00,5884.00,1.120000,2016,"Transit"
"TOI-6954 b","TOI-6954",168.3240591,-2.7877643,190.04200000,3.63524486,,4.02074127419,930.00,5170.87,0.947112,2026,"Transit"
"WASP-7 b","WASP-7",311.0427558,-39.2254856,162.30300000,14.90797000,0.0617000000,4.95464160000,1487.00,6400.00,1.432000,2008,"Transit"
"DS Tuc A b","DS Tuc A",354.9154673,-69.1960430,44.06220000,5.70000000,,8.13826800000,850.00,5428.00,0.964000,2019,"Transit"
"TOI-128.01","TOI-128",79.5209381,-80.9643840,68.47270000,2.21898000,0.0538101900,4.94046810000,1344.51,6086.00,1.130000,2024,"Transit"
"TOI-209 b","TOI-209",19.3941777,-66.9030660,113.38700000,2.39472090,,4.37943587445,845.78,4806.66,0.742779,2026,"Transit"
"TOI-261.01","TOI-261",15.2181412,-24.4239934,114.49500000,3.04498630,0.0347921890,3.36392540000,1722.49,5890.30,1.280180,2021,"Transit"
"TOI-261.02","TOI-261",15.2181412,-24.4239934,114.49500000,3.34822227,,13.03935862135,1007.53,5890.30,1.313830,2021,"Transit"
"TOI-262 b","TOI-262",32.5346870,-31.0706272,43.93200000,2.07000000,0.1630000000,11.14529000000,584.00,5310.00,0.853000,2023,"Transit"
"TOI-2040 b","TOI-2040",352.2747299,71.5064737,144.71700000,10.32347122,0.0473000000,3.86085760000,1070.00,5132.00,0.870000,2026,"Transit"
"TOI-2227 b","TOI-2227",337.5177563,-67.8501459,165.44100000,3.09885187,,4.22175815648,1539.88,5889.54,1.208470,2026,"Transit"
"TOI-2977 b","TOI-2977",143.9265177,-60.3574758,,13.15934334,0.0338600000,2.35056140000,1544.00,5691.00,1.073000,2023,"Transit"
"Kepler-256 d","Kepler-256",292.5804200,46.0973588,1026.43000000,2.48000000,0.0640000000,5.83917200000,1097.00,5551.00,1.301000,2014,"Transit"
"K2-90 c","K2-90",59.1527391,22.4724517,134.18800000,1.30000000,0.0350000000,2.90070600000,908.07,4421.98,0.634754,2016,"Transit"
"HD 11506 d","HD 11506",28.2106607,-19.5073960,51.26100000,12.30000000,18.2000000000,26500.00000000000,77.07,6123.00,1.240000,2022,"Radial Velocity"
"Kepler-1118 b","Kepler-1118",299.9656619,44.1608805,888.32500000,2.74000000,0.2079000000,38.67150750000,502.00,5688.00,0.970000,2016,"Transit"
"K2-247 c","K2-247",188.8935189,-10.0692793,258.11300000,2.19000000,0.0615000000,6.49424000000,688.00,4667.00,0.690000,2018,"Transit"
"K2-322 b","K2-322",156.6226981,4.7640203,123.41500000,1.92000000,0.0594000000,8.20500000000,635.00,4141.00,0.602000,2020,"Transit"
"HD 141004 b","HD 141004",236.6099205,7.3527684,11.81480000,3.77000000,0.1238000000,15.50830000000,950.73,5885.38,1.389372,2021,"Radial Velocity"
"Kepler-168 c","Kepler-168",294.7101832,39.8250437,1343.60000000,2.69000000,0.1160000000,13.19324200000,862.00,6282.00,1.107000,2014,"Transit"
"Kepler-419 b","Kepler-419",295.4179125,51.1847629,1011.36000000,10.80000000,0.3700000000,69.75460000000,613.00,6430.00,1.740000,2014,"Transit"
"TOI-4153 b","TOI-4153",335.3934698,82.2160792,423.84000000,16.11851425,0.0631100000,4.61741410000,1669.00,6860.00,1.605000,2024,"Transit"
"TOI-1422 c","TOI-1422",354.2408290,39.6392793,155.14100000,2.61000000,0.2050000000,34.56330000000,628.00,5840.00,1.019000,2025,"Radial Velocity"
"TOI-4155 b","TOI-4155",325.6362269,77.7343836,240.73700000,3.21000000,,3.32072900000,1255.00,5724.00,0.950000,2025,"Transit"
"GJ 9689 b","GJ 9689",303.4677310,13.3888921,30.62030000,3.07000000,0.1139000000,18.27000000000,453.04,3836.00,0.570000,2020,"Radial Velocity"
"Kepler-169 d","Kepler-169",285.9999204,40.9193822,406.52900000,1.25000000,0.0750000000,8.34812500000,702.00,4997.00,0.763000,2014,"Transit"
"Kepler-191 d","Kepler-191",291.1833211,45.3230937,594.46400000,2.28000000,0.0610400000,5.94504101700,857.00,5215.00,0.800000,2016,"Transit"
"K2-8 b","K2-8",169.7935178,-0.2844389,403.51300000,3.58000000,0.0856000000,10.35239000000,631.00,4870.00,0.740000,2015,"Transit"
"HATS-33 b","HATS-33",294.6336944,-55.3302692,248.46000000,13.78707000,0.0372700000,2.54955510000,1429.00,5659.00,1.022000,2016,"Transit"
"Kepler-1464 b","Kepler-1464",287.2356828,38.7540824,1151.73000000,1.66000000,0.2006600000,31.77859010000,564.00,5828.00,1.010000,2016,"Transit"
"Kepler-805 b","Kepler-805",293.2300178,45.0533640,638.49000000,2.89000000,0.1985200000,30.86389310000,743.00,6112.00,1.650000,2016,"Transit"
"17 Sco b","17 Sco",243.4620874,-11.8377905,124.95300000,12.90000000,1.4500000000,578.38000000000,847.51,4157.00,25.920000,2020,"Radial Velocity"
"Kepler-264 c","Kepler-264",292.0446280,37.3761861,942.17300000,2.83000000,0.5660000000,140.10126100000,511.00,6158.00,1.550000,2014,"Transit"
"HR 858 b","HR 858",42.9849779,-30.8140609,31.96400000,2.00400000,0.0488800000,3.58528700000,1552.00,6354.00,1.258000,2019,"Transit"
"Kepler-941 b","Kepler-941",294.3262617,47.2175461,1088.36000000,3.08000000,0.1311000000,17.42395198000,722.00,5539.00,0.860000,2016,"Transit"
"Kepler-1832 b","Kepler-1832",299.8517779,43.7320611,486.17400000,1.22719556,0.0370000000,3.13878989200,1022.00,5242.00,0.722000,2021,"Transit"
"TOI-833 b","TOI-833",145.6454720,-62.4758857,41.71480000,1.27000000,0.0171000000,1.04187770000,1118.00,3920.00,0.600000,2022,"Transit"
"HD 38283 b","HD 38283",84.2605324,-73.6998131,38.06150000,14.00000000,1.0200000000,363.20001000000,348.58,5981.00,1.490000,2010,"Radial Velocity"
"Kepler-341 b","Kepler-341",289.8615609,43.4727412,1047.03000000,1.18000000,0.0600000000,5.19552800000,1085.00,6012.00,1.024000,2014,"Transit"
"TIC 153919886 b","TIC 153919886",171.8440734,68.1810449,132.33000000,2.70601108,,2.10510492329,,4137.16,0.591697,2026,"Transit"
"Kepler-1669 b","Kepler-1669",297.4303826,39.8478795,543.44400000,2.78043818,0.0745000000,9.51216000000,530.00,4303.00,0.714145,2020,"Transit"
"Kepler-295 c","Kepler-295",285.3458383,45.3677754,1699.19000000,1.17000000,0.1420000000,21.52625800000,621.00,5603.00,0.898000,2014,"Transit"
"NN Ser c","NN Ser",238.2337015,12.9120871,515.81800000,12.60000000,5.3500000000,6987.00000000000,,57000.00,,2010,"Eclipse Timing Variations"
"Kepler-1802 b","Kepler-1802",300.2420869,44.1412854,636.69400000,1.67100000,0.0662000000,15.45020008000,581.00,4245.00,0.637000,2021,"Transit"
"TOI-6008 b","TOI-6008",310.4487344,49.6468992,23.10080000,1.03000000,0.0107770000,0.85743470000,707.00,3075.00,0.242000,2024,"Transit"
"Kepler-1437 b","Kepler-1437",291.8649164,49.3258690,2101.69000000,1.37000000,0.0951000000,10.92954610000,770.00,5557.00,0.900000,2016,"Transit"
"Kepler-330 b","Kepler-330",288.4474035,44.8017616,717.52700000,1.35000000,0.0750000000,8.25978000000,714.00,5117.00,0.722000,2014,"Transit"
"Kepler-100 c","Kepler-100",291.3861294,41.9901394,304.64500000,2.20000000,0.1106100000,12.81590000000,939.00,5825.00,1.490000,2014,"Transit"
"K2-377 b","K2-377",202.8978870,-12.0951142,195.14900000,1.69300000,,12.83223500000,,4200.00,0.691000,2022,"Transit"
"Kepler-554 b","Kepler-554",296.4068982,51.3581938,690.52500000,4.29000000,0.0302200000,1.90220855600,1346.00,5447.00,0.920000,2016,"Transit"
"Kepler-208 e","Kepler-208",293.8901979,42.5279413,775.32800000,1.48000000,0.1320000000,16.25945800000,880.00,6092.00,1.314000,2014,"Transit"
"Kepler-1287 b","Kepler-1287",289.1346298,47.0630180,1003.26000000,1.54000000,0.0976000000,11.47685909000,796.00,5715.00,0.940000,2016,"Transit"
"Kepler-646 b","Kepler-646",290.4714596,44.3870422,451.79400000,1.99000000,0.1125100000,15.87364565000,632.00,5634.00,0.910000,2016,"Transit"
"Kepler-1880 b","Kepler-1880",287.8264561,40.6965988,611.04100000,2.11686218,0.0540000000,6.30921983700,606.00,4380.00,0.530000,2021,"Transit"
"Kepler-587 b","Kepler-587",288.6706571,47.3991249,787.89400000,2.23000000,0.0952000000,10.94027841000,764.00,5549.00,0.890000,2016,"Transit"
"EPIC 201238110 b","EPIC 201238110",179.7058532,-3.3894613,159.25900000,1.87000000,,28.16560000000,,3587.00,0.374000,2019,"Transit"
"K2-240 c","K2-240",227.8493710,-17.8754464,72.91050000,1.80000000,0.1159000000,20.52300000000,389.00,3810.00,0.540000,2018,"Transit"
"Kepler-1495 b","Kepler-1495",286.1306907,38.7795494,1355.54000000,2.94000000,0.3677000000,85.27325600000,443.00,5831.00,1.040000,2016,"Transit"
"Kepler-508 b","Kepler-508",295.4042546,42.9812789,324.61800000,1.64000000,0.1727400000,25.30889748000,710.00,6025.00,1.250000,2016,"Transit"
"HD 191939 f","HD 191939",302.0256247,66.8503014,53.60890000,13.20000000,3.7100000000,2898.00000000000,125.00,5348.00,0.940000,2022,"Radial Velocity"
"HN Peg b","HN Peg",326.1315705,14.7714524,18.11860000,11.77680000,773.0000000000,,10.77,6186.00,1.006954,2006,"Imaging"
"K2-413 b","K2-413",353.4175668,-7.6120272,285.16200000,0.75990000,0.0117000000,0.80940000000,1535.20,4116.00,0.700000,2022,"Transit"
"KOI-351 h","KOI-351",284.4334642,49.3051239,848.25400000,11.25200000,0.9706200000,331.60296000000,294.00,6031.13,1.185000,2013,"Transit"
"HD 60779 c","HD 60779",114.0047579,-3.1512910,35.44450000,5.79000000,,104.79000000000,,6081.00,1.129000,2026,"Radial Velocity"
"K2-19 c","K2-19",174.9602543,0.6035960,289.82700000,4.10000000,0.0982000000,11.90600000000,679.00,5322.00,0.820000,2015,"Transit"
"TOI-3160 A b","TOI-3160 A",224.5658555,-27.6825503,567.67800000,13.76462830,0.0505000000,3.97128100000,1539.00,6190.00,1.346000,2025,"Transit"
"Kepler-1333 b","Kepler-1333",293.5275797,41.1113940,932.44600000,2.81000000,0.4382000000,109.64718420000,428.00,5628.00,0.920000,2016,"Transit"
"Kepler-1715 b","Kepler-1715",293.9297337,41.6029048,522.60500000,4.14042267,0.2242900000,35.59730148000,646.00,6212.00,1.209000,2021,"Transit"
"Kepler-1885 b","Kepler-1885",288.7507112,47.4909206,818.48200000,1.51110555,0.0360000000,2.52255988100,1205.00,5591.00,0.860000,2021,"Transit"
"TOI-1803 c","TOI-1803",178.0461054,35.1718001,119.24000000,4.29000000,0.0970000000,12.88577900000,588.00,4687.00,0.715000,2025,"Transit"
"Kepler-1116 b","Kepler-1116",291.9336573,44.1154992,1008.57000000,2.54000000,0.2330000000,41.69778270000,488.00,5641.00,0.930000,2016,"Transit"
"Kepler-232 b","Kepler-232",295.8161668,51.1217249,1349.13000000,3.08000000,0.0540000000,4.43122200000,1104.00,5847.00,0.968000,2014,"Transit"
"HD 141399 d","HD 141399",236.7235392,46.9862880,37.01690000,13.70000000,2.0900000000,1069.80000000000,220.00,5600.00,1.387236,2014,"Radial Velocity"
"HIP 57274 b","HIP 57274",176.1705487,30.9576484,25.86180000,,0.0700000000,8.13520000000,725.95,4510.00,0.780000,2011,"Radial Velocity"
"Kepler-398 d","Kepler-398",291.4688524,40.3437001,177.35500000,0.88000000,0.0618000000,6.83437001000,636.00,4557.00,0.670000,2016,"Transit"
"HD 158259 b","HD 158259",261.3495847,52.7904721,27.04980000,1.28228000,,2.17800000000,1462.00,5801.89,1.210000,2020,"Radial Velocity"
"Kepler-577 b","Kepler-577",294.7119855,39.0737317,524.24700000,2.55000000,0.1348000000,25.69578251000,314.00,4984.00,0.730000,2016,"Transit"
"Kepler-953 b","Kepler-953",288.9716297,44.6246451,258.89300000,4.21000000,0.3920000000,88.40655258000,410.00,5416.00,0.990000,2016,"Transit"
"HD 124330 b","HD 124330",212.8207093,54.4089731,60.19770000,14.00000000,0.8600000000,270.66000000000,348.79,5873.00,1.304460,2021,"Radial Velocity"
"Kepler-1966 b","Kepler-1966",292.4637788,41.2990438,484.60100000,1.10479327,0.0763000000,8.61742973300,733.00,5009.00,0.840000,2021,"Transit"
"Kepler-212 c","Kepler-212",287.6208165,43.1416239,687.19400000,2.74000000,0.2070000000,31.80517400000,664.00,5852.00,1.455000,2014,"Transit"
"HD 238914 b","HD 238914",279.5842102,59.2538819,519.45200000,12.80000000,5.7000000000,4100.00000000000,343.67,4769.00,12.730000,2018,"Radial Velocity"
"Kepler-44 b","Kepler-44",300.1023512,45.7621918,1188.00000000,12.22000000,0.0446000000,3.24672930000,1544.00,5800.00,1.350000,2011,"Transit"
"Kepler-158 b","Kepler-158",284.0323723,39.7815365,315.17700000,2.12000000,0.1110000000,16.70918400000,500.00,4623.00,0.624000,2014,"Transit"
"Kepler-1080 b","Kepler-1080",296.4644914,49.1828952,1382.82000000,3.28000000,0.3781000000,77.25483960000,548.00,5956.00,1.160000,2016,"Transit"
"Kepler-1228 b","Kepler-1228",296.5527610,46.9661945,515.45300000,1.54000000,0.0118600000,0.57736957900,1757.00,5063.00,0.740000,2016,"Transit"
"TOI-5786 b","TOI-5786",293.3223259,30.7042468,192.47500000,8.54000000,0.1140000000,12.77910700000,1040.00,6235.00,1.360000,2025,"Transit"
"Kepler-1850 b","Kepler-1850",287.1428295,43.6161177,250.19900000,0.72909663,0.0206000000,1.38580000400,1008.00,4239.00,0.600000,2021,"Transit"
"75 Cet c","75 Cet",38.0391598,-1.0350269,82.96130000,13.90000000,3.9290000000,2051.62000000000,376.92,4809.00,10.380000,2023,"Radial Velocity"
"TOI-2345 b","TOI-2345",43.8847940,-34.9779745,81.65410000,1.50400000,0.0170500000,1.05285730000,1478.00,4687.00,0.729000,2025,"Transit"
"DMPP-1 e","DMPP-1",86.7761233,-10.6303217,62.53880000,1.86000000,0.0651000000,5.51600000000,1314.00,6196.00,1.260000,2019,"Radial Velocity"
"Kepler-548 b","Kepler-548",299.9059167,45.4396103,751.77600000,11.99000000,0.0495000000,4.45419433800,1017.00,5535.00,0.900000,2016,"Transit"
"Kepler-260 c","Kepler-260",291.9259658,38.0140525,627.36500000,1.74000000,0.3320000000,76.05017800000,372.00,5250.00,0.862000,2014,"Transit"
"Kepler-1460 b","Kepler-1460",285.5577888,44.0108221,553.21800000,1.96000000,0.1614000000,29.96332470000,391.00,4422.00,0.670000,2016,"Transit"
"HD 133131 B b","HD 133131 B",225.8999745,-27.8415947,51.29930000,13.30000000,6.1500000000,5769.00000000000,112.28,5805.00,0.989538,2016,"Radial Velocity"
"HD 158259 d","HD 158259",261.3495847,52.7904721,27.04980000,2.18000000,,5.19808140000,,5801.89,1.210000,2020,"Radial Velocity"
"WASP-138 b","WASP-138",41.6391598,-0.4641252,414.23400000,12.21781000,0.0494000000,3.63443300000,1590.00,6272.00,1.360000,2016,"Transit"
"TOI-5181 A b","TOI-5181 A",280.6774738,21.6998203,480.15500000,13.34989601,0.0522000000,3.89222950000,1585.00,6060.00,1.530000,2025,"Transit"
"Kepler-599 b","Kepler-599",285.9115968,41.0695091,558.51700000,2.84000000,0.1128000000,15.65562652000,623.00,5127.00,0.790000,2016,"Transit"
"Kepler-158 d","Kepler-158",284.0323723,39.7815365,315.17700000,0.43000000,,0.64508800000,,4895.97,0.668000,2024,"Transit"
"Kepler-575 b","Kepler-575",286.9638856,37.8296147,853.97700000,2.39000000,0.0788000000,9.37891944000,803.00,5710.00,0.950000,2016,"Transit"
"EPIC 246851721 b","EPIC 246851721",78.9198197,16.2786991,372.63200000,11.78065900,0.0722900000,6.18023500000,1401.00,6202.00,1.586000,2018,"Transit"
"HD 1461 b","HD 1461",4.6762645,-8.0536206,23.45340000,2.42000000,0.0634000000,5.77152000000,1185.14,5765.00,1.152288,2010,"Radial Velocity"
"Gl 725 A b","Gl 725 A",280.6834312,59.6381090,3.52140000,1.48000000,0.0680000000,11.22010000000,376.10,3433.00,0.351000,2025,"Radial Velocity"
"Kepler-1218 b","Kepler-1218",291.5788505,44.5316825,840.50300000,1.44000000,0.1569800000,22.92212660000,684.00,5986.00,1.100000,2016,"Transit"
"Kepler-1891 b","Kepler-1891",290.0438524,44.3705375,596.24000000,1.52139156,0.0473000000,4.02229023000,1017.00,5516.00,0.827000,2021,"Transit"
"Kepler-782 b","Kepler-782",288.8682460,47.7594700,446.84400000,3.21000000,0.5449400000,158.68533080000,350.00,5867.00,1.010000,2016,"Transit"
"Kepler-330 c","Kepler-330",288.4474035,44.8017616,717.52700000,1.95000000,0.1160000000,15.95538700000,573.00,5117.00,0.722000,2014,"Transit"
"Kepler-987 b","Kepler-987",289.4110582,46.1308443,914.12600000,3.26000000,0.4238000000,105.30331480000,351.00,5637.00,0.910000,2016,"Transit"
"Kepler-385 d","Kepler-385",294.3385109,50.3365178,1432.61000000,2.61864480,0.2872000000,56.41590000000,535.00,5829.00,1.157000,2020,"Transit"
"Kepler-115 c","Kepler-115",297.7119299,45.2619850,623.60900000,2.60000000,0.0870000000,8.99088900000,960.00,5979.00,1.205000,2014,"Transit"
"TOI-2120 b","TOI-2120",23.5073150,65.5139877,32.17550000,2.12200000,0.0377000000,5.79981640000,384.00,3131.00,0.245000,2024,"Transit"
"K2-395 b","K2-395",70.4438684,16.6743415,286.72700000,2.59700000,,4.80335200000,,5007.00,0.783000,2022,"Transit"
"KOI-1833 d","Kepler-968",285.6025889,50.1120401,290.32400000,2.58000000,0.0634000000,7.68500000000,613.00,4413.00,0.667000,2021,"Transit"
"Kepler-734 b","Kepler-734",297.0456122,46.0273893,1157.21000000,3.56000000,0.0583000000,6.10485285600,784.00,5326.00,0.780000,2016,"Transit"
"HD 104067 c","HD 104067",179.7923543,-20.3556058,20.36320000,3.69000000,0.1058000000,13.89920000000,648.36,4952.00,0.780000,2024,"Radial Velocity"
"Kepler-514 b","Kepler-514",286.2471739,50.2423694,455.33600000,1.72000000,0.0655900000,5.65179605000,1248.00,6106.00,1.440000,2016,"Transit"
"Kepler-1456 b","Kepler-1456",286.9453381,43.8228023,370.31200000,1.14000000,0.1132000000,18.13738290000,433.00,4231.00,0.620000,2016,"Transit"
"TOI-1411 b","TOI-1411",232.9460470,47.0555507,32.47780000,1.19880592,0.0212200000,1.45205270000,976.40,4115.00,0.614000,2022,"Transit"
"Kepler-1614 b","Kepler-1614",284.8713893,49.7758867,1191.19000000,1.49000000,0.0471000000,3.94661410000,981.00,5121.00,0.760000,2016,"Transit"
"CoRoT-20 b","CoRoT-20",97.7204249,0.2268931,844.06100000,9.41556000,0.0900000000,9.24285000000,1024.00,5880.00,1.020000,2011,"Transit"
"K2-187 d","K2-187",132.5235618,23.1924709,330.91600000,2.40000000,0.0720000000,7.14958400000,865.00,5438.00,0.830000,2018,"Transit"
"HD 44219 b","HD 44219",95.0599971,-10.7250799,52.90510000,14.10000000,1.2600000000,472.00000000000,283.89,5752.00,1.320000,2010,"Radial Velocity"
"Kepler-142 c","Kepler-142",295.1190067,48.4813635,548.68600000,2.86000000,0.0570000000,4.76170200000,1201.00,5790.00,1.269000,2014,"Transit"
"HD 72659 b","HD 72659",128.5128072,-1.5686323,51.89490000,13.20000000,4.6070000000,3549.00000000000,155.34,5929.00,1.360000,2002,"Radial Velocity"
"Kepler-652 b","Kepler-652",288.0080899,46.4736108,394.55000000,2.49000000,0.0495800000,4.18200253100,974.00,5490.00,0.880000,2016,"Transit"
"TOI-332 b","TOI-332",348.0589516,-44.8764852,222.85200000,3.20000000,0.0159000000,0.77703800000,1871.00,5251.00,0.870000,2023,"Transit"
"K2-62 b","K2-62",334.3645089,-12.1874776,112.46700000,2.02000000,0.0636000000,6.67199000000,666.00,4455.00,0.696000,2016,"Transit"
"K2-380 b","K2-380",283.4346389,-26.5387308,249.30300000,2.72900000,,9.40131200000,,5911.00,1.320000,2022,"Transit"
"Kepler-785 b","Kepler-785",292.0683108,38.8422004,642.05100000,13.02000000,0.0250000000,1.97376092600,753.00,4739.00,0.710000,2016,"Transit"
"K2-224 b","K2-224",189.7041426,-10.0605942,275.25500000,1.56000000,0.0516000000,4.47904000000,1002.00,5620.00,0.840000,2018,"Transit"
"Kepler-1066 b","Kepler-1066",298.8666210,46.5022325,344.25100000,2.36000000,0.0298000000,1.93155983900,1290.00,5762.00,0.980000,2016,"Transit"
"Kepler-1315 c","Kepler-1315",295.8215678,46.0530562,480.86900000,1.84398883,0.0635000000,6.56606006600,777.00,4818.00,0.856000,2021,"Transit"
"TOI-375 d","TOI-375",47.1499034,-77.3833275,396.21300000,13.60000000,0.9840000000,297.90000000000,434.00,5259.90,2.900000,2026,"Radial Velocity"
"KIC 9663113 b","KIC 9663113",297.0454037,46.3286653,1594.74000000,4.60000000,1.5534600000,572.38470000000,264.00,6065.00,1.030000,2015,"Transit"
"NGTS-12 b","NGTS-12",176.2499418,-35.6405630,446.44200000,11.74703200,0.0757000000,7.53280600000,1257.00,5690.00,1.589000,2020,"Transit"
"Kepler-1240 b","Kepler-1240",282.9997682,40.5574322,862.18600000,1.15000000,0.0579100000,4.86638150000,1121.00,5682.00,0.960000,2016,"Transit"
"KIC 7917485 b","KIC 7917485",299.4346094,43.6326069,1382.89000000,12.40000000,,840.00000000000,,7067.00,2.009938,2016,"Pulsation Timing Variations"
"HD 26161 b","HD 26161",62.4122255,31.6524346,40.91280000,11.90000000,10.0870000000,10942.29013000000,110.98,6057.62,1.455981,2021,"Radial Velocity"
"Kepler-1323 b","Kepler-1323",292.8722515,46.0987290,465.41700000,1.52000000,0.0191100000,0.92990667800,2291.00,6169.00,1.400000,2016,"Transit"
"TOI-2379 b","TOI-2379",358.0920465,-53.0431560,211.24700000,11.72459381,0.0526300000,5.46938270000,624.00,3707.00,0.622000,2024,"Transit"
"Kepler-657 b","Kepler-657",291.1973006,47.3077545,1691.88000000,3.52000000,0.1733700000,24.54350418000,616.00,5808.00,1.010000,2016,"Transit"
"K2-198 c","K2-198",198.8436817,-6.4649888,110.56700000,1.42300000,,3.35960550000,1229.90,5212.90,0.757000,2019,"Transit"
"HD 170469 b","HD 170469",277.2955423,11.6954244,60.17800000,14.10000000,2.2400000000,1145.00000000000,209.60,5842.00,1.240000,2007,"Radial Velocity"
"Kepler-139 d","Kepler-139",282.3919451,43.8894167,391.03800000,1.69500000,0.0755533961,7.30569992200,972.00,5622.00,1.045000,2023,"Transit"
"Kepler-1639 b","Kepler-1639",283.0686510,48.8021209,1031.31000000,2.58000000,0.0932000000,9.87848200000,1003.00,6150.00,1.180000,2016,"Transit"
"TOI-2580 b","TOI-2580",62.1992072,67.1165264,379.25300000,17.37392009,0.0480000000,3.39775000000,2410.00,6120.00,1.810000,2024,"Transit"
"Kepler-1000 b","Kepler-1000",286.6854729,47.0981948,1115.62000000,4.76000000,0.5326000000,120.01812720000,473.00,6453.00,1.510000,2016,"Transit"
"TOI-2088 b","TOI-2088",261.3748943,75.8822796,126.46000000,3.68311790,0.4720000000,124.72997000000,300.33,5081.00,0.848100,2024,"Transit"
"HIP 98599 b","HIP 98599",300.4090608,-22.1110649,75.94280000,12.70000000,3.9600000000,2656.00000000000,171.08,5978.00,1.394840,2026,"Radial Velocity"
"K2-154 b","K2-154",189.0015173,-2.6696217,129.35600000,1.99000000,0.0405000000,3.67626000000,715.00,4097.00,0.630000,2018,"Transit"
"Kepler-240 b","Kepler-240",291.1587635,40.7502108,746.92700000,1.37000000,0.0480000000,4.14449500000,864.00,4985.00,0.739000,2014,"Transit"
"HIP 38594 c","HIP 38594",118.5439118,-25.3023073,17.78860000,7.94000000,3.8050000000,3477.76800000000,79.96,4086.30,0.626646,2020,"Radial Velocity"
"Kepler-145 c","Kepler-145",291.3877397,44.5290465,566.85000000,4.32000000,0.2624400000,42.88200000000,709.00,6022.00,1.850000,2013,"Transit"
"Kepler-144 b","Kepler-144",281.9156128,42.7755535,384.91700000,1.33000000,0.0660000000,5.88527300000,1253.00,6075.00,1.235000,2014,"Transit"
"TOI-1846 b","TOI-1846",257.9549645,54.5278483,47.24960000,1.79200000,0.0364600000,3.93067370000,568.10,3568.00,0.397000,2025,"Transit"
"Kepler-1957 b","Kepler-1957",293.7114360,47.8874467,460.89900000,0.94374867,0.0299000000,2.18661999700,1099.00,4904.00,0.772000,2021,"Transit"
"Kepler-219 b","Kepler-219",288.7389481,46.7625929,787.07000000,2.95000000,0.0570000000,4.58551200000,1307.00,5786.00,1.491000,2014,"Transit"
"TIC 365102760 b","TIC 365102760",305.8398236,54.3943194,555.54600000,6.21000000,0.0622000000,4.21285367000,1676.12,4900.00,3.130000,2024,"Transit"
"Kepler-1153 b","Kepler-1153",289.1471849,45.8661300,1119.49000000,1.73000000,0.0277000000,1.75583532700,1343.00,5470.00,0.880000,2016,"Transit"
"Kepler-327 b","Kepler-327",292.6422963,44.0876251,241.98700000,1.11000000,0.0290000000,2.54957500000,682.00,3799.00,0.492000,2014,"Transit"
"K2-72 b","K2-72",334.6227504,-9.6120084,66.43210000,1.08000000,0.0400000000,5.57721200000,466.13,3360.47,0.330989,2016,"Transit"
"TOI-5126 c","TOI-5126",151.6597827,18.6340631,160.41400000,3.86000000,0.1439000000,17.89990000000,971.00,6150.00,1.241000,2023,"Transit"
"Kepler-405 b","Kepler-405",291.4094615,38.3400107,1065.08000000,2.08000000,0.0950000000,10.61383900000,785.00,5818.00,0.893000,2014,"Transit"
"Kepler-451 d","2MASS J19383260+4603591",294.6359173,46.0664076,396.33200000,13.50000000,,43.00000000000,,29564.00,0.203000,2022,"Eclipse Timing Variations"
"Kepler-1421 b","Kepler-1421",286.5806115,48.5442312,783.40100000,0.93000000,0.0757600000,6.91311120000,1209.00,6335.00,1.420000,2016,"Transit"
"K2-332 b","K2-332",135.8832666,14.2504994,123.20200000,2.20000000,,17.70632000000,266.00,3315.00,0.280000,2021,"Transit"
"Kepler-1288 b","Kepler-1288",285.7135000,41.6058799,814.07800000,1.12000000,0.0413500000,2.76122421000,2017.00,6132.00,1.290000,2016,"Transit"
"GJ 1151 c","GJ 1151",177.7304866,48.3732334,8.03625000,3.25000000,0.5714000000,389.70000000000,88.30,3280.00,0.178100,2023,"Radial Velocity"
"Kepler-80 c","Kepler-80",296.1125759,39.9787451,369.45100000,2.74000000,0.0792000000,9.52355000000,495.00,4540.00,0.678000,2012,"Transit"
"Kepler-925 b","Kepler-925",290.1065581,40.4906242,611.11500000,2.34000000,0.1805000000,33.86785310000,394.00,4673.00,0.720000,2016,"Transit"
"Kepler-194 d","Kepler-194",291.9714290,47.8640498,1097.97000000,2.40000000,0.2750000000,52.81497300000,562.00,6089.00,1.025000,2014,"Transit"
"Kepler-945 b","Kepler-945",291.2697354,42.0960305,1651.25000000,2.63000000,0.2037000000,31.00338140000,616.00,5718.00,0.970000,2016,"Transit"
"HD 156846 b","HD 156846",260.1423366,-19.3343650,47.73320000,12.40000000,1.1200000000,359.51001000000,382.49,6090.00,1.900000,2007,"Radial Velocity"
"TOI-2025 b","TOI-2025",282.7952558,82.2454143,335.98500000,11.89272852,0.0892000000,8.87209820000,1166.00,5977.00,1.459000,2022,"Transit"
"Kepler-1878 b","Kepler-1878",300.7324154,44.1070231,1494.30000000,2.92019781,0.0521000000,4.44587993600,1063.00,5918.00,0.865000,2021,"Transit"
"Kepler-1447 b","Kepler-1447",289.6434285,50.7270160,890.29600000,2.90000000,0.2836000000,56.67472850000,522.00,5722.00,0.950000,2016,"Transit"
"Kepler-1805 b","Kepler-1805",285.0865387,40.8990506,221.63900000,1.54502915,0.0699000000,8.84794044500,479.00,3867.00,0.552000,2021,"Transit"
"HD 158259 f","HD 158259",261.3495847,52.7904721,27.04980000,2.35000000,,12.02800000000,,5801.89,1.210000,2020,"Radial Velocity"
"Kepler-370 b","Kepler-370",292.1710683,40.9162381,1167.94000000,1.59000000,0.0540000000,4.57953000000,1040.00,5852.00,0.900000,2014,"Transit"
"Kepler-956 b","Kepler-956",292.5308289,49.0616555,544.93900000,3.00000000,0.0601700000,5.24867263100,1056.00,6040.00,1.150000,2016,"Transit"
"HD 63433 b","HD 63433",117.4793699,27.3631342,22.40350000,2.14000000,0.0720000000,7.10794750000,967.11,5553.00,0.934000,2020,"Transit"
"Kepler-1142 b","Kepler-1142",292.7144796,44.0822816,1273.51000000,1.47000000,0.1343000000,18.30272480000,902.00,5685.00,0.960000,2016,"Transit"
"Kepler-853 b","Kepler-853",283.9367810,49.1102748,568.67600000,1.69000000,0.0790000000,7.16892463000,1187.00,6350.00,1.550000,2016,"Transit"
"Kepler-451 c","2MASS J19383260+4603591",294.6359173,46.0664076,396.33200000,13.50000000,,1460.00000000000,,29564.00,0.203000,2022,"Eclipse Timing Variations"
"WISPIT 1 b","WISPIT 1",117.7985550,-50.1376852,230.00700000,12.40000000,338.0000000000,,12.94,4670.00,1.116100,2025,"Imaging"
"TOI-2529 b","TOI-2529",118.9945352,-52.3548332,296.27100000,11.54525012,0.3270000000,64.59490000000,636.00,5802.00,1.700000,2024,"Transit"
"KOI-1599.01","KOI-1599",298.3738383,40.6184483,1131.64000000,1.90000000,0.1472800000,20.44150000000,660.00,5833.00,0.972000,2019,"Transit"
"Kepler-1759 b","Kepler-1759",298.4656275,48.5593334,385.34800000,0.90377910,0.0429000000,3.72023010300,954.00,5017.00,0.797000,2021,"Transit"
"Kepler-1215 b","Kepler-1215",297.4636477,48.1813978,661.02200000,1.22000000,0.0528000000,4.76703963000,1046.00,5616.00,0.930000,2016,"Transit"
"Kepler-1733 b","Kepler-1733",291.1384628,37.8592447,2080.51000000,3.63582354,0.0933000000,9.22957992600,1021.00,6320.00,1.252000,2021,"Transit"
"Kepler-357 c","Kepler-357",291.2429746,44.0086337,688.57300000,2.67000000,0.1200000000,16.85837000000,576.00,5036.00,0.834000,2014,"Transit"
"Kepler-194 c","Kepler-194",291.9714290,47.8640498,1097.97000000,2.59000000,0.1310000000,17.30803200000,815.00,6089.00,1.025000,2014,"Transit"
"Kepler-1056 b","Kepler-1056",299.5259832,46.8992561,982.51000000,3.01000000,0.1629000000,27.49560600000,590.00,6127.00,1.200000,2016,"Transit"
"Kepler-1424 b","Kepler-1424",290.9916648,40.2293347,661.42100000,1.16000000,0.1906800000,29.60917440000,629.00,5838.00,1.070000,2016,"Transit"
"Kepler-1642 c","Kepler-1642",297.2121215,43.6437890,413.87300000,2.66000000,0.0678000000,6.65138020000,1095.00,5355.00,0.840000,2016,"Transit"
"HD 164595 b","HD 164595",270.1613723,29.5726698,28.25400000,4.16000000,0.2300000000,40.00000000000,589.00,5790.00,1.023606,2015,"Radial Velocity"
"K2-24 c","K2-24",242.5734559,-24.9906029,170.56200000,7.93000000,0.2620000000,42.34732000000,591.00,5726.00,1.185000,2016,"Transit"
"Kepler-235 d","Kepler-235",286.0790779,39.2782370,428.01800000,2.05000000,0.1220000000,20.06054800000,401.00,4255.00,0.554000,2014,"Transit"
"HD 97037 b","HD 97037",167.5545621,-7.3901483,32.41300000,12.10000000,6.9250000000,6449.08337000000,120.99,5874.10,1.263560,2022,"Radial Velocity"
"Kepler-776 b","Kepler-776",287.2726117,41.6356009,727.90400000,1.28000000,0.0523000000,4.89718784000,904.00,5071.00,0.780000,2016,"Transit"
"K2-352 b","K2-352",140.4451478,18.4696280,176.05100000,1.37000000,,3.66591200000,1160.00,5791.00,0.950000,2021,"Transit"
"TOI-3288 b","TOI-3288",297.1103158,-43.0180008,200.50000000,12.24020692,0.0228500000,1.43386470000,973.00,4072.00,0.672000,2025,"Transit"
"Kepler-1420 b","Kepler-1420",296.2038586,42.7778165,1054.37000000,1.28000000,0.0671000000,6.69960006000,806.00,5187.00,0.790000,2016,"Transit"
"K2-333 b","K2-333",136.7892752,15.2056765,343.99000000,6.18000000,,14.75928700000,826.00,5880.00,1.220000,2021,"Transit"
"Kepler-79 e","Kepler-79",300.5171067,44.3815508,1020.72000000,3.53000000,0.3944500000,81.06650000000,511.00,6389.00,1.316000,2014,"Transit"
"Kepler-20 d","Kepler-20",287.6979913,42.3385782,282.56300000,2.60600000,0.3474000000,77.61145500000,430.00,5495.00,0.916400,2011,"Transit"
"DMPP-1 c","DMPP-1",86.7761233,-10.6303217,62.53880000,3.31000000,0.0973000000,10.03000000000,1239.00,6196.00,1.260000,2019,"Radial Velocity"
"Kepler-947 b","Kepler-947",294.3667312,42.2526408,1730.78000000,2.28000000,0.1773000000,26.96443170000,573.00,5508.00,0.870000,2016,"Transit"
"Kepler-689 b","Kepler-689",294.7106347,39.5216975,1131.73000000,2.89000000,0.1449000000,22.36656079000,536.00,5518.00,0.880000,2016,"Transit"
"NGC 2682 YBP 1194 b","NGC 2682 YBP 1194",132.7533077,11.8146537,872.92000000,12.30000000,,6.95900000000,,5780.00,0.990000,2014,"Radial Velocity"
"HD 211970 b","HD 211970",335.5661579,-54.5596006,13.12770000,3.66000000,0.1430000000,25.20100000000,398.77,4127.00,0.574175,2019,"Radial Velocity"
"Kepler-336 c","Kepler-336",290.2376224,41.3313637,768.86000000,2.10000000,0.0920000000,9.60000100000,967.00,5867.00,1.304000,2014,"Transit"
"Kepler-423 b","Kepler-423",292.8557189,46.3911883,758.75300000,13.36100000,0.0358500000,2.68432850000,1605.00,5560.00,0.950000,2014,"Transit"
"2M0437 b","2MASS J04372171+2651014",69.3405531,26.8502997,128.48400000,13.00000000,118.0000000000,,1450.00,3100.00,0.840000,2021,"Imaging"
"Kepler-561 b","Kepler-561",293.7471107,45.1071981,621.37800000,6.96000000,0.2925600000,58.36204950000,446.00,5646.00,0.940000,2016,"Transit"
"24 Boo b","24 Boo",217.1555242,49.8446488,95.98630000,13.90000000,0.1940000000,30.33000000000,1840.86,4816.00,12.190000,2018,"Radial Velocity"
"HD 74156 c","HD 74156",130.6047813,4.5772338,57.60300000,12.50000000,3.6780000000,2448.48726000000,187.52,6068.00,1.510576,2003,"Radial Velocity"
"Kepler-1365 c","Kepler-1365",292.1996573,42.0459944,840.12800000,0.80000000,0.0570100000,4.77468005000,1137.00,5770.00,1.050000,2016,"Transit"
"HD 20003 c","HD 20003",46.9090081,-72.3219221,41.83160000,3.89000000,0.1964000000,33.92390000000,573.89,5494.00,0.921637,2019,"Radial Velocity"
"Kepler-716 b","Kepler-716",290.3931809,43.3638577,635.00900000,2.90000000,0.0862800000,10.37168453000,720.00,5099.00,0.780000,2016,"Transit"
"TOI-4562 b","TOI-4562",112.0100593,-63.5177788,339.60500000,12.53000000,0.7680000000,225.10640000000,318.00,6096.00,1.152000,2023,"Transit"
"HD 134606 b","HD 134606",228.8103897,-70.5203328,26.79090000,2.97000000,0.1046000000,12.08900000000,894.63,5576.00,1.158000,2024,"Radial Velocity"
"K2-66 b","K2-66",331.5266563,-10.7115362,513.87700000,2.49000000,0.0598300000,5.06963000000,1372.00,5887.00,1.670000,2016,"Transit"
"TIC 437041147 b","TIC 437041147",132.9480195,6.7648369,246.60000000,2.21526814,,3.82301421497,,5224.36,0.961092,2026,"Transit"
"Kepler-583 b","Kepler-583",282.1113206,42.3545514,867.27100000,2.28000000,0.0689000000,6.51002530000,1017.00,5523.00,0.910000,2016,"Transit"
"Kepler-1649 c","Kepler-1649",292.5029676,41.8299933,92.19130000,1.06000000,0.0649000000,19.53527000000,234.00,3240.00,0.231700,2020,"Transit"
"WASP-57 b","WASP-57",223.8199788,-2.0576866,398.27600000,11.76945000,0.0376900000,2.83891856000,1338.00,5600.00,0.927000,2012,"Transit"
"Kepler-381 d","Kepler-381",285.1828685,43.8310283,267.32300000,1.06678650,0.0836400000,8.25629997300,1387.00,6197.00,2.188000,2021,"Transit"
"TOI-1199 b","TOI-1199",166.8806581,61.3525723,248.42700000,10.51402390,0.0498800000,3.67146300000,1486.00,5710.00,1.450000,2024,"Transit"
"TOI-4961 b","TOI-4961",192.5018624,-59.8919345,213.07300000,12.34108775,0.0726000000,7.47918200000,919.00,5380.00,0.912000,2025,"Transit"
"Kepler-118 c","Kepler-118",299.2131881,41.4248195,574.22800000,7.68000000,0.1410000000,20.17202000000,564.00,5274.00,1.094000,2014,"Transit"
"Kepler-278 b","Kepler-278",290.1072124,38.7022694,443.03000000,3.95500000,0.2020000000,30.15560000000,586.00,4965.00,2.861000,2014,"Transit"
"K2-268 e","K2-268",133.7094899,11.8482712,327.78300000,1.33000000,,6.13124300000,801.00,5106.00,0.780000,2021,"Transit"
"Kepler-1254 d","Kepler-1254",285.1733174,48.7700099,622.81800000,1.31000000,0.0575000000,5.72717226000,794.00,4985.00,0.750000,2016,"Transit"
"HD 167768 b","HD 167768",274.2213308,-3.0085807,107.21400000,13.90000000,0.1512000000,20.65320000000,1873.59,4851.00,9.700000,2022,"Radial Velocity"
"TOI-1036 b","TOI-1036",157.8671116,-42.2404483,184.01500000,6.28499593,,3.77952125496,1294.00,5664.68,1.175540,2026,"Transit"
"EPIC 212424622 b","EPIC 212424622",202.3313765,-14.3594358,611.80400000,2.17000000,,18.09830000000,,5782.33,1.224700,2019,"Transit"
"Kepler-1915 b","Kepler-1915",301.2786852,44.2505116,1514.66000000,3.21798413,0.1140000000,13.83539963000,809.00,6020.00,1.057000,2021,"Transit"
"Kepler-1734 b","Kepler-1734",294.1631670,41.4517316,1482.83000000,3.08851092,0.0714000000,6.79685020400,985.00,6061.00,0.970000,2021,"Transit"
"Kepler-960 b","Kepler-960",281.4572217,46.7465538,284.91600000,2.29000000,0.0380700000,3.12686223000,1391.00,4755.00,0.720000,2016,"Transit"
"HD 208897 b","HD 208897",329.7490639,19.0201591,67.48720000,13.70000000,1.0630000000,358.27000000000,507.24,4860.00,4.980000,2017,"Radial Velocity"
"Kepler-1386 b","Kepler-1386",280.8233646,42.6360518,835.88200000,1.24000000,0.0680000000,6.73972381000,1011.00,5733.00,1.030000,2016,"Transit"
"Kepler-1921 c","Kepler-1921",300.3161723,45.4953271,928.98900000,1.41000000,0.0454000000,3.15722086000,1791.00,6120.00,2.000000,2023,"Transit"
"Kepler-1225 b","Kepler-1225",290.6332748,40.1369671,1347.52000000,1.82000000,0.0771000000,7.01075434000,1453.00,6140.00,1.190000,2016,"Transit"
"Kepler-1708 b","Kepler-1708",296.8241065,43.6248197,1666.69000000,9.96000000,1.6400000000,737.11310000000,245.02,6157.00,1.117000,2021,"Transit"
"HD 96700 b","HD 96700",166.9742616,-30.1751383,25.41110000,2.93000000,0.0777000000,8.12450000000,1089.02,5845.00,1.160000,2021,"Radial Velocity"
"Kepler-208 b","Kepler-208",293.8901979,42.5279413,775.32800000,1.63000000,0.0540000000,4.22864000000,1379.00,6092.00,1.314000,2014,"Transit"
"Kepler-1146 b","Kepler-1146",286.7167120,47.4256580,703.03800000,1.23000000,0.0325000000,2.35226579700,1019.00,4692.00,0.700000,2016,"Transit"
"WASP-100 b","WASP-100",68.9598159,-64.0270390,364.41100000,14.90797000,0.0457400000,2.84938000000,2099.00,6900.00,1.570000,2014,"Transit"
"Kepler-1643 b","Kepler-1643",300.4310076,44.7510129,341.77400000,2.32000000,0.0531000000,5.34265700000,799.00,4916.00,0.855000,2016,"Transit"
"Kepler-215 d","Kepler-215",294.9735313,45.2136867,485.99700000,2.39000000,0.1850000000,30.86442300000,527.00,5739.00,1.027000,2014,"Transit"
"EPIC 212737443 b","EPIC 212737443",204.2215065,-7.3180577,336.25000000,2.58600000,0.0980000000,13.60300000000,536.00,4684.00,0.673000,2019,"Transit"
"TOI-2169 A b","TOI-2169 A",279.1701117,23.2586193,351.48700000,12.50922246,0.0896000000,8.21482820000,1364.00,6270.00,1.820000,2025,"Transit"
"K2-259 b","K2-259",186.8026947,1.5668631,416.45700000,2.32000000,0.1271000000,15.48043000000,795.00,6059.00,1.130000,2018,"Transit"
"TOI-5292 A b","TOI-5292 A",344.2223631,-8.1197473,337.09500000,12.64373023,0.0279000000,2.02191000000,809.00,3919.00,0.611000,2026,"Transit"
"Kepler-401 c","Kepler-401",290.0827494,50.8634361,965.56000000,2.15000000,0.2690000000,47.31821800000,598.00,6117.00,1.333000,2014,"Transit"
"Kepler-888 b","Kepler-888",295.5212866,49.7386804,420.81700000,1.76000000,0.3148100000,70.69790610000,417.00,5875.00,0.900000,2016,"Transit"
"Kepler-740 b","Kepler-740",286.4822566,46.6924560,1442.02000000,4.57000000,0.0462000000,3.58410121600,1131.00,5438.00,0.870000,2016,"Transit"
"Kepler-1673 b","Kepler-1673",285.6671724,48.7195865,727.18700000,2.93551940,0.2136300000,33.78880000000,611.00,6014.95,1.131660,2020,"Transit"
"Kepler-1322 c","Kepler-1322",293.2045009,45.4353919,1350.32000000,2.15492527,0.0652000000,6.45998001100,883.00,5704.00,0.804000,2021,"Transit"
"Kepler-1211 b","Kepler-1211",285.7207618,40.8569116,1826.53000000,2.55000000,0.0976300000,11.01816836000,840.00,5705.00,0.940000,2016,"Transit"
"HIP 78530 b","HIP 78530",240.4810052,-21.9804920,136.75900000,12.00000000,740.0000000000,,2700.00,10500.00,2.108760,2010,"Imaging"
"Kepler-48 f","Kepler-48",299.1393094,40.9489390,306.73800000,13.80000000,5.7191878770,5219.68185400000,95.68,5190.00,0.836000,2023,"Radial Velocity"
"Kepler-1750 b","Kepler-1750",292.3514917,48.5110714,1497.33000000,6.00434637,0.6785000000,205.91200260000,298.00,5644.00,0.969000,2021,"Transit"
"TOI-4308 b","TOI-4308",327.7530693,-43.5623642,108.93200000,2.41890000,,9.15120100000,763.05,5243.00,0.793400,2023,"Transit"
"HD 18015 b","HD 18015",43.3636339,-8.8480392,123.80100000,13.10000000,3.8700000000,2278.00000000000,242.98,5603.00,3.130000,2018,"Radial Velocity"
"TOI-1798.02","TOI-1798",211.0939367,46.5192825,113.18100000,1.46400000,0.0107890000,0.43781182200,1935.83,5165.00,0.780000,2024,"Transit"
"Kepler-24 b","Kepler-24",290.4132621,38.3437283,1156.81000000,2.34800000,0.0804500000,8.14000000000,1050.00,6028.00,1.099000,2011,"Transit"
"Kepler-1875 b","Kepler-1875",296.7727406,50.1883667,1660.45000000,3.22686692,0.2039000000,34.45859909000,559.00,6161.00,0.862000,2021,"Transit"
"Kepler-1642 b","Kepler-1642",297.2121215,43.6437890,413.87300000,3.20000000,0.1016000000,12.20575130000,895.00,5355.00,0.840000,2016,"Transit"
"HD 33142 c","HD 33142",76.8980559,-13.9863374,121.37500000,13.90000000,1.9550000000,810.20000000000,353.91,5025.40,4.170000,2016,"Radial Velocity"
"Kepler-864 b","Kepler-864",285.0570943,46.3206074,2022.90000000,2.40000000,0.0687000000,5.83376092000,1143.00,5754.00,1.000000,2016,"Transit"
"HD 181720 b","HD 181720",290.7212224,-32.9208401,60.20460000,14.00000000,1.8500000000,956.00000000000,249.06,5736.00,1.500000,2009,"Radial Velocity"
"TOI-6677 b","TOI-6677",290.4719117,-46.8749591,340.52000000,5.83507112,,5.45060661625,334.00,6572.28,1.571670,2026,"Transit"
"Kepler-1394 b","Kepler-1394",283.4532068,45.0840729,640.40900000,1.39000000,0.0547400000,3.93766373000,1947.00,6481.00,2.550000,2016,"Transit"
"Kepler-1672 b","Kepler-1672",297.9400971,40.2785566,391.18100000,2.97022762,0.5537400000,150.87800000000,423.00,6131.95,1.088410,2020,"Transit"
"HD 331093 b","HD 331093",295.6200054,31.7395451,50.19280000,13.60000000,1.4400000000,621.62000000000,234.84,5544.00,1.111200,2021,"Radial Velocity"
"Kepler-58 d","Kepler-58",296.3586251,39.1152033,969.25200000,2.94000000,0.2360000000,40.10137100000,583.00,6099.00,1.127000,2014,"Transit"
"Kepler-404 c","Kepler-404",286.3985796,45.3435241,812.52400000,1.72000000,0.1180000000,14.75116600000,678.00,5654.00,0.884000,2014,"Transit"
"Kepler-1254 b","Kepler-1254",285.1733174,48.7700099,622.81800000,1.55000000,0.0833000000,9.99113313000,660.00,4985.00,0.750000,2016,"Transit"
"HD 37124 d","HD 37124",84.2599947,20.7289784,31.66340000,14.00000000,2.8070000000,1862.00000000000,159.79,5698.64,0.949168,2005,"Radial Velocity"
"WASP-3 b","WASP-3",278.6317411,35.6614312,231.16100000,15.91678000,0.0315000000,1.84683000000,2020.00,6400.00,1.440000,2007,"Transit"
"Kepler-1936 b","Kepler-1936",290.7300141,44.8361280,871.09600000,3.16615594,0.5266200000,126.55699920000,524.00,6501.00,1.854000,2021,"Transit"
"Kepler-1615 b","Kepler-1615",286.3592066,42.2273971,1393.83000000,2.06000000,0.2788000000,47.31261920000,658.00,5865.00,1.050000,2016,"Transit"
"Kepler-327 d","Kepler-327",292.6422963,44.0876251,241.98700000,1.73000000,0.0900000000,13.96945700000,387.00,3799.00,0.492000,2014,"Transit"
"Kepler-1301 b","Kepler-1301",286.6041816,42.4403309,854.28000000,1.40000000,0.0815000000,9.08237046000,734.00,5188.00,0.810000,2016,"Transit"
"Kepler-784 c","Kepler-784",295.9206663,47.4486164,1303.72000000,1.55000000,0.1309000000,17.15723600000,844.00,5676.00,1.487000,2023,"Transit"
"Kepler-1553 b","Kepler-1553",291.9191348,39.0221769,692.59400000,1.15000000,0.0481000000,4.24261881000,926.00,5288.00,0.810000,2016,"Transit"
"Kepler-1862 b","Kepler-1862",296.7533555,49.3780726,1232.19000000,2.20300000,0.1199000000,16.05730057000,645.00,5644.00,0.806000,2021,"Transit"
"Kepler-990 b","Kepler-990",297.9381813,46.8813194,802.16300000,2.60000000,0.0859500000,9.91723428000,903.00,5948.00,1.080000,2016,"Transit"
"Kepler-1537 b","Kepler-1537",294.3853917,43.8254461,517.29200000,1.18000000,0.0245000000,1.44445379800,1800.00,5079.00,0.770000,2016,"Transit"
"HATS-28 b","HATS-28",284.3997616,-49.1385126,535.38300000,13.38354600,0.0413100000,3.18107810000,1253.00,5498.00,0.922000,2016,"Transit"
"HR 858 d","HR 858",42.9849779,-30.8140609,31.96400000,2.00100000,0.1046000000,11.23051100000,1061.00,6354.00,1.258000,2019,"Transit"
"TOI-2193 A b","TOI-2193 A",313.6912320,-72.8046404,337.06400000,19.83989584,0.0331900000,2.12257350000,1763.00,5966.00,1.248000,2022,"Transit"
"GJ 9773 b","GJ 9773",333.1502333,8.5503355,15.92110000,14.20000000,2.9210000000,2965.00000000000,59.89,3528.00,0.362000,2025,"Radial Velocity"
"Kepler-1785 b","Kepler-1785",295.7921797,47.6000699,745.74000000,2.70422447,0.1391700000,19.58550072000,666.00,5618.00,0.996000,2021,"Transit"
"Kepler-130 d","Kepler-130",288.4505905,40.2452006,316.66300000,1.64000000,0.3770000000,87.51790500000,451.00,5884.00,1.127000,2014,"Transit"
"HD 13808 c","HD 13808",33.1780708,-53.7437591,28.23050000,3.13000000,0.2554000000,53.75300000000,424.57,5035.00,0.781000,2021,"Radial Velocity"
"Kepler-340 b","Kepler-340",295.9334710,40.3005515,808.76200000,2.53000000,0.1340000000,14.84438700000,1092.00,6620.00,1.850000,2014,"Transit"
"HD 125271 b","HD 125271",216.6474037,-81.4542756,39.34660000,12.40000000,10.8170000000,14901.99295000000,59.78,4703.93,0.751364,2022,"Radial Velocity"
"Kepler-1085 b","Kepler-1085",287.4776359,46.1411685,1364.53000000,7.22000000,0.7336100000,219.32175280000,313.00,6000.00,1.140000,2016,"Transit"
"Kepler-1404 b","Kepler-1404",296.0094827,50.4983929,962.18300000,2.01000000,0.1143000000,15.93147390000,596.00,5261.00,0.800000,2016,"Transit"
"K2-99 c","K2-99",208.7737624,-5.4424943,519.22900000,12.60000000,1.4300000000,522.20000000000,390.00,6069.00,2.550000,2022,"Radial Velocity"
"TOI-1728 b","TOI-1728",120.6116787,64.7971531,60.79800000,5.05000000,0.0391000000,3.49151000000,767.00,3980.00,0.624300,2020,"Transit"
"HATS-74 A b","HATS-74 A",171.0147921,-19.5569588,299.38900000,11.56766808,0.0238400000,1.73185606000,895.10,3776.90,0.575800,2021,"Transit"
"Kepler-1207 b","Kepler-1207",295.0641963,49.3589615,1754.19000000,1.62000000,0.1156000000,13.68237119000,802.00,5909.00,1.060000,2016,"Transit"
"Kepler-1636 b","Kepler-1636",294.0575681,46.4409844,1947.54000000,3.23000000,1.1219100000,425.47785000000,248.00,5797.00,1.020000,2016,"Transit"
"Kepler-1267 b","Kepler-1267",299.1695093,43.4410533,1379.43000000,3.01000000,0.1057000000,13.03139450000,774.00,6096.00,1.200000,2016,"Transit"
"K2-73 c","K2-73",335.0256620,-9.0560881,269.18300000,13.00000000,,1000.00000000000,186.10,5867.00,1.058000,2025,"Radial Velocity"
"Kepler-1795 b","Kepler-1795",286.4792568,39.2698793,,1.66301611,0.1002000000,13.36019993000,520.00,4500.00,0.688000,2021,"Transit"
"K2-285 b","K2-285",349.3843458,1.3001522,154.96100000,2.59000000,0.0381700000,3.47174500000,1088.90,4975.00,0.787000,2018,"Transit"
"WISPIT 1 c","WISPIT 1",117.7985550,-50.1376852,230.00700000,12.80000000,840.0000000000,,8.21,4670.00,1.116100,2025,"Imaging"
"TIC 349520724 b","TIC 349520724",111.2314215,-64.6398433,241.10500000,2.82626313,,7.94044635021,,5098.60,0.818771,2026,"Transit"
"LP 714-47 b","LP 714-47",64.1902212,-12.0848643,52.61600000,4.25000000,0.0405600000,4.05203200000,722.80,4123.00,0.536000,2020,"Transit"
"Kepler-963 b","Kepler-963",296.7529742,45.0411049,771.49400000,2.66000000,0.0849000000,9.97683705000,802.00,5461.00,0.870000,2016,"Transit"
"XO-2 S b","XO-2 S",117.0309753,50.2169068,151.39800000,10.90000000,0.1347000000,18.22000000000,706.59,5325.00,1.020000,2014,"Radial Velocity"
"Kepler-1748 b","Kepler-1748",285.9678970,45.7390789,1083.28000000,2.71275017,0.0615000000,5.82352018400,955.00,5774.00,0.864000,2021,"Transit"
"Kepler-336 d","Kepler-336",290.2376224,41.3313637,768.86000000,2.37000000,0.1540000000,20.67877200000,749.00,5867.00,1.304000,2014,"Transit"
"Kepler-712 b","Kepler-712",294.9096739,42.9351987,872.49300000,3.41000000,0.1361500000,21.02247699000,521.00,5148.00,0.780000,2016,"Transit"
"TOI-4364 b","TOI-4364",80.0669270,-4.2392481,43.96620000,2.01000000,0.0475300000,5.42401900000,488.00,3528.00,0.468400,2025,"Transit"
"Kepler-247 b","Kepler-247",288.6425609,43.0393769,663.71100000,1.64000000,0.0420000000,3.33616000000,970.00,5100.00,0.768000,2014,"Transit"
"TOI-5628 A b","TOI-5628 A",185.7279551,18.8367047,110.03000000,8.29464572,0.0368000000,4.34166120000,492.00,3310.00,0.350000,2026,"Transit"
"EPIC 201427007 b","EPIC 201427007",184.6021322,-0.5512886,706.39100000,1.50000000,,0.72091000000,,5633.00,0.940000,2021,"Transit"
"TOI-2992 b","TOI-2992",164.3165643,-32.3224375,542.02600000,13.75341932,0.0434000000,3.00781200000,1726.00,6000.00,1.545000,2025,"Transit"
"K2-268 b","K2-268",133.7094899,11.8482712,327.78300000,1.50000000,0.0308000000,2.15167600000,1136.00,5106.00,0.780000,2018,"Transit"
"Kepler-1096 b","Kepler-1096",294.7094688,45.9695533,377.97600000,1.24000000,0.0340000000,2.89221750600,794.00,4306.00,0.630000,2016,"Transit"
"TOI-615 b","TOI-615",133.4086892,-40.5437010,360.40800000,18.97680433,0.0678000000,4.66159830000,1666.00,6850.00,1.732000,2023,"Transit"
"HAT-P-28 b","HAT-P-28",13.0009159,34.7284020,401.31900000,13.58500000,0.0434000000,3.25721500000,1384.00,5680.00,1.103000,2011,"Transit"
"Kepler-667 b","Kepler-667",295.5549918,49.0172956,2302.45000000,4.73000000,0.2288000000,41.43962808000,516.00,5327.00,0.870000,2016,"Transit"
"Kepler-557 b","Kepler-557",293.7084179,41.6151084,2097.12000000,2.67000000,0.0469000000,3.70598955100,1281.00,6068.00,1.160000,2016,"Transit"
"EPIC 206024342 d","EPIC 206024342",331.2771441,-14.1218019,369.88800000,2.60000000,,14.64753100000,,5724.00,1.100000,2021,"Transit"
"rho CrB c","rho CrB",240.2600639,33.3001861,17.46710000,5.68000000,0.4206000000,102.03600000000,448.10,5817.00,1.361700,2016,"Radial Velocity"
"Kepler-483 b","Kepler-483",291.6467764,41.8846843,860.35500000,3.21000000,0.1947100000,30.22910400000,755.00,6346.00,1.470000,2016,"Transit"
"HD 73534 b","HD 73534",129.8153421,12.9599703,83.33210000,13.70000000,2.9900000000,1750.00000000000,220.25,4917.00,2.580000,2008,"Radial Velocity"
"HD 35843 b","HD 35843",81.3488924,-44.4312849,69.60260000,2.29000000,0.0880000000,9.89910000000,872.30,5666.00,0.897000,2025,"Radial Velocity"
"Kepler-116 b","Kepler-116",294.7420605,43.5367842,955.16800000,3.42000000,0.0690000000,5.96873400000,1251.00,6142.00,1.454000,2014,"Transit"
"HAT-P-62 b","HAT-P-62",74.5043816,48.3008551,348.81500000,12.02723629,0.0377200000,2.64532350000,1512.00,5629.00,1.170000,2021,"Transit"
"TOI-3896 b","TOI-3896",187.9302395,63.9085462,181.65300000,3.14949237,,4.37730369667,966.00,5110.91,0.747752,2026,"Transit"
"Kepler-443 b","Kepler-443",288.6104839,49.9685458,802.27100000,2.33000000,0.4950000000,177.66930000000,233.00,4723.00,0.706000,2015,"Transit"
"TOI-4504 d","TOI-4504",114.4673065,-62.0782776,342.60500000,11.26000000,0.2219000000,41.28719750000,524.80,5315.00,0.930000,2024,"Transit Timing Variations"
"HD 150010 b","HD 150010",247.8670682,72.6125804,144.49000000,13.30000000,1.4000000000,562.00000000000,681.22,4153.00,16.200000,2022,"Radial Velocity"
"Kepler-552 b","Kepler-552",290.7476903,48.2419838,843.68900000,3.95000000,0.0612000000,5.26341576500,1103.00,5863.00,1.040000,2016,"Transit"
"TOI-2719 b","TOI-2719",71.5549449,-0.8048725,588.36800000,5.98000000,,3.37594000000,1710.00,5762.00,1.690000,2025,"Transit"
"HD 23596 b","HD 23596",57.0018601,40.5307308,52.00180000,12.40000000,2.6940000000,1535.11912000000,219.49,6040.00,1.530000,2003,"Radial Velocity"
"K2-347 b","K2-347",126.3726821,23.2974061,320.33600000,2.41000000,,7.18725700000,640.00,4599.00,0.630000,2021,"Transit"
"Kepler-812 b","Kepler-812",288.8552821,48.2085170,1482.74000000,3.55000000,0.1024000000,10.11716531000,1163.00,6761.00,1.710000,2016,"Transit"
"TOI-2266 b","TOI-2266",245.2800398,31.5770413,51.60040000,1.54000000,0.0200000000,2.32631800000,550.00,3200.00,0.240000,2024,"Transit"
"Kepler-1187 b","Kepler-1187",286.8919996,38.3185034,1020.53000000,2.61000000,0.1401000000,18.87064068000,701.00,5975.00,1.090000,2016,"Transit"
"Kepler-1547 b","Kepler-1547",283.7640396,42.2220992,674.69500000,0.90000000,0.0155600000,0.69297967600,3186.00,6078.00,1.180000,2016,"Transit"
"Kepler-170 b","Kepler-170",284.5211975,41.6296562,738.65700000,3.20000000,0.0800000000,7.93059200000,899.00,5679.00,1.035000,2014,"Transit"
"GJ 15 A b","GJ 15 A",4.6126677,44.0247296,3.56228000,1.55000000,0.0720000000,11.44070000000,550.00,3607.00,0.380000,2014,"Radial Velocity"
"Kepler-100 b","Kepler-100",291.3861294,41.9901394,304.64500000,1.34000000,0.0730900000,6.88734000000,1155.00,5837.00,1.510000,2014,"Transit"
"Kepler-1258 b","Kepler-1258",285.4049723,49.9948186,717.55500000,0.86000000,0.0182400000,0.98494016700,2335.00,5839.00,0.990000,2016,"Transit"
"NSVS 14256825 b","NSVS 14256825",305.0019460,4.6323715,820.87700000,12.30000000,3.1200000000,3225.00000000000,473.47,40000.00,0.188000,2019,"Eclipse Timing Variations"
"TOI-1266 b","TOI-1266",197.9965833,65.8336973,36.01180000,2.52000000,0.0730000000,10.89450000000,415.00,3563.00,0.423200,2020,"Transit"
"Kepler-659 b","Kepler-659",287.6081777,47.5096893,722.64000000,2.50000000,0.1204000000,17.67179600000,513.00,4870.00,0.740000,2016,"Transit"
"GJ 27.1 b","GJ 27.1",9.9980016,-44.2541679,23.60620000,3.66000000,0.1010000000,15.81900000000,387.13,3542.00,0.518887,2014,"Radial Velocity"
"TOI-4495 c","TOI-4495",286.3624951,37.0259902,132.21400000,4.03000000,0.0632300000,5.18553000000,1365.00,6210.00,1.309000,2024,"Transit"
"Kepler-798 b","Kepler-798",292.4782785,42.1422821,972.27400000,2.39000000,0.1174000000,13.71933369000,864.00,6224.00,1.290000,2016,"Transit"
"TOI-5082.01","TOI-5082",106.5695780,22.6831477,43.14060000,2.54811000,0.0512048420,4.24012200000,1164.91,5670.00,0.930000,2024,"Transit"
"Kepler-364 c","Kepler-364",281.5699998,47.3986233,891.46200000,2.15000000,0.3120000000,59.98062700000,568.00,6108.00,1.284000,2014,"Transit"
"TOI-1260 d","TOI-1260",157.1440712,65.8541986,73.59770000,3.12000000,0.1116000000,16.60816400000,499.00,4227.00,0.672000,2022,"Transit"
"HD 50499 b","HD 50499",103.0080750,-33.9152670,46.28450000,13.50000000,3.8330000000,2447.10000000000,174.69,6102.00,1.351000,2005,"Radial Velocity"
"HD 20794 f","HD 20794",49.9997666,-43.0666533,6.00278000,2.28000000,1.3541000000,647.60000000000,214.52,5368.00,0.930000,2025,"Radial Velocity"
"Kepler-1595 b","Kepler-1595",285.7227502,43.0094855,845.02200000,1.23000000,0.0510000000,4.56380468000,980.00,5203.00,0.800000,2016,"Transit"
"HD 99109 b","HD 99109",171.0715576,-1.5297610,54.79010000,14.30000000,1.1100000000,439.29999000000,239.32,5282.00,0.980000,2005,"Radial Velocity"
"KOI-3503 b","KOI-3503",293.1507654,41.7291532,887.06400000,1.19000000,0.1424700000,21.18500000000,785.00,6001.00,1.255000,2021,"Transit"
"Kepler-526 b","Kepler-526",297.6509281,47.3962246,666.14600000,1.99000000,0.0651800000,5.45849831600,1099.00,5894.00,1.140000,2016,"Transit"
"HD 28109 c","HD 28109",65.2383065,-68.1026875,139.61100000,4.13000000,0.3080000000,55.99712000000,643.00,6189.00,1.425000,2022,"Transit"
"K2-11 b","K2-11",169.0418328,1.9866832,329.30900000,7.55000000,0.2257000000,39.93767000000,734.00,5433.00,5.150000,2015,"Transit"
"NGTS-26 b","NGTS-26",217.6832961,-31.7324526,1093.69000000,14.88552637,0.0490000000,4.51992790000,1331.00,5550.00,1.160000,2024,"Transit"
"KOI-319 b","KOI-319",290.1174980,44.8729586,660.13800000,10.67000000,0.2668000000,46.14827000000,703.00,5880.00,2.064000,2014,"Transit"
"TOI-1743 b","TOI-1743",257.7473322,71.8722039,41.27580000,1.83000000,0.0358900000,4.26604600000,485.00,3277.00,0.338000,2025,"Transit"
"Kepler-1837 b","Kepler-1837",288.2076012,45.6834463,1229.18000000,2.06673842,0.0650000000,5.90608978300,1012.00,5966.00,0.961000,2021,"Transit"
"Kepler-1986 b","Kepler-1986",292.9582727,42.8548909,912.08500000,1.89000000,0.1307000000,19.54896660000,579.00,5549.00,0.732000,2023,"Transit"
"Kepler-696 b","Kepler-696",293.4965906,41.1375635,1416.44000000,6.14000000,0.0535000000,4.19042557500,1234.00,5903.00,1.080000,2016,"Transit"
"Kepler-189 c","Kepler-189",287.5646296,44.3050662,591.53400000,2.38000000,0.1370000000,20.13486600000,544.00,5235.00,0.750000,2014,"Transit"
"HD 105618 b","HD 105618",182.4021288,11.2115695,70.08370000,5.44000000,0.0910000000,10.02245000000,1023.19,5671.00,1.273990,2022,"Radial Velocity"
"TOI-1301.01","TOI-1301",275.8625432,71.5817479,90.86930000,2.47700000,0.0598660000,6.09640720900,737.36,4820.00,0.732000,2024,"Transit"
"Kepler-1497 b","Kepler-1497",296.1961550,45.6343124,1122.00000000,1.66000000,0.0817000000,8.74199772000,924.00,5675.00,0.950000,2016,"Transit"
"EPIC 212624936 b","EPIC 212624936",210.6376171,-10.0236852,561.92900000,1.20000000,,0.57865700000,,5765.00,0.930000,2021,"Transit"
"Kepler-194 b","Kepler-194",291.9714290,47.8640498,1097.97000000,1.51000000,0.0320000000,2.09228100000,1648.00,6089.00,1.025000,2014,"Transit"
"Kepler-661 b","Kepler-661",283.7107463,47.8631748,534.78800000,3.07000000,0.0585000000,6.02930132100,678.00,4483.00,0.670000,2016,"Transit"
"Kepler-529 c","Kepler-529",285.8884067,47.8803640,799.00800000,2.00000000,0.1075000000,12.83450220000,891.00,6087.00,1.140000,2016,"Transit"
"HAT-P-61 b","HAT-P-61",75.4801665,50.1311784,338.84000000,10.07687365,0.0301000000,1.90231289000,1505.00,5587.00,0.938000,2021,"Transit"
"TOI-2589 b","TOI-2589",107.4881501,-37.2309480,200.27300000,12.10569916,0.3000000000,61.62770000000,592.00,5579.00,1.070000,2023,"Transit"
"HD 95872 b","HD 95872",165.8658796,-22.0943303,72.21950000,13.00000000,5.1500000000,4375.00000000000,103.45,5312.00,0.840000,2015,"Radial Velocity"
"Kepler-1412 b","Kepler-1412",292.1801539,49.2024810,755.67800000,0.83000000,0.0460800000,3.61460510000,1397.00,5880.00,1.270000,2016,"Transit"
"Kepler-760 c","Kepler-760",287.5931997,44.1794278,792.33600000,1.48000000,0.0348900000,2.46697439000,1139.00,5322.00,0.850000,2016,"Transit"
"2MASS J0249-0557 c","2MASS J0249-0557 A",42.4851627,-5.9599921,66.06130000,17.37392009,1950.0000000000,,1723.00,2859.00,0.315959,2018,"Imaging"
"TOI-4504 c","TOI-4504",114.4673065,-62.0782776,342.60500000,11.17000000,0.3593000000,82.81909300000,412.50,5315.00,0.930000,2024,"Transit"
"Kepler-1540 b","Kepler-1540",283.3445555,41.2017544,244.96000000,2.49000000,0.4426000000,125.41311770000,266.00,4540.00,0.690000,2016,"Transit"
"TIC 445839811 b","TIC 445839811",200.1188173,48.4072699,235.65500000,2.47771211,,11.10862603180,,5408.25,0.850041,2026,"Transit"
"Kepler-225 c","Kepler-225",292.1939846,47.4570808,561.10100000,1.84000000,0.1110000000,18.79423400000,412.00,3682.00,0.480000,2014,"Transit"
"Kepler-180 b","Kepler-180",295.5712566,49.7745140,695.65000000,1.50000000,0.1090000000,13.81712400000,781.00,5731.00,1.063000,2014,"Transit"
"HD 18438 b","HD 18438",46.5318358,79.4185800,224.14600000,12.10000000,2.1000000000,803.00000000000,1208.15,3860.00,88.475000,2023,"Radial Velocity"
"HD 154088 b","HD 154088",256.1164214,-28.5838342,18.26920000,2.46000000,0.1340000000,18.56000000000,689.99,5374.00,0.950000,2021,"Radial Velocity"
"HD 24064 b","HD 24064",59.1510071,74.0800789,300.24700000,12.30000000,1.2900000000,535.59998000000,1088.02,4052.00,40.000000,2015,"Radial Velocity"
"Kepler-1349 b","Kepler-1349",286.3385562,48.7442697,276.32300000,0.70000000,0.0342100000,2.12823928000,1668.00,6086.00,1.280000,2016,"Transit"
"HD 29399 b","HD 29399",68.3903471,-62.8237576,44.15180000,13.50000000,1.9130000000,892.70000000000,358.32,4845.00,4.500000,2022,"Radial Velocity"
"TOI-4511 b","TOI-4511",49.3052786,15.5017268,121.83200000,2.75304932,,10.98090968596,1542.00,5418.77,1.001450,2026,"Transit"
"Kepler-411 e","Kepler-411",287.6057027,49.5233937,153.67600000,3.28000000,0.1860000000,31.50972800000,503.00,4974.00,0.820000,2018,"Transit Timing Variations"
"eps Ind A b","eps Ind A",330.8714021,-56.7969023,3.63857000,12.70000000,15.7600000000,25450.00000000000,275.00,4700.00,0.713000,2019,"Radial Velocity"
"Kepler-1306 b","Kepler-1306",294.4783627,46.9458638,1107.50000000,1.91000000,0.1230000000,16.29595382000,678.00,5727.00,0.970000,2016,"Transit"
"TOI-2200 b","TOI-2200",98.7835071,-72.4567778,251.24500000,6.96310517,,2.93602836512,1147.00,5036.17,0.826247,2026,"Transit"
"K2-285 c","K2-285",349.3843458,1.3001522,154.96100000,3.53000000,0.0824000000,7.13804800000,741.40,4975.00,0.787000,2018,"Transit"
"Kepler-345 b","Kepler-345",295.2288521,45.9710432,260.00000000,0.74000000,0.0660000000,7.41556300000,622.00,4504.00,0.623000,2014,"Transit"
"Kepler-539 c","Kepler-539",299.1224639,41.8667953,307.31800000,13.30000000,2.4200000000,1000.00000000000,253.00,5820.00,0.952000,2016,"Transit Timing Variations"
"HD 33844 b","HD 33844",78.1505649,-14.9509775,105.77900000,13.40000000,1.6000000000,551.40002000000,430.22,4861.00,5.390000,2015,"Radial Velocity"
"GJ 317 c","GJ 317",130.2445254,-23.4528090,15.19680000,13.60000000,5.0400000000,6500.00000000000,47.67,3496.00,0.403000,2016,"Radial Velocity"
"Kepler-467 b","Kepler-467",287.3629145,38.6497341,466.26500000,2.25000000,0.1684800000,24.99324193000,712.00,5809.00,1.370000,2016,"Transit"
"Kepler-964 b","Kepler-964",295.3000650,40.5565792,454.62600000,2.12000000,0.1073000000,13.52251060000,652.00,5427.00,0.840000,2016,"Transit"
"TOI-1386 c","TOI-1386",334.5041029,54.3190454,146.85800000,10.30000000,0.7500000000,232.00000000000,327.40,5735.00,1.023500,2024,"Radial Velocity"
"HD 99706 c","HD 99706",172.1261621,43.9662025,146.60000000,12.80000000,,1278.00000000000,,4891.00,5.400000,2016,"Radial Velocity"
"Kepler-1262 b","Kepler-1262",288.7718287,42.2131694,1054.87000000,1.82000000,0.0830000000,8.67900242000,949.00,5771.00,0.980000,2016,"Transit"
"BEBOP-3 b","BEBOP-3",110.9026550,79.1323952,119.05200000,14.20000000,1.4440000000,547.00000000000,287.88,6033.00,1.414000,2025,"Radial Velocity"
"Kepler-1071 b","Kepler-1071",293.0579794,45.2487472,1042.27000000,2.38000000,0.0629000000,6.17998440000,814.00,5215.00,0.810000,2016,"Transit"
"Kepler-1515 b","Kepler-1515",290.9739057,48.1782059,539.32100000,9.55000000,0.7523500000,214.31141640000,380.00,6511.00,1.410000,2016,"Transit"
"Kepler-1809 b","Kepler-1809",290.2651662,40.5484937,409.60200000,1.51300000,0.0444400000,3.75729990000,877.00,4901.00,0.716000,2021,"Transit"
"K2-242 b","K2-242",179.8358421,-6.5178542,109.23700000,2.54000000,0.0494000000,6.51389000000,416.00,3459.00,0.370000,2018,"Transit"
"TIC 77319217 b","TIC 77319217",71.0406969,-39.8976018,267.62000000,3.10879526,,7.54830765124,,5961.52,1.184390,2026,"Transit"
"Kepler-649 b","Kepler-649",285.6558336,45.0794516,513.74800000,2.26000000,0.1752200000,29.90722674000,564.00,5871.00,0.940000,2016,"Transit"
"HAT-P-55 b","HAT-P-55",264.2735096,25.7311468,511.38800000,14.84069045,0.0462800000,3.58523130000,1367.00,5804.00,1.105000,2015,"Transit"
"Kepler-344 c","Kepler-344",292.4996101,46.3243406,1002.94000000,2.95000000,0.4880000000,125.59680900000,360.00,5774.00,0.976000,2014,"Transit"
"HIP 65891 b","HIP 65891",202.6050857,-58.6643937,150.29200000,12.70000000,2.8200000000,1089.60000000000,429.05,5000.00,8.930000,2015,"Radial Velocity"
"GJ 4274 c","GJ 4274",335.7805478,-17.6104078,7.23556000,2.83000000,0.1860000000,69.57000000000,157.32,3228.00,0.190000,2026,"Radial Velocity"
"Kepler-1111 b","Kepler-1111",295.4634045,45.8127697,841.53600000,2.00000000,0.0872000000,8.79617863000,938.00,6077.00,1.150000,2016,"Transit"
"Kepler-172 b","Kepler-172",283.3684093,41.8218390,828.59200000,2.35000000,0.0400000000,2.94030900000,1256.00,5526.00,1.085000,2014,"Transit"
"K2-139 b","K2-139",289.0667070,-17.9107147,153.85600000,9.11000000,0.1796000000,28.38061900000,524.00,5370.00,0.880000,2017,"Transit"
"HD 64121 b","HD 64121",117.3651424,-54.8126136,129.96600000,13.20000000,1.5100000000,623.00000000000,464.77,5078.00,5.440000,2022,"Radial Velocity"
"Kepler-902 b","Kepler-902",289.7317067,46.9538750,1165.34000000,2.54000000,0.2230000000,40.10995470000,556.00,5647.00,0.930000,2016,"Transit"
"Kepler-894 b","Kepler-894",288.7340513,46.9393630,1162.91000000,2.78000000,0.0916000000,9.80322400000,896.00,5603.00,0.850000,2016,"Transit"
"Kepler-1794 b","Kepler-1794",300.6196594,45.7888068,561.22900000,1.79426276,0.0821000000,9.76298046100,703.00,5052.00,0.816000,2021,"Transit"
"TOI-1064 b","TOI-1064",296.0039349,-47.5620305,68.07260000,2.58700000,0.0615200000,6.44386800000,784.00,4734.00,0.726000,2022,"Transit"
"Kepler-884 b","Kepler-884",292.5844328,49.9232012,476.73300000,1.23000000,0.0611600000,5.69919514000,964.00,5715.00,0.940000,2016,"Transit"
"Kepler-1019 b","Kepler-1019",283.7175909,47.2043818,194.18200000,1.46000000,0.0221000000,1.41122984700,1164.00,4433.00,0.670000,2016,"Transit"
"WASP-28 b","WASP-28",353.6162694,-1.5799849,348.49400000,13.66374747,0.0442000000,3.40883495000,1456.00,6084.00,1.083000,2014,"Transit"
"GJ 3341 b","GJ 3341",78.9471415,-31.2948458,23.61900000,2.46000000,0.0890000000,14.20700000000,377.62,3526.00,0.439000,2015,"Radial Velocity"
"TOI-4552 b","TOI-4552",264.7142556,-47.6370457,27.26840000,1.11000000,0.0056255000,0.30110032000,1122.00,3258.00,0.286900,2026,"Transit"
"GJ 1289 b","GJ 1289",355.7813464,36.5363314,8.35147000,2.38000000,0.2700000000,111.74000000000,150.00,3296.00,0.245012,2024,"Radial Velocity"
"Kepler-555 b","Kepler-555",285.5168720,38.9324587,973.12100000,2.83000000,0.1201000000,16.21775407000,664.00,5894.00,1.040000,2016,"Transit"
"Kepler-683 b","Kepler-683",291.4399598,37.9056293,1023.07000000,1.97000000,0.0355000000,2.53918317900,1332.00,5703.00,0.950000,2016,"Transit"
"HATS-10 b","HATS-10",294.3068385,-22.2044872,534.88900000,10.86152100,0.0449100000,3.31284600000,1407.00,5880.00,1.105000,2015,"Transit"
"Kepler-1977 b","Kepler-1977",290.6178587,37.2891002,592.71100000,1.66000000,0.0486000000,4.53702121000,798.00,4805.00,0.688000,2023,"Transit"
"Kepler-715 b","Kepler-715",283.6307971,43.3793638,1327.44000000,3.75000000,0.0933000000,10.00652995000,876.00,5871.00,1.040000,2016,"Transit"
"TOI-1694 b","TOI-1694",97.7487104,66.3605956,124.68000000,5.27000000,0.0445000000,3.77013890000,1037.00,5005.00,0.812000,2023,"Transit"
"Kepler-164 d","Kepler-164",287.7808115,47.6298453,890.75800000,2.45000000,0.1870000000,28.98676900000,637.00,5888.00,1.148000,2014,"Transit"
"Kepler-786 b","Kepler-786",293.7439223,38.9392217,485.31800000,2.43000000,0.2548300000,53.52934870000,348.00,4838.00,0.740000,2016,"Transit"
"TOI-3785 b","TOI-3785",130.9002258,63.0780768,79.76340000,5.14000000,0.0430000000,4.67473730000,582.00,3576.00,0.500000,2023,"Transit"
"WASP-145 A b","WASP-145 A",322.2537644,-58.8361466,91.29900000,10.08810000,0.0261000000,1.76903810000,1200.00,4900.00,0.680000,2018,"Transit"
"WASP-136 b","WASP-136",0.3257610,-8.9262512,275.58700000,16.81347105,0.0661000000,5.21536178778,1630.00,6250.00,2.390140,2016,"Transit"
"HATS-12 b","HATS-12",289.2024020,-19.3559227,746.13800000,7.76000000,0.0441000000,3.14270200000,1446.00,6357.00,1.170000,2016,"Transit"
"TOI-1296 b","TOI-1296",256.7706392,70.2384806,323.26500000,14.11645916,0.0510000000,3.94437360000,1414.84,5567.00,1.703100,2021,"Transit"
"HD 98736 b","HD 98736",170.4549045,18.1896082,32.44590000,13.30000000,1.8640000000,968.80000000000,179.53,5271.00,0.930000,2018,"Radial Velocity"
"Kepler-1136 b","Kepler-1136",284.1078441,44.2458047,491.40600000,1.64000000,0.0299000000,2.36172432900,922.00,4512.00,0.680000,2016,"Transit"
"GJ 667 C f","GJ 667 C",259.7510609,-34.9977651,7.24396000,1.45000000,0.1560000000,39.02600000000,,3350.00,,2013,"Radial Velocity"
"Kepler-635 b","Kepler-635",289.7732613,40.8007019,1141.08000000,2.64000000,0.1833200000,23.44971004000,802.00,6174.00,1.510000,2016,"Transit"
"TOI-1279 b","TOI-1279",185.0628734,56.2014094,107.05500000,2.66146528,0.0850000000,9.61419000000,759.00,5457.00,0.842600,2024,"Transit"
"Kepler-468 b","Kepler-468",288.9022829,49.3704079,442.87100000,13.34000000,0.2213000000,38.47875706700,484.00,5498.00,0.870000,2016,"Transit"
"DE CVn b","DE CVn",201.7207198,45.5455449,30.52250000,12.40000000,5.7500000000,4098.10000000000,46.91,3579.00,0.424754,2018,"Eclipse Timing Variations"
"TOI-682.01","TOI-682",167.8854300,-22.0727803,83.15480000,3.74186000,,6.83923880000,1090.00,5085.00,1.080000,2021,"Transit"
"USco CTIO 108 b","USco CTIO 108",241.4752653,-18.3124167,144.01900000,12.30000000,670.0000000000,,2.96,2700.00,0.345365,2008,"Imaging"
"Kepler-1496 b","Kepler-1496",293.9739359,45.3507167,1307.66000000,2.22000000,0.3211000000,64.65880170000,535.00,6182.00,1.270000,2016,"Transit"
"HD 102272 b","HD 102272",176.5980316,14.1240201,347.09700000,12.90000000,0.5100000000,127.58000000000,1038.01,4790.00,10.300000,2008,"Radial Velocity"
"Kepler-366 c","Kepler-366",296.8520316,49.0844359,1856.28000000,1.79000000,0.1100000000,12.51616000000,848.00,6209.00,1.048000,2014,"Transit"
"KOI-2513.01","KOI-2513",293.6688776,46.3792321,1369.87000000,2.80224517,0.5000000000,19.00547000000,758.00,5900.00,1.200000,2023,"Transit"
"Kepler-537 b","Kepler-537",289.8805804,51.2769907,439.40000000,1.41000000,0.0431700000,3.24755521900,1181.00,5763.00,0.990000,2016,"Transit"
"GJ 3323 b","GJ 3323",75.4868824,-6.9485133,5.37484000,1.23000000,0.0328200000,5.36360000000,290.06,3159.00,0.119000,2017,"Radial Velocity"
"TOI-4495 b","TOI-4495",286.3624951,37.0259902,132.21400000,2.48300000,0.0395700000,2.56699000000,1735.00,6210.00,1.309000,2026,"Transit"
"Kepler-1761 b","Kepler-1761",284.1329728,49.1426325,221.18600000,1.39109603,0.0413000000,4.04354000100,613.00,3871.00,0.532000,2021,"Transit"
"NGTS-6 b","NGTS-6",75.7953820,-30.3994612,308.26200000,14.86313400,0.0167700000,0.88205900000,1283.90,4730.00,0.754000,2019,"Transit"
"Kepler-920 c","Kepler-920",284.2969363,49.1585983,1001.68000000,3.80000000,0.4029000000,100.82741130000,364.00,5403.00,0.850000,2016,"Transit"
"Kepler-818 b","Kepler-818",296.2351072,39.3702865,925.03700000,5.11000000,0.0886000000,10.03538581400,786.00,5638.00,0.920000,2016,"Transit"
"Kepler-139 c","Kepler-139",282.3919451,43.8894167,391.03800000,3.38000000,0.5860000000,157.07287800000,350.00,5594.00,1.300000,2014,"Transit"
"Kepler-959 b","Kepler-959",292.1711850,40.8113849,807.72900000,4.38000000,0.1633000000,14.80074836000,1912.00,7005.00,2.010000,2016,"Transit"
"BD-210397 c","BD-210397",33.3024198,-21.1962147,23.73240000,12.90000000,5.9000000000,6240.00000000000,69.51,4051.00,0.747000,2023,"Radial Velocity"
"Kepler-1436 b","Kepler-1436",297.7115530,46.7679816,2530.62000000,1.31000000,0.0907000000,9.70571600000,1001.00,5972.00,1.090000,2016,"Transit"
"HU Aqr AB c","HU Aqr",316.9921976,-5.2948694,192.19807871,12.90000000,5.4000000000,4368.00000000000,,5952.00,,2011,"Eclipse Timing Variations"
"Kepler-1597 b","Kepler-1597",288.1639687,42.4810124,1221.05000000,1.06000000,0.0413600000,2.94654179000,1497.00,6377.00,1.390000,2016,"Transit"
"WASP-83 b","WASP-83",190.1519558,-19.2843527,271.10300000,11.65736000,0.0590000000,4.97125200000,1120.00,5510.00,1.050000,2015,"Transit"
"HD 116029 c","HD 116029",200.1646905,24.6484725,123.24500000,13.70000000,,907.00000000000,,4951.00,4.600000,2016,"Radial Velocity"
"Kepler-282 e","Kepler-282",284.6772402,44.7976401,1337.61000000,3.10000000,0.2333200000,44.34700000000,484.00,5656.00,0.890000,2013,"Transit"
"XO-2 S c","XO-2 S",117.0309753,50.2169068,151.39800000,13.60000000,0.4737000000,120.05900000000,376.79,5325.00,1.020000,2014,"Radial Velocity"
"Kepler-850 b","Kepler-850",293.0844515,48.5753645,1661.28000000,1.78000000,0.0744000000,7.19303878000,995.00,5932.00,1.090000,2016,"Transit"
"Kepler-65 d","Kepler-65",288.6887221,41.1511076,303.72800000,1.52000000,0.0840000000,8.13123000000,1117.00,6211.00,1.410000,2012,"Transit"
"Kepler-1090 b","Kepler-1090",295.6629002,44.5258237,858.77000000,2.25000000,0.6332300000,198.68017900000,297.00,5321.00,0.820000,2016,"Transit"
"TOI-715 b","TOI-715",113.8523276,-73.5774089,42.40480000,1.55000000,0.0830000000,19.28800400000,234.00,3075.00,0.240000,2023,"Transit"
"GJ 393 b","GJ 393",157.2288672,0.8378485,7.03149000,1.17000000,0.0540200000,7.02679000000,485.00,3579.00,0.426000,2021,"Radial Velocity"
"Kepler-1680 b","Kepler-1680",297.0746571,39.9338893,310.31500000,1.35954736,0.0764200000,8.77424000000,771.00,5021.00,0.723259,2020,"Transit"
"Gaia-2 b","Gaia-2",110.7353308,67.2526565,209.22900000,14.81827249,0.0467000000,3.69152240000,1213.23,5720.00,1.064000,2022,"Transit"
"WASP-124 b","WASP-124",332.7143373,-30.7497189,448.63700000,13.89916000,0.0449000000,3.37265000000,1400.00,6050.00,1.020000,2016,"Transit"
"TOI-1439 b","TOI-1439",241.7639371,67.8776404,230.30600000,4.24278610,0.1920000000,27.64400000000,748.40,5841.00,1.618400,2024,"Transit"
"GJ 1061 c","GJ 1061",54.0032486,-44.5143104,3.67278000,1.19000000,0.0342000000,6.68210000000,304.12,2953.00,0.156000,2020,"Radial Velocity"
"K2-50 b","K2-50",169.4836540,5.9882890,257.44300000,1.59000000,0.0705000000,8.75290000000,580.53,4326.00,0.546000,2016,"Transit"
"Kepler-23 b","Kepler-23",294.2189131,49.4792536,835.75600000,1.63800000,0.0721200000,7.10000000000,1157.00,5828.00,1.548000,2011,"Transit"
"Kepler-257 b","Kepler-257",297.3159994,46.0232642,780.25600000,2.61000000,0.0340000000,2.38266700000,1237.00,5180.00,1.037000,2014,"Transit"
"TOI-1736 c","TOI-1736",43.4344615,69.1013450,88.94820000,12.50000000,1.3700000000,571.25000000000,249.00,5636.00,1.428600,2023,"Radial Velocity"
"Kepler-310 d","Kepler-310",288.8392780,46.9867472,602.26800000,2.47000000,0.3920000000,92.87612500000,353.00,5797.00,0.876000,2014,"Transit"
"WASP-192 b","WASP-192",223.6587187,-38.7445469,508.88500000,13.78707000,0.0408000000,2.87867650000,1620.00,5910.00,1.320000,2019,"Transit"
"Kepler-184 b","Kepler-184",291.9518784,43.0746172,610.32600000,2.36000000,0.0920000000,10.68757600000,780.00,5788.00,0.873000,2014,"Transit"
"Kepler-1744 b","Kepler-1744",291.0206823,42.4624633,1091.63000000,3.76754004,0.2094500000,37.10110092000,532.00,5986.00,0.850000,2021,"Transit"
"Kepler-1107 b","Kepler-1107",291.0499340,39.1416740,428.79800000,1.34000000,0.0128500000,0.57103851800,1897.00,5268.00,0.820000,2016,"Transit"
"Kepler-40 b","Kepler-40",296.8136883,47.5265446,2305.01000000,13.11000000,0.0800000000,6.87349000000,1620.00,6510.00,2.130000,2010,"Transit"
"TOI-908 b","TOI-908",53.1594266,-81.2507450,175.74800000,3.18600000,0.0416570000,3.18379200000,1317.00,5626.00,1.028000,2023,"Transit"
"Kepler-851 b","Kepler-851",294.6802199,49.1401106,839.25500000,1.68000000,0.0802000000,8.50699658000,900.00,5455.00,0.850000,2016,"Transit"
"HD 99492 c","HD 99492",171.6896870,3.0071331,18.20380000,4.42000000,,95.23300000000,,4929.00,0.822539,2023,"Radial Velocity"
"G 264-012 c","G 264-012",326.6719598,66.8038480,16.00900000,1.76000000,0.0525000000,8.05180000000,387.00,3326.00,0.305000,2021,"Radial Velocity"
"Kepler-827 b","Kepler-827",294.9660027,42.7085608,2046.68000000,5.63000000,0.2742000000,51.92927591000,574.00,5602.00,0.910000,2016,"Transit"
"Kepler-228 c","Kepler-228",296.2860853,48.2246328,1644.61000000,2.70000000,0.0520000000,4.13444400000,1160.00,6043.00,1.014000,2014,"Transit"
"K2-346 b","K2-346",125.9864854,22.6632260,105.58000000,2.26000000,,26.20144600000,450.00,4801.00,0.700000,2021,"Transit"
"Kepler-77 b","Kepler-77",289.6079433,44.3454347,639.41100000,10.76100000,0.0450100000,3.57878087000,1440.00,5520.00,0.990000,2013,"Transit"
"Kepler-1509 b","Kepler-1509",283.7977792,46.9310139,2002.96000000,1.85000000,0.1707000000,25.43381970000,667.00,5780.00,0.990000,2016,"Transit"
"GJ 581 b","GJ 581",229.8564725,-7.7226935,6.29810000,4.79000000,0.0399000000,5.36860000000,464.32,3500.00,0.302000,2005,"Radial Velocity"
"K2-403 b","K2-403",164.1893864,9.6739464,246.59900000,5.33300000,,33.58997900000,949.00,5511.00,0.886000,2022,"Transit"
"HD 43691 b","HD 43691",94.8946124,41.0920773,85.60090000,13.20000000,0.2380000000,36.99870000000,761.79,6093.00,1.600000,2007,"Radial Velocity"
"Kepler-1574 b","Kepler-1574",292.1586689,49.6377914,1384.16000000,1.29000000,0.0743000000,6.94243340000,1003.00,5892.00,1.080000,2016,"Transit"
"Kepler-238 f","Kepler-238",287.8971066,40.6378141,1798.75000000,2.00000000,0.2863500000,50.44700000000,568.00,5800.00,0.960000,2013,"Transit"
"K2-253 b","K2-253",186.0853062,-6.3789537,876.56500000,12.67000000,0.0506000000,4.00167000000,1238.00,6027.00,1.100000,2018,"Transit"
"Kepler-1290 b","Kepler-1290",290.6852287,43.8596155,1593.70000000,1.42000000,0.0557000000,4.69500134000,1098.00,5660.00,0.930000,2016,"Transit"
"Kepler-68 d","Kepler-68",291.0323102,49.0402129,144.16600000,13.90000000,1.4690000000,632.62000000000,260.75,5847.00,1.256400,2013,"Radial Velocity"
"Kepler-218 b","Kepler-218",295.4128785,46.2665801,656.38000000,1.48000000,0.0460000000,3.61933700000,1156.00,5502.00,1.063000,2014,"Transit"
"Kepler-645 b","Kepler-645",290.3227098,44.0358625,1173.57000000,2.10000000,0.0454100000,3.27582262100,1730.00,6170.00,1.210000,2016,"Transit"
"TOI-1450 A b","TOI-1450 A",286.8540627,59.0866254,22.44670000,1.13000000,,2.04392740000,722.00,3437.00,0.483000,2024,"Transit"
"HD 206610 b","HD 206610",325.8537599,-7.4082451,147.19200000,13.40000000,1.7400000000,673.20000000000,437.88,4842.00,6.120000,2009,"Radial Velocity"
"Kepler-99 b","Kepler-99",297.3539994,41.3000452,208.36900000,1.48000000,0.0507100000,4.60358000000,810.00,4782.00,0.730000,2014,"Transit"
"Kepler-1010 b","Kepler-1010",289.1926026,44.1493165,579.27300000,2.32000000,0.1930000000,34.26857050000,477.00,5253.00,0.820000,2016,"Transit"
"Kepler-687 b","Kepler-687",289.3154576,39.1532911,633.66000000,3.52000000,0.1326000000,20.50586978000,518.00,4841.00,0.730000,2016,"Transit"
"Kepler-1855 b","Kepler-1855",283.4018628,41.5161554,,1.21620500,0.0115000000,0.72733098300,849.00,3460.00,0.356000,2021,"Transit"
"UCAC4 328-061594 b","UCAC4 328-061594",152.6991091,-24.4532674,39.90890000,12.10000000,19000.0000000000,,,,,2024,"Imaging"
"Kepler-1363 b","Kepler-1363",296.9964872,49.2563228,541.71400000,1.25000000,0.0363000000,2.94194094000,988.00,4839.00,0.720000,2016,"Transit"
"Kepler-296 b","Kepler-296",286.5400278,49.4372614,167.00000000,1.61000000,0.0790000000,10.86438400000,495.00,3740.00,0.480000,2014,"Transit"
"BD+48 738 b","BD+48 738",40.7102869,49.5869395,871.49300000,13.90000000,1.0000000000,392.60000000000,705.93,4414.00,11.000000,2011,"Radial Velocity"
"HR 8799 c","HR 8799",346.8701486,21.1340376,41.24410000,13.00000000,38.0000000000,69000.00000000000,1200.00,7204.58,1.493380,2008,"Imaging"
"Kepler-1773 b","Kepler-1773",286.2232284,38.2581676,681.25500000,3.50469499,0.2483100000,40.80970001000,623.00,6183.00,1.300000,2021,"Transit"
"Kepler-989 b","Kepler-989",281.5827983,47.2334674,491.97800000,2.21000000,0.0734000000,7.96431535200,805.00,5074.00,0.780000,2016,"Transit"
"Kepler-1508 b","Kepler-1508",298.1188802,40.3750316,1260.28000000,1.33000000,0.1629000000,20.70565040000,967.00,6158.00,1.220000,2016,"Transit"
"TOI-7041 b","TOI-7041",357.8021716,-50.8698618,439.52000000,11.43316031,,9.69100000000,882.37,4700.00,4.100000,2025,"Transit"
"K2-37 c","K2-37",243.4509662,-24.7870527,179.94300000,2.41000000,0.0653400000,6.42966000000,839.00,5352.00,0.809000,2016,"Transit"
"2MASS J19383260+4603591 b","2MASS J19383260+4603591",294.6359173,46.0664076,396.33200000,13.40000000,0.9200000000,406.00000000000,669.65,29564.00,0.203000,2015,"Eclipse Timing Variations"
"TOI-1260 b","TOI-1260",157.1440712,65.8541986,73.59770000,2.41000000,0.0367000000,3.12746300000,871.00,4227.00,0.672000,2021,"Transit"
"HIP 39330 b","HIP 39330",120.6116831,-46.3353155,36.39580000,13.50000000,5.0500000000,4650.00000000000,125.05,5748.00,1.027860,2026,"Radial Velocity"
"Kepler-52 c","Kepler-52",286.7380152,49.9757383,321.54200000,1.84000000,0.1037900000,16.38500210000,433.00,4075.00,0.520000,2012,"Transit"
"Kepler-1637 b","Kepler-1637",282.2368006,48.1542016,567.18700000,0.89000000,0.0596000000,6.10960324000,1093.00,5789.00,1.020000,2016,"Transit"
"Kepler-1990 b","Kepler-1990",299.7047433,44.4357068,392.73900000,3.27000000,0.0286000000,1.73513619000,1554.00,5751.00,1.071000,2023,"Transit"
"TOI-1749 c","TOI-1749",282.7372281,64.4194660,99.55610000,2.12000000,0.0443000000,4.49290000000,673.00,3985.00,0.550000,2021,"Transit"
"GJ 9714 b","GJ 9714",315.4141767,-32.5250028,20.51210000,12.50000000,12.3190000000,19240.75467000000,47.68,4263.00,0.662662,2022,"Radial Velocity"
"Kepler-312 b","Kepler-312",298.3957687,42.4597712,797.72000000,1.29000000,0.0310000000,1.77241900000,1685.00,6115.00,1.467000,2014,"Transit"
"Kepler-1671 b","Kepler-1671",291.7484295,39.4467817,357.05900000,1.32557381,0.0494600000,4.16787000000,962.00,5135.55,0.929771,2020,"Transit"
"Kepler-466 b","Kepler-466",295.6486585,48.4955191,530.12200000,2.85000000,0.2676900000,51.07926307000,503.00,5927.00,1.050000,2016,"Transit"
"UZ For c","UZ For",53.8694682,-25.7393857,239.60387482,,2.8000000000,1916.25000000000,,5286.90,,2011,"Eclipse Timing Variations"
"HD 63765 b","HD 63765",116.9582617,-54.2653450,32.53760000,14.20000000,0.9400000000,358.00000000000,246.90,5449.00,0.830000,2011,"Radial Velocity"
"TOI-7008 b","TOI-7008",216.9882531,79.4503960,410.46700000,4.94735276,,0.84069041367,1783.00,5116.06,0.952550,2026,"Transit"
"Kepler-1038 c","Kepler-1038",298.9721472,44.1323499,584.13600000,1.41623380,0.0692000000,7.12765979800,784.00,5159.00,0.821000,2021,"Transit"
"TOI-3877 b","TOI-3877",170.4544727,33.9913822,493.77000000,11.67975789,0.0529000000,4.12359600000,1445.00,5731.00,1.445000,2025,"Transit"
"Kepler-1699 b","Kepler-1699",292.1373281,48.9171579,818.75900000,1.56671124,0.0418000000,3.49082000000,1010.00,5575.53,0.725000,2020,"Transit"
"HD 143105 b","HD 143105",238.4023547,68.7199779,46.77890000,13.70000000,0.0379000000,2.19740000000,2028.25,6380.00,1.647304,2016,"Radial Velocity"
"HD 191939 e","HD 191939",302.0256247,66.8503014,53.60890000,13.00000000,0.4070000000,101.12000000000,390.00,5348.00,0.940000,2022,"Radial Velocity"
"Kepler-1569 b","Kepler-1569",292.2046748,37.2212065,945.45400000,1.68000000,0.0666900000,5.79180156000,1222.00,6319.00,1.400000,2016,"Transit"
"Kepler-859 b","Kepler-859",286.7418337,43.1901197,839.90300000,3.09000000,0.1315700000,20.38177573000,528.00,5020.00,0.770000,2016,"Transit"
"HD 83443 b","HD 83443",144.2994103,-43.2727210,40.89910000,14.10000000,0.0406000000,2.98562800000,1262.68,5442.00,0.940000,2002,"Radial Velocity"
"Kepler-106 b","Kepler-106",300.8640060,44.3375497,444.32200000,0.82000000,0.0649100000,6.16486000000,1021.00,5858.00,1.040000,2014,"Transit"
"Kepler-834 b","Kepler-834",287.0544674,45.1803351,633.93700000,2.02000000,0.0862000000,13.32388301000,378.00,4554.00,0.660000,2016,"Transit"
"K2-249 b","K2-249",183.3667344,-8.9952309,521.71600000,2.79000000,0.1151000000,12.40900000000,1061.00,6504.00,1.570000,2018,"Transit"
"Kepler-454 c","Kepler-454",287.4786474,38.2290751,230.86900000,12.90000000,1.2870000000,524.19000000000,249.58,5687.00,1.066000,2015,"Radial Velocity"
"HD 33283 b","HD 33283",77.0044889,-26.7976689,89.86230000,12.50000000,0.1508000000,18.19910000000,1034.40,5935.00,1.970000,2006,"Radial Velocity"
"Kepler-169 e","Kepler-169",285.9999204,40.9193822,406.52900000,2.20000000,0.1050000000,13.76710200000,595.00,4997.00,0.763000,2014,"Transit"
"GJ 536 b","GJ 536",210.2597264,-2.6522901,10.40920000,2.41000000,0.0668000000,8.70874000000,451.00,3641.00,0.529000,2016,"Radial Velocity"
"Kepler-37 e","Kepler-37",284.0592503,44.5183733,63.92070000,0.37000000,0.2500000000,51.19600000000,401.00,5288.00,0.772000,2014,"Transit"
"Kepler-37 b","Kepler-37",284.0592503,44.5183733,63.92070000,0.30980000,0.1019000000,13.36702000000,718.00,5357.00,0.789000,2013,"Transit"
"TOI-2236 b","TOI-2236",20.1660113,-86.9799650,355.59000000,14.36991326,0.0500900000,3.53159020000,1688.00,6248.00,1.573000,2022,"Transit"
"HD 159868 c","HD 159868",264.7466665,-43.1462347,55.85030000,14.00000000,1.0320000000,351.00000000000,383.37,5534.00,2.130000,2012,"Radial Velocity"
"Kepler-1665 b","Kepler-1665",290.3962400,41.0399229,335.51500000,2.83910787,0.0960000000,11.95480000000,906.00,5049.84,0.777785,2020,"Transit"
"HIP 111909 b","HIP 111909",340.0304354,-49.5985391,88.07700000,13.70000000,1.3200000000,487.08000000000,436.91,4891.00,4.530000,2025,"Radial Velocity"
"Kepler-1125 b","Kepler-1125",295.4812018,40.7319316,2011.41000000,1.84000000,0.1348000000,17.67006420000,778.00,5683.00,0.940000,2016,"Transit"
"Kepler-384 b","Kepler-384",286.0261113,44.7828571,895.67800000,1.12000000,0.1480000000,22.59705300000,670.00,5577.00,0.882000,2014,"Transit"
"HD 37605 b","HD 37605",85.0074276,6.0595116,46.78640000,13.20000000,0.2770000000,55.01292000000,465.76,5329.00,0.910000,2004,"Radial Velocity"
"Kepler-1618 b","Kepler-1618",295.1753619,45.9308594,1229.25000000,1.26000000,0.0710900000,6.10826019000,1267.00,6620.00,1.650000,2016,"Transit"
"Kepler-352 d","Kepler-352",299.8966237,46.0519022,252.73300000,0.80628032,0.0657400000,6.88727998700,788.00,5208.00,0.772000,2021,"Transit"
"K2-148 c","K2-148",14.5176494,-0.1932580,124.45800000,1.73000000,0.0616000000,6.92260000000,630.02,4079.00,0.632000,2018,"Transit"
"NGTS-9 b","NGTS-9",141.9206435,-19.3476477,609.12800000,11.99363000,0.0580000000,4.43527000000,1448.00,6330.00,1.380000,2019,"Transit"
"Kepler-584 b","Kepler-584",288.2306150,42.4136181,1848.84000000,4.21000000,0.2281000000,35.18103040000,664.00,6195.00,1.240000,2016,"Transit"
"Kepler-92 b","Kepler-92",289.0860607,41.5630224,477.99200000,3.51000000,0.1223200000,13.74900000000,975.00,5883.00,1.700000,2013,"Transit"
"TOI-277 b","TOI-277",19.0766985,-20.9532772,64.66920000,2.65000000,0.0269000000,3.99400000000,587.92,4031.00,0.362000,2022,"Transit"
"EPIC 212297394 b","EPIC 212297394",207.2061241,-17.6098985,418.39500000,1.48000000,,2.28936300000,1149.00,5171.00,0.800000,2019,"Transit"
"TIC 67686059 b","TIC 67686059",19.8843370,-35.2930148,249.20300000,2.59125922,,3.52163529551,,5090.09,0.820458,2026,"Transit"
"K2-270 b","K2-270",131.2665588,13.5497322,280.51800000,1.38000000,0.0247000000,1.54306900000,1203.00,4877.00,0.770000,2018,"Transit"
"TIC 160113658 b","TIC 160113658",59.4555606,-41.6320332,200.15600000,3.49015778,,6.72952262077,,4817.31,0.789834,2026,"Transit"
"Kepler-533 b","Kepler-533",293.6856893,48.8249915,302.95500000,3.38000000,0.1670400000,28.51120525000,423.00,4758.00,0.720000,2016,"Transit"
"VHS J125601.92-125723.9 b","VHS J125601.92-125723.9",194.0089640,-12.9560310,12.70000000,13.67495645,350.0000000000,5800000.00000000000,1194.00,2620.00,,2015,"Imaging"
"HD 23079 c","HD 23079",54.9281897,-52.9162344,33.45910000,2.80000000,,5.74891300000,,5994.00,1.080000,2025,"Radial Velocity"
"Kepler-55 e","Kepler-55",285.1683291,44.0264898,578.79600000,1.55000000,0.0480000000,4.61753400000,728.00,4503.00,0.619000,2014,"Transit"
"GJ 887 b","GJ 887",346.5027573,-35.8473489,3.28679000,1.80000000,0.0683000000,9.26190000000,426.00,3688.00,0.468000,2020,"Radial Velocity"
"Kepler-1467 b","Kepler-1467",295.0485389,45.3426781,852.88800000,3.30000000,0.2388000000,47.05690430000,411.00,5332.00,0.820000,2016,"Transit"
"Kepler-199 c","Kepler-199",295.5594278,40.2362490,521.05400000,3.25000000,0.3160000000,67.09340800000,420.00,5644.00,0.967000,2014,"Transit"
"HD 222076 b","HD 222076",354.5319820,-70.9032461,91.15380000,13.50000000,1.8300000000,871.00000000000,346.88,4806.00,4.100000,2016,"Radial Velocity"
"Kepler-282 b","Kepler-282",284.6772402,44.7976401,1337.61000000,1.01000000,0.0820000000,9.22052400000,817.00,5602.00,0.904000,2014,"Transit"
"K2-388 b","K2-388",352.7139342,-11.0773564,290.49500000,3.90000000,,6.33932000000,874.00,5310.00,0.910000,2022,"Transit"
"TOI-1224 b","TOI-1224",37.1978356,-80.8991053,37.33120000,2.10400000,0.0355000000,4.17827450000,541.00,3326.00,0.404000,2024,"Transit"
"Kepler-623 b","Kepler-623",296.9867284,47.4773531,737.70200000,3.01000000,0.0854000000,9.07097734000,825.00,5443.00,0.860000,2016,"Transit"
"WASP-176 b","WASP-176",313.6872928,9.1790688,568.42000000,16.86954500,0.0535000000,3.89905200000,1721.00,5941.00,1.925000,2020,"Transit"
"Kepler-363 d","Kepler-363",283.1920779,41.3054172,762.59600000,2.05000000,0.1070000000,11.93212500000,905.00,5593.00,1.485000,2014,"Transit"
"HD 4917 b","HD 4917",12.7762624,-12.9276648,204.27700000,13.50000000,1.1670000000,400.50000000000,479.78,4802.00,5.010000,2018,"Radial Velocity"
"KOBE-1 c","KOBE-1",19.1660378,25.3310358,23.97180000,3.56000000,0.1607100000,29.67100000000,392.50,4135.00,0.619000,2025,"Radial Velocity"
"Kepler-970 b","Kepler-970",289.6252192,40.7087351,331.54500000,2.60900000,0.1390000000,16.73652500000,464.00,4290.00,0.710000,2016,"Transit"
"HAT-P-70 b","HAT-P-70",74.5523332,9.9979794,330.73900000,20.96083000,0.0473900000,2.74432452000,2562.00,8450.00,1.858000,2019,"Transit"
"Kepler-943 b","Kepler-943",284.2739322,41.5349809,2300.53000000,5.93000000,0.2559000000,49.77014380000,455.00,5612.00,0.910000,2016,"Transit"
"Kepler-10 b","Kepler-10",285.6792980,50.2414842,185.50600000,1.47000000,0.0168500000,0.83749070000,2188.00,5708.00,1.065000,2011,"Transit"
"Kepler-271 d","Kepler-271",283.0029316,44.2841080,404.54200000,0.66000000,0.0555400000,5.24972541000,954.00,5555.00,0.870000,2016,"Transit"
"TOI-1233.01","HD 108236",186.5740627,-51.3630519,64.59780000,2.53900000,0.1074000000,14.17568500000,708.00,5660.00,0.877000,2021,"Transit"
"HD 221585 b","HD 221585",353.2293802,63.1556146,55.85350000,13.50000000,2.3060000000,1173.00000000000,242.77,5620.00,1.850575,2016,"Radial Velocity"
"TIC 18942729 b","TIC 18942729",119.2150697,16.6772341,115.16900000,2.00021315,,0.99817838064,,4360.11,0.825257,2026,"Transit"
"HD 22496 b","HD 22496",53.7565398,-48.4178173,13.59560000,2.22000000,0.0510000000,5.09071000000,573.00,4385.00,0.674000,2021,"Radial Velocity"
"Kepler-1640 b","Kepler-1640",294.5577857,40.8504949,1859.78000000,4.82000000,0.0836000000,7.58441260000,1228.00,6324.00,1.430000,2016,"Transit"
"Kepler-589 c","Kepler-589",280.6414331,47.7520581,612.80300000,1.11727238,0.0426000000,3.52466011000,1098.00,5372.00,0.916000,2021,"Transit"
"Kepler-647 b","Kepler-647",284.7882977,44.5916225,1087.87000000,1.17000000,0.1223700000,16.22546490000,788.00,6020.00,1.070000,2016,"Transit"
"Gaia-1 b","Gaia-1",90.6436658,-0.5771099,363.66000000,13.77583728,0.0404700000,3.05252400000,1159.07,5470.00,0.952000,2022,"Transit"
"Kepler-1527 b","Kepler-1527",297.4144457,46.0608077,1842.13000000,4.77000000,0.6276000000,160.12991800000,450.00,6224.00,1.320000,2016,"Transit"
"Kepler-1980 b","Kepler-1980",295.1672065,38.6370390,1709.40000000,2.21000000,0.2049000000,33.02571790000,564.00,5819.00,0.990000,2023,"Transit"
"TOI-122 b","TOI-122",332.9482355,-58.9460850,62.11800000,2.72000000,0.0392000000,5.07803000000,471.00,3403.00,0.334000,2020,"Transit"
"HATS-52 b","HATS-52",140.0875894,-31.2692116,555.13400000,15.49083800,0.0249800000,1.36665436000,1834.00,6010.00,1.046000,2017,"Transit"
"Kepler-250 d","Kepler-250",289.5947633,44.1418114,760.58500000,2.18000000,0.1270000000,17.64831200000,579.00,5160.00,0.805000,2014,"Transit"
"Kepler-1298 b","Kepler-1298",284.4227535,49.1061907,544.16300000,1.31000000,0.0814000000,7.12811928000,1373.00,6339.00,2.000000,2016,"Transit"
"Kepler-1361 b","Kepler-1361",283.5653603,46.9042278,389.14300000,0.86000000,0.0430400000,3.57554956000,1061.00,5131.00,0.790000,2016,"Transit"
"Kepler-619 b","Kepler-619",290.8490899,48.4159782,900.67800000,3.16000000,0.0601400000,5.40427219700,1073.00,5980.00,1.110000,2016,"Transit"
"K2-99 b","K2-99",208.7737624,-5.4424943,519.22900000,11.88151954,0.1530000000,18.24783000000,1184.00,6069.00,2.550000,2016,"Transit"
"TOI-532 b","TOI-532",85.0800537,11.5626373,135.04700000,5.82000000,0.0296000000,2.32665080000,867.00,3927.00,0.612000,2021,"Transit"
"HD 210277 b","HD 210277",332.3748117,-7.5505962,21.29850000,13.60000000,1.1300000000,442.19000000000,259.86,5538.00,1.070000,1998,"Radial Velocity"
"Kepler-178 b","Kepler-178",287.1010275,46.8964033,716.02500000,2.90000000,0.0850000000,9.57669400000,846.00,5676.00,1.066000,2014,"Transit"
"Kepler-1604 b","Kepler-1604",285.4106549,44.4122318,541.18900000,1.41000000,0.0140600000,0.68368425600,2023.00,4976.00,0.760000,2016,"Transit"
"Kepler-984 b","Kepler-984",296.9588566,46.3940661,460.18800000,2.12000000,0.2368800000,43.03422720000,484.00,5610.00,0.930000,2016,"Transit"
"HD 13724 c","HD 13724",33.0859626,-46.8166738,43.46500000,8.18000000,0.5340000000,142.22895000000,393.06,5835.31,1.041980,2022,"Radial Velocity"
"Kepler-1286 b","Kepler-1286",280.2583709,43.8357433,1354.46000000,2.15000000,0.0991000000,11.25402929000,888.00,5753.00,0.980000,2016,"Transit"
"Kepler-318 b","Kepler-318",298.4828337,46.7936357,489.14100000,4.71000000,0.0560000000,4.66271500000,1039.00,5746.00,1.189000,2014,"Transit"
"Kepler-732 b","Kepler-732",283.7317274,45.9585288,174.82600000,2.18000000,0.0691000000,9.46781404800,407.00,3631.00,0.460000,2016,"Transit"
"HIP 109600 b","HIP 109600",333.0270790,29.0662082,66.33610000,13.20000000,0.7060000000,232.08000000000,312.88,5530.00,0.971958,2016,"Radial Velocity"
"Kepler-407 b","Kepler-407",286.0363025,49.6145027,338.36800000,1.19000000,0.0153100000,0.66931240000,1983.00,5487.00,1.040000,2014,"Transit"
"GJ 1148 c","GJ 1148",175.4326081,42.7515862,11.01430000,9.71000000,0.9120000000,532.58000000000,99.38,3287.00,0.358519,2017,"Radial Velocity"
"Kepler-897 b","Kepler-897",290.5867992,51.6957731,1519.25000000,2.39000000,0.0770000000,8.04726420000,855.00,5839.00,1.040000,2016,"Transit"
"Kepler-435 b","Kepler-435",292.2873012,43.1972542,1418.77000000,22.31000000,0.0948000000,8.60015360000,1729.00,6161.00,3.210000,2015,"Transit"
"HD 184010 d","HD 184010",292.8401421,26.6172796,60.79930000,14.30000000,1.9200000000,836.40000000000,381.37,4971.00,4.860000,2022,"Radial Velocity"
"WASP-70 A b","WASP-70 A",315.4771912,-13.4333821,222.35500000,13.04700000,0.0485300000,3.71302030000,1387.00,5763.00,1.215000,2014,"Transit"
"TOI-1798.01","TOI-1798",211.0939367,46.5192825,113.18100000,2.44800000,0.0749840000,8.02152233100,734.31,5165.00,0.780000,2024,"Transit"
"TOI-444 b","TOI-444",64.1839982,-26.7664071,57.39730000,2.77000000,0.1330000000,17.96360000000,609.00,5225.00,0.779000,2023,"Transit"
"TOI-2202 b","TOI-2202",51.2284214,-73.9575458,235.93300000,10.95117414,0.0956400000,11.91260750000,652.07,5169.00,0.808000,2021,"Transit"
"TrES-1 b","TrES-1",286.0408755,36.6325360,159.65800000,12.66617000,0.0392500000,3.03007000000,1140.00,5230.00,0.850000,2004,"Transit"
"Kepler-1052 c","Kepler-1052",295.3427300,46.6022134,943.44400000,2.30000000,0.6135000000,180.92172900000,302.00,5818.00,0.848000,2023,"Transit"
"Kepler-206 b","Kepler-206",291.6346564,41.8338415,594.44700000,1.20000000,0.0780000000,7.78198700000,983.00,5764.00,1.185000,2014,"Transit"
"Kepler-763 b","Kepler-763",292.1445534,47.1573604,962.45900000,1.22000000,0.0205000000,1.19655156000,1414.00,5166.00,0.800000,2016,"Transit"
"Kepler-155 b","Kepler-155",288.4957831,51.0819286,293.49900000,2.09000000,0.0560000000,5.93119400000,614.00,4508.00,0.620000,2014,"Transit"
"ups And c","ups And",24.1983534,41.4038147,13.40540000,12.30000000,0.8277740000,241.25800000000,407.56,6156.77,1.560000,1999,"Radial Velocity"
"NGTS-34 b","NGTS-34",162.4997176,-44.5478575,120.47500000,3.65000000,0.2570000000,43.12655000000,624.00,6134.00,1.367000,2025,"Transit"
"K2-274 b","K2-274",129.2823699,20.3992512,228.32700000,2.08000000,0.0964000000,14.13303140000,655.00,5044.00,0.700000,2018,"Transit"
"DH Tau b","DH Tau",67.4231674,26.5493897,134.84600000,30.26430000,330.0000000000,,2200.00,4371.00,0.270000,2004,"Imaging"
"HD 200964 c","HD 200964",316.6664183,3.8033357,72.59220000,13.70000000,1.9600000000,852.50000000000,380.62,4982.00,4.920000,2010,"Radial Velocity"
"TOI-1011 b","TOI-1011",113.9847611,-32.8419988,52.62000000,1.45000000,,2.47049800000,1364.00,5475.00,0.920000,2025,"Transit"
"Kepler-1583 b","Kepler-1583",286.3869335,47.0165188,403.93300000,0.60000000,0.0830700000,9.32807355000,788.00,5645.00,0.910000,2016,"Transit"
"HATS-32 b","HATS-32",346.0750861,-21.2720168,745.11600000,14.00004100,0.0402400000,2.81265480000,1437.00,5700.00,1.097000,2016,"Transit"
"ZTF J1828+2308 b","ZTF J1828+2308",277.2031946,23.1439121,201.82700000,11.13051784,,0.11200670000,,15900.00,0.013100,2025,"Transit"
"Kepler-1876 b","Kepler-1876",299.1604859,41.1437964,259.93500000,0.85300000,0.0758000000,6.99205000000,1299.00,6104.00,1.477000,2021,"Transit"
"TOI-6564 b","TOI-6564",205.8178791,-56.1564491,191.37200000,16.39873876,0.0542000000,3.98541300000,1445.00,5943.00,1.700000,2026,"Transit"
"K2-219 c","K2-219",12.8452963,8.8675474,325.40000000,1.43839723,,6.66767000000,,5753.00,1.189232,2018,"Transit"
"HD 37124 b","HD 37124",84.2599947,20.7289784,31.66340000,14.00000000,0.5336400000,154.37800000000,366.48,5698.64,0.949168,2002,"Radial Velocity"
"Kepler-881 b","Kepler-881",288.9925529,46.6706513,1375.18000000,1.78000000,0.0552000000,4.44448017000,1217.00,5961.00,1.090000,2016,"Transit"
"TOI-333 b","TOI-333",353.3574989,-41.1715206,352.26900000,4.26000000,0.0490000000,3.78525030000,1445.00,6241.00,1.100000,2025,"Transit"
"Kepler-60 c","Kepler-60",288.9612535,42.2650472,1025.10000000,1.90000000,0.0842200000,8.91870000000,1023.00,5905.00,1.257000,2012,"Transit"
"Kepler-665 b","Kepler-665",297.0255947,48.4785669,612.83800000,2.60000000,0.1148000000,16.01310205000,593.00,4913.00,0.740000,2016,"Transit"
"Kepler-1848 b","Kepler-1848",299.3814921,45.5920846,309.69600000,1.40885390,0.0583500000,5.60402011900,774.00,4847.00,0.737000,2021,"Transit"
"TOI-2096 c","TOI-2096",151.6186989,74.8272107,48.48090000,1.91400000,0.0400000000,6.38784000000,349.00,3300.00,0.235000,2023,"Transit"
"Kepler-1698 b","Kepler-1698",293.3450181,39.2577469,222.34500000,1.07315686,0.0206500000,1.21070000000,1351.00,4975.03,0.741698,2020,"Transit"
"HIP 14810 c","HIP 14810",47.8092750,21.0971302,50.48000000,13.60000000,0.5490000000,147.74700000000,373.22,5544.00,1.070000,2006,"Radial Velocity"
"HD 25463 c","HD 25463",60.7483361,9.2077676,45.61810000,1.36354953,0.0443000000,3.04405000000,1585.57,6353.00,1.418200,2023,"Transit"
"Kepler-1869 c","Kepler-1869",292.6149958,42.7643438,113.02500000,0.74000000,0.0280000000,1.71682830400,1455.00,5808.00,0.902000,2023,"Transit"
"Kepler-292 b","Kepler-292",295.7661979,42.4242822,1056.48000000,1.32000000,0.0350000000,2.58082700000,1130.00,5299.00,0.826000,2014,"Transit"
"Kepler-33 b","Kepler-33",289.0775348,46.0051696,1209.16000000,1.74000000,0.0677000000,5.66793000000,1336.00,5904.00,1.820000,2011,"Transit"
"Kepler-601 b","Kepler-601",282.0046852,42.1764657,414.82500000,1.90000000,0.0549400000,5.37886844100,833.00,5160.00,0.790000,2016,"Transit"
"TOI-1347 b","TOI-1347",280.3266806,70.2900536,147.47600000,1.80000000,0.0171000000,0.84742346000,1400.00,5464.00,0.830000,2024,"Transit"
"K2-417 b","K2-417",350.1417675,-10.0365901,94.04240000,3.31000000,0.0630000000,6.53500000000,558.00,3861.00,0.577600,2023,"Transit"
"Kepler-1020 b","Kepler-1020",292.6724710,46.3772776,415.35800000,2.28000000,0.3759400000,96.91514960000,325.00,5227.00,0.800000,2016,"Transit"
"Kepler-1346 b","Kepler-1346",291.8413410,45.1791850,843.70100000,1.58000000,0.0440000000,3.40165668000,1236.00,6133.00,1.210000,2016,"Transit"
"TOI-1750 b","TOI-1750",240.3019781,68.9373001,162.46000000,2.78943837,,11.33727129656,612.92,4683.75,0.768675,2026,"Transit"
"HD 180314 b","HD 180314",288.7094401,31.8604391,122.36200000,12.00000000,1.4480000000,394.73000000000,597.64,4917.00,9.200000,2010,"Radial Velocity"
"Kepler-181 c","Kepler-181",296.1512831,50.0957806,609.28300000,1.99000000,0.0490000000,4.30214900000,937.00,5333.00,0.749000,2014,"Transit"
"Kepler-953 c","Kepler-953",288.9716297,44.6246451,258.89300000,1.19000000,0.0862000000,9.10967112000,873.00,5416.00,0.990000,2016,"Transit"
"TOI-1696 b","TOI-1696",65.2806480,48.8198312,64.91720000,3.09000000,0.0229000000,2.50031100000,489.00,3185.00,0.277500,2022,"Transit"
"TIC 77552382 b","TIC 77552382",152.5133767,-4.9035250,373.41500000,5.69176189,,3.51025904942,1433.88,4981.07,0.886956,2026,"Transit"
"HD 96167 b","HD 96167",166.3125657,-10.2913450,85.30060000,14.00000000,1.3320000000,498.04000000000,333.63,5733.00,1.940000,2009,"Radial Velocity"
"Kepler-1770 b","Kepler-1770",299.2502851,43.4103663,582.94200000,2.84141754,0.1261000000,16.84189987000,699.00,5602.00,1.009000,2021,"Transit"
"Kepler-292 e","Kepler-292",295.7661979,42.4242822,1056.48000000,2.67000000,0.0970000000,11.97901000000,678.00,5299.00,0.826000,2014,"Transit"
"Kepler-154 b","Kepler-154",289.7805393,49.8965624,915.21200000,2.26000000,0.1980000000,33.04053200000,561.00,5690.00,1.001000,2014,"Transit"
"Kepler-1660 AB b","Kepler-1660 A",290.5519537,40.2350445,1188.54000000,12.90000000,0.8000000000,239.50440000000,415.08,6305.24,1.491000,2023,"Eclipse Timing Variations"
"Kepler-379 b","Kepler-379",295.7010981,38.9458209,731.27400000,1.66000000,0.1520000000,20.09838000000,775.00,6054.00,1.306000,2014,"Transit"
"HAT-P-33 b","HAT-P-33",113.1842383,33.8350214,396.11000000,20.73665000,0.0499500000,3.47447000000,1782.00,6446.00,1.790000,2011,"Transit"
"Kepler-567 b","Kepler-567",297.6726072,48.3023458,558.81000000,2.25000000,0.1229000000,16.54297375000,611.00,5148.00,0.790000,2016,"Transit"
"KIC 8121913 b","KIC 8121913",298.9677981,43.9093780,707.30300000,13.40000000,,3.29460100000,,5975.30,2.233000,2021,"Orbital Brightness Modulation"
"K2-198 d","K2-198",198.8436817,-6.4649888,110.56700000,2.43800000,,7.45001770000,943.20,5212.90,0.757000,2019,"Transit"
"Kepler-176 e","Kepler-176",294.6679021,43.8532104,527.32100000,1.45000000,0.2565400000,51.16579000000,398.00,5295.00,0.830000,2016,"Transit"
"HD 109246 b","HD 109246",188.0271840,74.4893379,67.83490000,13.90000000,0.3300000000,68.27000000000,507.43,5844.00,1.070000,2010,"Radial Velocity"
"TOI-5489 c","TOI-5489",128.6912940,11.4895882,45.09070000,1.28000000,,4.92126000000,536.00,3547.00,0.420000,2025,"Transit"
"K2-415 b","K2-415",137.2015437,11.8622503,21.81820000,1.01500000,0.0270000000,4.01796940000,412.40,3173.00,0.196500,2023,"Transit"
"Kepler-800 b","Kepler-800",286.5747697,44.7951858,1019.26000000,2.85000000,0.1106000000,14.13176026000,675.00,5315.00,0.820000,2016,"Transit"
"Kepler-327 c","Kepler-327",292.6422963,44.0876251,241.98700000,1.03000000,0.0470000000,5.21233300000,537.00,3799.00,0.492000,2014,"Transit"
"Kepler-28 c","Kepler-28",292.1370409,42.4294835,438.35900000,1.85700000,0.0751900000,8.99000000000,509.00,4499.30,0.664000,2011,"Transit"
"K2-271 b","K2-271",125.2239144,16.0907958,564.45400000,7.28000000,0.0770000000,8.56242100000,893.00,5644.00,0.990000,2018,"Transit"
"KMT-2018-BLG-0748L b","KMT-2018-BLG-0748L",267.8745000,-30.6463889,7300.00000000,9.01000000,0.6200000000,,,,,2020,"Microlensing"
"KMT-2024-BLG-1870L b","KMT-2024-BLG-1870L",272.4653333,-26.8828889,5480.00000000,13.80000000,3.1500000000,,,,,2026,"Microlensing"
"KMT-2017-BLG-0849L b","KMT-2017-BLG-0849L",265.3594583,-25.2812194,7220.00000000,2.41000000,2.7300000000,,,,,2024,"Microlensing"
"Kepler-1418 b","Kepler-1418",282.9975322,41.6785900,499.00000000,1.66000000,0.1310000000,22.47644250000,419.00,4770.00,0.720000,2016,"Transit"
"OGLE-2016-BLG-0613L AB b","OGLE-2016-BLG-0613L AB",269.2604060,-28.1161671,3410.00000000,13.00000000,6.4000000000,,,,,2017,"Microlensing"
"TOI-1694 c","TOI-1694",97.7487104,66.3605956,124.68000000,13.80000000,0.9740000000,386.25000000000,222.00,5005.00,0.812000,2023,"Radial Velocity"
"HD 9446 c","HD 9446",23.3350424,29.2649187,50.35030000,13.40000000,0.6540000000,192.90000000000,345.42,5793.00,1.000000,2009,"Radial Velocity"
"MASCARA-4 b","MASCARA-4",147.5800667,-66.1139253,170.69600000,16.98160576,0.0474000000,2.82409320000,2250.00,7800.00,1.790000,2020,"Transit"
"Kepler-1846 b","Kepler-1846",294.3909489,44.7629523,374.61500000,1.76378826,0.1105400000,14.82009983000,552.00,4825.00,0.732000,2021,"Transit"
"HD 147873 b","HD 147873",246.4380471,-33.5672217,109.05500000,12.80000000,0.5220000000,116.59600000000,603.16,5972.00,2.290000,2016,"Radial Velocity"
"Kepler-224 e","Kepler-224",290.9342679,47.3575414,782.08800000,1.97000000,0.1240000000,18.64357700000,517.00,5018.00,0.676000,2014,"Transit"
"Kepler-1670 b","Kepler-1670",290.3264599,43.1217550,2065.98000000,3.35648010,0.1528000000,20.49980000000,731.00,5838.00,1.518890,2020,"Transit"
"Kepler-92 c","Kepler-92",289.0860607,41.5630224,477.99200000,2.60000000,0.1905400000,26.72300000000,781.00,5883.00,1.700000,2013,"Transit"
"Kepler-1799 b","Kepler-1799",288.3086994,51.4783348,2254.69000000,4.12801189,0.1028000000,11.92969990000,770.00,5831.00,0.921000,2021,"Transit"
"KMT-2021-BLG-0736L b","KMT-2021-BLG-0736L",268.3225833,-29.7124194,7000.00000000,4.86000000,4.0000000000,,,,,2025,"Microlensing"
"PSR B1620-26 b","PSR B1620-26",245.9092617,-26.5315944,,13.30000000,23.0000000000,,,,,2003,"Pulsar Timing"
"TYC 8998-760-1 b","TYC 8998-760-1",201.3001096,-64.9391566,94.61770000,21.18497352,146.0000000000,,2638.00,4573.00,1.020000,2020,"Imaging"
"OGLE-2017-BLG-1434L b","OGLE-2017-BLG-1434L",268.2804667,-30.2456583,860.00000000,1.94000000,1.1800000000,,,,,2018,"Microlensing"
"KMT-2019-BLG-2783L b","KMT-2019-BLG-2783L",269.2919167,-33.7885194,5910.00000000,13.70000000,1.8500000000,,,,,2023,"Microlensing"
"OGLE-2016-BLG-1093L b","OGLE-2016-BLG-1093L",269.0042917,-32.7134722,8120.00000000,14.00000000,2.1300000000,,,,,2022,"Microlensing"
"MOA-2010-BLG-117L b","MOA-2010-BLG-117L",271.9569700,-25.3446388,3500.00000000,14.20000000,2.4200000000,,,,,2018,"Microlensing"
"OGLE-2006-BLG-109L b","OGLE-2006-BLG-109L",268.1437920,-30.0877778,1510.00000000,14.00000000,2.3000000000,1788.50000000000,82.00,,,2008,"Microlensing"
"OGLE-2012-BLG-0406L b","OGLE-2012-BLG-0406L",268.3257080,-30.4711667,4970.00000000,13.20000000,3.4500000000,,,,,2013,"Microlensing"
"Kepler-1265 b","Kepler-1265",284.5858364,47.0795646,583.64100000,1.35000000,0.0612000000,6.49441289000,732.00,4630.00,0.690000,2016,"Transit"
"HD 332231 b","HD 332231",306.7411340,33.7443882,80.66650000,9.07303305,0.1450000000,18.71202400000,798.30,6128.00,1.266000,2020,"Transit"
"HD 233604 b","HD 233604",137.4535054,53.5682016,847.05800000,12.70000000,0.7470000000,192.00000000000,882.50,4791.00,10.900000,2013,"Radial Velocity"
"Kepler-1591 b","Kepler-1591",296.5166659,44.6086233,1419.58000000,1.27000000,0.0794000000,8.18504949000,892.00,6082.00,1.160000,2016,"Transit"
"HD 22532 b","HD 22532",53.8148478,-49.4172669,161.18300000,13.40000000,1.9000000000,872.60000000000,420.41,5038.00,5.690000,2022,"Radial Velocity"
"TOI-7189 b","TOI-7189",273.0378977,2.1882623,192.09000000,10.90000000,0.0329400000,2.89055000000,738.00,3775.00,0.591000,2026,"Transit"
"TOI-7265 B b","TOI-7265 B",318.7040182,45.9259093,143.97000000,10.70000000,0.0400700000,4.17232000000,571.00,3503.00,0.497000,2026,"Transit"
"KMT-2021-BLG-0322L b","KMT-2021-BLG-0322L",270.9116667,-29.6043889,6600.00000000,12.70000000,,,,,,2021,"Microlensing"
"MOA-2016-BLG-526L b","MOA-2016-BLG-526L",266.6682917,-34.3860806,6930.00000000,3.97000000,2.0700000000,,,,,2024,"Microlensing"
"TOI-6695 c","TOI-6695",129.5720221,-23.5502170,282.53600000,13.60000000,0.8380000000,242.40000000000,415.00,6400.00,1.517000,2025,"Radial Velocity"
"Kepler-249 b","Kepler-249",296.9853002,43.6586043,190.40100000,1.09000000,0.0350000000,3.30653900000,554.00,3568.00,0.482000,2014,"Transit"
"OGLE-2018-BLG-1185L b","OGLE-2018-BLG-1185L",269.7927500,-27.8350833,7400.00000000,2.83000000,1.5400000000,,,,,2021,"Microlensing"
"WISEP J121756.91+162640.2 A b","WISEP J121756.91+162640.2 A",184.4871250,16.4445000,10.10000000,10.46800000,8.0000000000,,450.00,575.00,0.091000,2012,"Imaging"
"KMT-2024-BLG-0176L b","KMT-2024-BLG-0176L",266.5324583,-34.2105806,8340.00000000,14.00000000,1.3200000000,,,,,2026,"Microlensing"
"KMT-2021-BLG-1150L b","KMT-2021-BLG-1150L",268.7901250,-31.3133306,3800.00000000,13.90000000,4.5000000000,,,,,2023,"Microlensing"
"KMT-2017-BLG-1146L b","KMT-2017-BLG-1146L",269.1058330,-33.1424694,6500.00000000,14.00000000,1.6000000000,,,,,2019,"Microlensing"
"MOA-2007-BLG-400L b","MOA-2007-BLG-400L",272.4249167,-29.2241528,6890.00000000,13.50000000,5.9000000000,,34.00,,,2008,"Microlensing"
"UZ For b","UZ For",53.8694682,-25.7393857,239.60387482,,5.9000000000,5840.00000000000,,5286.90,,2011,"Eclipse Timing Variations"
"TWA 7 b","TWA 7",160.6248102,-33.6712596,33.99580000,12.70000000,52.0000000000,,316.00,3509.00,0.917173,2025,"Imaging"
"Kepler-1222 b","Kepler-1222",294.8896160,49.3798215,415.21800000,0.79000000,0.0280100000,1.91694425400,1246.00,5239.00,0.800000,2016,"Transit"
"Kepler-463 b","Kepler-463",298.9368228,44.8578644,394.80400000,3.05000000,0.0792500000,8.98101683300,880.00,5661.00,0.900000,2016,"Transit"
"TOI-2337 b","TOI-2337",290.6198948,60.8539035,536.04600000,10.08808263,,2.99432000000,1272.46,4780.00,3.220000,2022,"Transit"
"HD 202206 c","HD 202206",318.7405221,-20.7897284,45.96650000,13.10000000,2.3900000000,1299.22000000000,183.35,5764.23,1.040000,2004,"Radial Velocity"
"MOA-2010-BLG-477L b","MOA-2010-BLG-477L",271.5310060,-31.4544773,2300.00000000,13.60000000,2.0000000000,,,5950.00,,2012,"Microlensing"
"OGLE-2017-BLG-1522L b","OGLE-2017-BLG-1522L",270.3193660,-28.4619713,7490.00000000,14.00000000,0.5900000000,,,,,2018,"Microlensing"
"Kepler-566 b","Kepler-566",291.5544735,47.8144362,564.27700000,2.15000000,0.1247000000,18.42794624000,526.00,5132.00,0.790000,2016,"Transit"
"Kepler-1224 b","Kepler-1224",286.6257591,37.5373130,559.59800000,1.33000000,0.1162500000,13.32351601000,872.00,6155.00,1.220000,2016,"Transit"
"WASP-149 b","WASP-149",124.0736810,-8.6865813,211.73000000,15.24421375,0.0240000000,1.33281300000,1855.00,5750.00,1.080000,2025,"Transit"
"KMT-2019-BLG-1042L b","KMT-2019-BLG-1042L",270.5440417,-27.5806694,6600.00000000,9.05000000,1.7000000000,,,,,2022,"Microlensing"
"KMT-2019-BLG-0298L b","KMT-2019-BLG-0298L",264.8780000,-27.6381389,6710.00000000,13.40000000,5.6700000000,,,,,2023,"Microlensing"
"WASP-60 b","WASP-60",356.6667136,31.1559115,431.05200000,9.86392000,0.0554800000,4.30500000000,1479.00,5900.00,1.170000,2012,"Transit"
"KMT-2019-BLG-0371L b","KMT-2019-BLG-0371L",268.3839167,-31.5550222,7010.00000000,12.60000000,0.7900000000,,,,,2021,"Microlensing"
"TOI-5916 b","TOI-5916",325.2995114,9.5990534,199.72400000,11.80000000,0.0278900000,2.36712341000,716.00,3541.00,0.487000,2026,"Transit"
"OGLE-2017-BLG-1237L b","OGLE-2017-BLG-1237L",271.6499583,-28.3288306,6030.00000000,13.00000000,2.5300000000,,,,,2024,"Microlensing"
"OGLE-2017-BLG-0640L b","OGLE-2017-BLG-0640L",267.4651250,-29.4615000,6630.00000000,13.50000000,1.1400000000,,,,,2024,"Microlensing"
"MXB 1658-298 b","MXB 1658-298",255.5272522,-29.9455833,,12.00000000,1.6130000000,760.00000000000,,,,2017,"Eclipse Timing Variations"
"KMT-2018-BLG-0029L b","KMT-2018-BLG-0029L",264.4694580,-27.9847000,3380.00000000,2.67000000,4.2700000000,,,,,2020,"Microlensing"
"Kepler-619 c","Kepler-619",290.8490899,48.4159782,900.67800000,1.69000000,0.0221600000,1.20846502600,1767.00,5980.00,1.110000,2016,"Transit"
"Kepler-186 b","Kepler-186",298.6527360,43.9549884,177.59400000,1.07000000,0.0343000000,3.88679070000,571.00,3788.00,0.472000,2014,"Transit"
"K2-183 d","K2-183",125.0071770,14.0194586,329.04100000,2.30000000,0.1527000000,22.62034400000,615.00,5482.00,0.870000,2018,"Transit"
"Kepler-1677 b","Kepler-1677",298.4932730,47.0130566,735.36900000,2.70216183,0.1599000000,22.06400000000,712.00,6013.72,1.249590,2020,"Transit"
"KMT-2018-BLG-0087L b","KMT-2018-BLG-0087L",264.3270000,-27.8320611,7020.00000000,10.10000000,0.8700000000,,,,,2022,"Microlensing"
"KOI-55 c","KOI-55",296.3561853,41.0927315,1231.02000000,0.86700000,0.0076000000,0.34288700000,6910.74,27730.00,0.203000,2011,"Orbital Brightness Modulation"
"KMT-2024-BLG-1044L b","KMT-2024-BLG-1044L",271.5640000,-27.5925806,7140.00000000,2.70000000,,,,,,2024,"Microlensing"
"KMT-2019-BLG-0297L b","KMT-2019-BLG-0297L",270.0632917,-28.9652806,3090.00000000,12.10000000,0.9600000000,,,,,2023,"Microlensing"
"OGLE-2012-BLG-0724L b","OGLE-2012-BLG-0724L",268.9682917,-29.8185278,6700.00000000,14.30000000,1.6000000000,,,,,2016,"Microlensing"
"TOI-603 b","TOI-603",141.1078542,5.7660562,205.92400000,7.37000000,0.1282000000,16.17984600000,899.00,6027.00,1.477000,2026,"Transit"
"Kepler-1620 b","Kepler-1620",297.2709026,46.9284743,895.06900000,1.61000000,0.4322000000,101.95182900000,428.00,6157.00,1.230000,2016,"Transit"
"KMT-2019-BLG-0578L b","KMT-2019-BLG-0578L",269.4846667,-27.7948611,7300.00000000,13.70000000,2.0000000000,,,,,2025,"Microlensing"
"Kepler-85 e","Kepler-85",290.9734395,45.2902761,765.02500000,1.27000000,0.1630000000,25.21675100000,559.00,5436.00,0.893000,2014,"Transit"
"TOI-2128 b","TOI-2128",256.9817998,32.1053027,36.57800000,2.08874836,0.1270000000,16.34136000000,780.53,5968.00,1.117400,2024,"Transit"
"Kepler-1693 c","Kepler-1693",290.2015581,48.1857799,760.06500000,0.97698289,0.0588000000,5.36370992700,1059.00,5553.00,1.098000,2021,"Transit"
"TOI-5174 b","TOI-5174",174.1094967,-2.0233506,197.24300000,5.35100000,,12.21428600000,808.37,5643.77,1.094570,2022,"Transit"
"WASP-172 b","WASP-172",199.4337420,-47.2375748,538.11000000,17.59813000,0.0694000000,5.47743300000,1740.00,6900.00,1.910000,2018,"Transit"
"Kepler-403 b","Kepler-403",289.9214256,46.7445267,840.26900000,1.25000000,0.0760000000,7.03146200000,1194.00,6090.00,1.329000,2014,"Transit"
"KMT-2022-BLG-2286L b","KMT-2022-BLG-2286L",269.1652500,-28.8549194,7320.00000000,12.10000000,2.0200000000,,,,,2024,"Microlensing"
"Kepler-1493 b","Kepler-1493",288.5493683,38.5651973,555.05100000,1.41000000,0.1197000000,15.02179830000,874.00,5863.00,1.290000,2016,"Transit"
"OGLE-2019-BLG-0249L b","OGLE-2019-BLG-0249L",265.4035000,-34.7017500,6370.00000000,12.70000000,1.8400000000,,,,,2023,"Microlensing"
"Kepler-137 c","Kepler-137",282.1355875,43.0391951,302.97900000,1.88000000,0.1300000000,18.73575300000,568.00,5187.00,0.802000,2014,"Transit"
"TOI-2114 b","TOI-2114",261.0963946,33.2050726,317.84500000,14.54925695,0.0760000000,6.20995900000,1472.00,6400.00,1.970000,2026,"Transit"
"TOI-5806 b","TOI-5806",329.1018029,20.6779808,119.19900000,15.13212395,0.0484000000,3.18563810000,1621.00,6730.00,1.387000,2026,"Transit"
"OGLE-2018-BLG-1011L c","OGLE-2018-BLG-1011L",269.0140000,-29.0828889,7100.00000000,13.20000000,0.8000000000,,,,,2019,"Microlensing"
"TOI-7169 b","TOI-7169",351.0546897,36.8175661,467.15100000,16.53324653,0.0428000000,3.43731250000,1631.00,5714.00,1.500000,2026,"Transit"
"OGLE-2018-BLG-0677L b","OGLE-2018-BLG-0677L",268.7511250,-32.0165306,7580.00000000,1.82000000,0.6300000000,,,,,2020,"Microlensing"
"OGLE-2019-BLG-0679L b","OGLE-2019-BLG-0679L",265.7404167,-27.7728806,5630.00000000,13.10000000,6.9900000000,,,,,2023,"Microlensing"
"MOA-bin-1L b","MOA-bin-1L",261.7925000,-29.7939722,5100.00000000,13.00000000,8.3000000000,,,,,2012,"Microlensing"
"Kepler-365 b","Kepler-365",295.6265640,49.1304110,1038.99000000,2.04000000,0.0980000000,10.66490300000,865.00,6012.00,1.048000,2014,"Transit"
"KMT-2020-BLG-0414L c","KMT-2020-BLG-0414L",271.9150000,-28.4852222,1220.00000000,11.90000000,22.3000000000,,,,,2021,"Microlensing"
"HD 11977 b","HD 11977",28.7347403,-67.6469871,67.93310000,12.70000000,1.9300000000,711.00000000000,547.97,4970.00,10.090000,2005,"Radial Velocity"
"Kepler-1038 b","Kepler-1038",298.9721472,44.1323499,584.13600000,3.53000000,0.5238000000,148.46033820000,285.00,5335.00,0.830000,2016,"Transit"
"Kepler-250 c","Kepler-250",289.5947633,44.1418114,760.58500000,2.28000000,0.0690000000,7.15680400000,782.00,5160.00,0.805000,2014,"Transit"
"eps CrB b","eps CrB",239.3965057,26.8776171,69.86830000,12.70000000,1.3000000000,417.90000000000,853.92,4406.00,21.000000,2012,"Radial Velocity"
"TOI-521 b","TOI-521",123.3442567,12.2221079,60.94250000,1.98000000,0.0195000000,1.54285047000,794.00,3544.00,0.421000,2025,"Transit"
"OGLE-2015-BLG-0954L b","OGLE-2015-BLG-0954L",270.1843330,-28.6608889,1200.00000000,13.10000000,1.6000000000,,,,,2016,"Microlensing"
"KOI-134 c","KOI-134",295.5865980,45.3649371,1159.21000000,9.86000000,0.2305000000,33.95000000000,798.82,6160.00,1.667000,2025,"Transit Timing Variations"
"HD 127195 c","HD 127195",217.8714193,-47.7292571,84.71670000,14.10000000,,836.99000000000,,4981.00,4.160000,2026,"Radial Velocity"
"HD 125136 b","HD 125136",215.3703435,-72.3175327,121.25700000,13.30000000,,849.77000000000,,4959.00,5.390000,2026,"Radial Velocity"
"KMT-2019-BLG-0953L b","KMT-2019-BLG-0953L",269.3385833,-28.6746389,7200.00000000,4.06000000,1.1000000000,,,,,2022,"Microlensing"
"OGLE-2017-BLG-1691L b","OGLE-2017-BLG-1691L",263.5938333,-29.2848306,7290.00000000,3.92000000,2.4100000000,,,,,2022,"Microlensing"
"alf Ari b","alf Ari",31.7932860,23.4624210,20.21019000,13.40000000,1.2000000000,380.80000000000,747.22,4553.00,13.900000,2010,"Radial Velocity"
"TOI-2180 b","TOI-2180",277.9436300,56.6506789,116.68500000,11.32107051,0.8280000000,260.79000000000,348.00,5695.00,1.636000,2022,"Transit"
"KMT-2024-BLG-0404L c","KMT-2024-BLG-0404L",271.1470833,-27.9535000,7210.00000000,4.33000000,,,,,,2025,"Microlensing"
"Kepler-122 e","Kepler-122",291.1118647,39.9490248,1027.45000000,2.60000000,0.2270000000,37.99327300000,618.00,6050.00,1.216000,2014,"Transit"
"Kepler-411 c","Kepler-411",287.6057027,49.5233937,153.67600000,4.42100000,0.0739000000,7.83443500000,838.00,4974.00,0.820000,2016,"Transit"
"OGLE-2018-BLG-1428L b","OGLE-2018-BLG-1428L",265.5487080,-26.1378889,6220.00000000,14.00000000,3.3000000000,,,,,2021,"Microlensing"
"KMT-2021-BLG-1689L b","KMT-2021-BLG-1689L",269.5791667,-30.1452778,7200.00000000,7.71000000,2.5000000000,,,4570.00,,2022,"Microlensing"
"MOA-2010-BLG-073L b","MOA-2010-BLG-073L",272.5472580,-26.5229319,2800.00000000,12.40000000,1.2100000000,,,,,2012,"Microlensing"
"KMT-2017-BLG-2197L b","KMT-2017-BLG-2197L",262.6113333,-30.1593111,7800.00000000,12.50000000,15.9100000000,,,,,2025,"Microlensing"
"KMT-2018-BLG-1988L b","KMT-2018-BLG-1988L",265.2825417,-35.5947000,4150.00000000,2.22000000,3.0900000000,,,,,2022,"Microlensing"
"Kepler-302 b","Kepler-302",294.3169307,43.6292436,1402.58000000,4.06000000,0.1930000000,30.18410400000,634.00,5740.00,1.220000,2014,"Transit"
"GJ 3779 b","GJ 3779",200.7335358,24.4639425,13.74300000,2.75000000,0.0260000000,3.02320000000,526.94,3324.00,0.281000,2018,"Radial Velocity"
"Kepler-985 b","Kepler-985",290.1443390,44.0498808,679.36100000,2.98000000,0.4466400000,116.33190100000,323.00,5434.00,0.850000,2016,"Transit"
"Kepler-248 b","Kepler-248",293.0613138,43.5813577,738.79200000,3.02000000,0.0660000000,6.30820500000,819.00,5190.00,0.831000,2014,"Transit"
"Kepler-836 b","Kepler-836",287.4527659,45.7043964,980.03500000,2.73000000,0.1013000000,11.36112327000,869.00,5895.00,1.040000,2016,"Transit"
"TOI-1224 c","TOI-1224",37.1978356,-80.8991053,37.33120000,2.88400000,,17.94546600000,303.12,3326.00,0.404000,2024,"Transit"
"Kepler-142 d","Kepler-142",295.1190067,48.4813635,548.68600000,2.16000000,0.2420000000,41.80911800000,582.00,5790.00,1.269000,2014,"Transit"
"OGLE-2019-BLG-0304L b","OGLE-2019-BLG-0304L",264.0267083,-26.1459889,6980.00000000,14.20000000,1.2300000000,,,,,2021,"Microlensing"
"MOA-2022-BLG-563L b","MOA-2022-BLG-563L",270.3002083,-27.8358306,6530.00000000,14.00000000,2.1500000000,,,,,2024,"Microlensing"
"KMT-2021-BLG-2010L b","KMT-2021-BLG-2010L",268.0085000,-32.2697500,7090.00000000,13.80000000,1.7900000000,,,,,2023,"Microlensing"
"KMT-2024-BLG-1005L b","KMT-2024-BLG-1005L",269.8055833,-28.7557806,6950.00000000,12.10000000,0.7800000000,,,,,2025,"Microlensing"
"KMT-2021-BLG-1077L c","KMT-2021-BLG-1077L",266.4891250,-33.8428111,8240.00000000,10.60000000,0.9300000000,,,,,2022,"Microlensing"
"Kepler-1676 b","Kepler-1676",287.2368778,43.5671665,,3.37695960,0.1954000000,29.92210000000,782.00,5878.30,1.060660,2020,"Transit"
"K2-65 b","K2-65",333.2125206,-10.9261373,72.20000000,1.58000000,0.1014000000,12.64750000000,723.51,5213.00,0.840000,2016,"Transit"
"OGLE-2018-BLG-0799L b","OGLE-2018-BLG-0799L",273.4590000,-25.4857222,4050.00000000,10.90000000,1.2800000000,,,,,2022,"Microlensing"
"KMT-2023-BLG-0466L b","KMT-2023-BLG-0466L",270.6100000,-33.0029694,6800.00000000,13.10000000,2.6800000000,,,,,2026,"Microlensing"
"BD+63 1405 b","BD+63 1405",271.3979337,63.6700064,38.04730000,12.40000000,2.0600000000,1198.48000000000,150.69,5000.00,0.804724,2021,"Radial Velocity"
"WASP-73 b","WASP-73",319.9496969,-58.1489328,316.67800000,15.91678000,0.0551200000,4.08722000000,1790.00,6030.00,2.550000,2014,"Transit"
"Kepler-733 b","Kepler-733",293.0181882,45.9147063,916.70600000,2.82000000,0.1483000000,20.83424726000,595.00,5418.00,0.860000,2016,"Transit"
"Kepler-124 d","Kepler-124",286.7527322,49.0648788,420.04600000,1.11000000,0.1700000000,30.95085100000,428.00,4984.00,0.636000,2014,"Transit"
"Kepler-244 c","Kepler-244",287.2426410,42.3014185,1036.49000000,2.05000000,0.0870000000,9.76729200000,791.00,5554.00,0.803000,2014,"Transit"
"Kepler-2001 c","Kepler-2001",291.6594558,50.5838585,776.55000000,1.82000000,0.1084000000,14.09258318900,597.00,5081.00,0.770000,2023,"Transit"
"KMT-2021-BLG-0852L b","KMT-2021-BLG-0852L",265.8311667,-33.8918389,7230.00000000,14.20000000,7.7800000000,,,,,2026,"Microlensing"
"Kepler-32 b","Kepler-32",297.8423073,46.5743595,323.84700000,2.20000000,0.0500000000,5.90124000000,514.00,3900.00,0.530000,2011,"Transit"
"TOI-5108 b","TOI-5108",166.2695041,11.2464069,130.91900000,6.60000000,0.0730000000,6.75358100000,1180.00,5808.00,1.290000,2025,"Transit"
"KMT-2016-BLG-2605L b","KMT-2016-BLG-2605L",269.8230833,-26.9820000,6421.00000000,14.00000000,0.6810000000,,,,,2021,"Microlensing"
"OGLE-2018-BLG-0977L b","OGLE-2018-BLG-0977L",268.5061250,-30.6048056,6500.00000000,2.41000000,2.0000000000,,,,,2022,"Microlensing"
"OGLE-2007-BLG-368L b","OGLE-2007-BLG-368L",269.1081670,-32.2374167,5900.00000000,4.72000000,2.8000000000,,,,,2009,"Microlensing"
"MOA-2011-BLG-262L b","MOA-2011-BLG-262L",270.0978330,-31.2452583,7200.00000000,4.29000000,0.9500000000,,,,,2014,"Microlensing"
"Kepler-132 c","Kepler-132",283.2358100,41.3430370,349.54900000,1.28000000,0.0680000000,6.41491400000,1069.00,6003.00,1.178000,2014,"Transit"
"KMT-2025-BLG-0481L b","KMT-2025-BLG-0481L",265.3560000,-34.3717500,7980.00000000,14.10000000,2.1800000000,,,,,2026,"Microlensing"
"KMT-2019-BLG-1339L b","KMT-2019-BLG-1339L",265.7434170,-25.5739167,6120.00000000,13.70000000,2.1500000000,,,,,2020,"Microlensing"
"OGLE-2017-BLG-1140L b","OGLE-2017-BLG-1140L",266.8830570,-24.5226669,,13.50000000,1.0200000000,,,,,2018,"Microlensing"
"KMT-2022-BLG-1790L b","KMT-2022-BLG-1790L",271.0562500,-27.0347500,6480.00000000,13.50000000,5.2500000000,,,,,2025,"Microlensing"
"KMT-2018-BLG-1996L b","KMT-2018-BLG-1996L",268.6785000,-22.8204111,5910.00000000,13.70000000,4.2700000000,,,,,2021,"Microlensing"
"Kepler-47 b","Kepler-47",295.2978883,46.9204303,1025.02000000,3.05000000,0.2877000000,49.46430000000,490.20,5636.00,0.936000,2012,"Transit"
"HD 190007 b","HD 190007",300.6956339,3.3266992,12.71410000,4.06000000,0.0920000000,11.72412800000,651.41,4610.00,0.790000,2020,"Radial Velocity"
"Kepler-1219 b","Kepler-1219",297.2158443,47.3785082,880.89500000,2.12000000,0.1414600000,16.10467749000,1159.00,5944.00,1.940000,2016,"Transit"
"Kepler-1808 b","Kepler-1808",287.2924737,39.3832039,1022.01000000,3.02511302,0.1467000000,23.34040070000,601.00,5530.00,0.892000,2021,"Transit"
"Kepler-824 b","Kepler-824",290.4774060,39.7319975,1201.40000000,1.87000000,0.0550000000,4.51436633000,1231.00,6035.00,1.220000,2016,"Transit"
"HD 95089 b","HD 95089",164.6987480,1.7290087,136.95700000,13.70000000,1.3600000000,464.40000000000,458.34,4918.00,5.080000,2009,"Radial Velocity"
"Kepler-610 c","Kepler-610",293.1713241,45.0655934,845.82400000,3.30000000,0.5594000000,151.86392000000,318.00,5943.00,1.130000,2016,"Transit"
"Kepler-410 A b","Kepler-410 A",283.1510448,45.1400838,147.52700000,2.83800000,0.1226000000,17.83364800000,866.00,6273.00,1.352000,2013,"Transit"
"DMPP-6 b","DMPP-6",120.3857827,-70.0234291,54.63030000,2.28000000,0.0779000000,7.60270000000,1203.65,6182.09,1.270000,2026,"Radial Velocity"
"Gaia22dkvL b","Gaia22dkvL",151.7690000,-66.1808889,1270.00000000,14.10000000,1.4000000000,,,,,2024,"Microlensing"
"MOA-2022-BLG-249L b","MOA-2022-BLG-249L",268.8655417,-28.3060611,2000.00000000,2.04000000,1.6300000000,,,,,2023,"Microlensing"
"Kepler-1063 b","Kepler-1063",290.5267975,38.1428283,343.22600000,1.49000000,0.1176000000,14.07971466000,931.00,5945.00,1.140000,2016,"Transit"
"KMT-2021-BLG-1303L b","KMT-2021-BLG-1303L",271.8638750,-29.2815806,6280.00000000,13.60000000,2.8900000000,,,,,2022,"Microlensing"
"OGLE-2018-BLG-0596L b","OGLE-2018-BLG-0596L",269.0555417,-29.1990833,5650.00000000,3.81000000,0.9700000000,,,,,2019,"Microlensing"
"KMT-2023-BLG-0830L b","KMT-2023-BLG-0830L",271.6579583,-28.3323111,7250.00000000,4.41000000,1.7000000000,,,,,2025,"Microlensing"
"KMT-2023-BLG-0735L b","KMT-2023-BLG-0735L",267.5759583,-29.2029194,6390.00000000,6.97000000,2.9600000000,,,,,2024,"Microlensing"
"KMT-2021-BLG-0320L b","KMT-2021-BLG-0320L",269.3881250,-30.5039389,6950.00000000,6.20000000,1.5400000000,,,,,2022,"Microlensing"
"OGLE-2023-BLG-0766L b","OGLE-2023-BLG-0766L",269.8296250,-28.3246889,7400.00000000,13.70000000,2.5000000000,,,,,2026,"Microlensing"
"Kepler-1628 b","Kepler-1628",281.6336936,43.4115547,352.00000000,6.43000000,0.2952000000,76.37803300000,240.00,3724.00,0.520000,2016,"Transit"
"OGLE2-TR-L9 b","OGLE2-TR-L9",166.9798793,-61.1462496,1627.63000000,18.04600000,0.0308000000,2.48553350000,2034.00,6933.00,1.530000,2008,"Transit"
"TOI-5736 b","TOI-5736",213.7583971,49.5009379,92.36040000,1.56000000,,0.64899000000,1311.00,3949.00,0.580000,2025,"Transit"
"Kepler-1577 b","Kepler-1577",292.9552704,47.5730433,510.02900000,1.13000000,0.0657000000,6.30560247000,1125.00,4862.00,0.740000,2016,"Transit"
"K2-13 b","K2-13",170.1554763,2.5027534,342.39400000,1.89000000,0.2114000000,39.91488000000,511.00,5698.00,0.780000,2015,"Transit"
"Kepler-122 f","Kepler-122",291.1118647,39.9490248,1027.45000000,1.75000000,0.2857500000,56.26800000000,543.00,5917.00,0.949000,2014,"Transit"
"Kepler-414 c","Kepler-414",297.9615616,48.2443363,413.46000000,3.01000000,0.0719500000,7.17100000000,890.00,5536.00,0.946000,2014,"Transit"
"TOI-1533 b","TOI-1533",355.2467209,57.4852417,100.05100000,2.89000000,0.0445000000,3.64579740000,1011.00,5146.00,0.849000,2026,"Transit"
"Kepler-675 b","Kepler-675",293.8334488,50.2303479,665.68000000,2.44000000,0.0325000000,2.33743801000,1070.00,4945.00,0.750000,2016,"Transit"
"Kepler-1489 c","Kepler-1489",281.2957984,44.4654063,1283.05000000,0.51000000,,0.68074100000,,5565.53,0.957000,2024,"Transit"
"K2-190 c","K2-190",205.3630485,-13.1608686,160.67900000,1.09308317,,21.57402300000,,5631.00,0.912206,2018,"Transit"
"Kepler-276 c","Kepler-276",293.5681970,39.0363123,1144.86000000,2.90000000,0.1861900000,31.88400000000,563.00,5693.00,1.030000,2013,"Transit"
"HD 148164 b","HD 148164",246.4351678,11.9190729,77.19710000,13.70000000,0.9930000000,328.55000000000,337.89,6032.00,1.340000,2018,"Radial Velocity"
"Kepler-1996 b","Kepler-1996",285.2537555,46.5822183,440.56100000,2.26000000,0.1789000000,32.37618300000,392.00,4580.00,0.675000,2023,"Transit"
"HIP 107772 b","HIP 107772",327.4977057,-41.2440371,23.64340000,3.64000000,0.2430000000,55.19900000000,280.92,4006.00,0.513922,2020,"Radial Velocity"
"Kepler-446 c","Kepler-446",282.2501047,44.9210020,96.33900000,1.11000000,0.0283000000,3.03617900000,520.00,3359.00,0.240000,2015,"Transit"
"KIC 3526061 b","KIC 3526061",285.1863974,38.6111112,401.22900000,12.10000000,5.1400000000,3552.00000000000,248.63,4829.00,5.860000,2022,"Radial Velocity"
"HD 11964 c","HD 11964",29.2884252,-10.2434693,33.53690000,5.38000000,0.2290000000,37.91000000000,757.54,5303.00,2.009710,2008,"Radial Velocity"
"Kepler-1482 b","Kepler-1482",285.3138209,48.7252700,567.55600000,1.01000000,0.0996800000,12.25383217000,678.00,5381.00,0.840000,2016,"Transit"
"TOI-5515 b","TOI-5515",139.6163639,16.9899558,135.45900000,2.65362762,,8.59225810839,778.10,5483.65,0.835682,2026,"Transit"
"TOI-2184 b","TOI-2184",100.8331246,-66.9476563,788.31700000,11.39953337,,6.90683000000,1676.05,5966.00,2.900000,2022,"Transit"
"HD 102329 c","HD 102329",176.6941567,3.4742143,217.10700000,13.50000000,,1123.00000000000,,4830.00,6.300000,2016,"Radial Velocity"
"HD 39194 b","HD 39194",86.1290710,-70.1382377,26.41310000,1.99000000,0.0589500000,5.63692000000,915.16,5205.00,0.783742,2021,"Radial Velocity"
"HD 199509 b","HD 199509",317.3445632,-82.0274926,24.30560000,7.43000000,0.4260000000,99.62167000000,410.73,5796.02,0.920000,2022,"Radial Velocity"
"Kepler-325 d","Kepler-325",289.8354219,49.8256070,823.24200000,2.79000000,0.2200000000,38.71518500000,498.00,5752.00,1.003000,2014,"Transit"
"Kepler-1940 b","Kepler-1940",291.2042027,45.2383344,798.59500000,1.54732469,0.0525000000,4.95061016100,885.00,5431.00,0.717000,2021,"Transit"
"TOI-2545 b","TOI-2545",135.5458029,-3.4208194,107.11800000,2.75000000,,7.99403700000,1022.99,5846.29,1.253240,2022,"Transit"
"Kepler-1612 b","Kepler-1612",291.2503022,45.6550536,764.72600000,1.03000000,0.0482000000,3.91795101000,1030.00,5643.00,0.940000,2016,"Transit"
"HD 136352 c","HD 136352",230.4401147,-48.3188174,14.68200000,2.91600000,0.1721000000,27.59221000000,677.00,5664.00,1.058000,2019,"Radial Velocity"
"EPIC 201615463 c","K2-166",185.1880932,2.2823788,476.88200000,1.22000000,,3.80464000000,,5960.00,1.610000,2019,"Transit"
"Kepler-225 b","Kepler-225",292.1939846,47.4570808,561.10100000,1.20000000,0.0560000000,6.73897500000,579.00,3682.00,0.480000,2014,"Transit"
"HD 20868 b","HD 20868",50.1794053,-33.7296900,47.72230000,13.70000000,0.9500000000,380.85001000000,207.11,4802.00,0.760000,2008,"Radial Velocity"
"Kepler-1930 b","Kepler-1930",297.5771450,40.0276768,275.69400000,1.52955541,0.1023300000,13.02680016000,643.00,5083.00,0.844000,2021,"Transit"
"Kepler-1439 b","Kepler-1439",285.7396971,40.9798688,225.39300000,1.46000000,0.0594000000,8.07392849000,420.00,3578.00,0.430000,2016,"Transit"
"HD 155193 b","HD 155193",257.4208876,10.0381003,57.79950000,14.00000000,1.0400000000,352.65000000000,391.86,6239.00,1.764390,2021,"Radial Velocity"
"TOI-1266 c","TOI-1266",197.9965833,65.8336973,36.01180000,1.98000000,0.1050000000,18.80270000000,346.00,3563.00,0.423200,2020,"Transit"
"Kepler-1536 b","Kepler-1536",291.5852554,45.7158742,387.24800000,3.14000000,0.8507000000,364.75803100000,166.00,4434.00,0.670000,2016,"Transit"
"HD 134987 b","HD 134987",228.3675397,-25.3096721,26.18040000,13.50000000,0.8100000000,258.17999000000,339.45,5736.00,1.220000,1999,"Radial Velocity"
"Kepler-961 b","Kepler-961",282.0354942,43.6312491,574.31400000,2.55000000,0.1258500000,16.87727414000,642.00,5582.00,0.900000,2016,"Transit"
"Kepler-539 b","Kepler-539",299.1224639,41.8667953,307.31800000,8.37312300,0.4988000000,125.63243000000,387.60,5820.00,0.952000,2016,"Transit"
"HD 5278 c","HD 5278",12.5467785,-83.7437671,57.58460000,4.49000000,0.2416000000,40.87000000000,664.95,6203.00,1.194000,2021,"Radial Velocity"
"Kepler-319 c","Kepler-319",288.8119782,39.7706431,503.43600000,2.63000000,0.0690000000,6.94135700000,876.00,5526.00,0.903000,2014,"Transit"
"HD 179079 b","HD 179079",287.7903733,-2.6387703,69.71160000,,0.1214000000,14.47900000000,997.61,5646.00,1.630000,2008,"Radial Velocity"
"Kepler-1099 b","Kepler-1099",288.7499866,48.2771163,1022.80000000,2.83000000,0.0337000000,2.16845259300,1558.00,5837.00,1.000000,2016,"Transit"
"Kepler-244 d","Kepler-244",287.2426410,42.3014185,1036.49000000,2.31000000,0.1400000000,20.05040100000,622.00,5554.00,0.803000,2014,"Transit"
"NY Vir c","NY Vir",204.7005847,-2.0303873,544.02400000,12.80000000,,8799.00000000000,,32780.00,0.151000,2019,"Eclipse Timing Variations"
"Kepler-377 b","Kepler-377",295.4220717,38.7356737,823.80400000,1.39000000,0.1090000000,12.50952900000,875.00,5949.00,1.224000,2014,"Transit"
"Kepler-879 b","Kepler-879",295.8065515,50.9097521,802.67200000,2.57000000,0.2012000000,33.38559380000,580.00,5792.00,1.020000,2016,"Transit"
"Kepler-705 b","Kepler-705",289.5085612,41.8120234,276.88100000,2.11000000,0.2320000000,56.05605380000,265.00,3722.00,0.510000,2016,"Transit"
"Kepler-163 c","Kepler-163",295.0027458,46.9873389,689.81400000,2.26000000,0.1520000000,21.34726200000,648.00,5776.00,0.917000,2014,"Transit"
"TOI-778 b","TOI-778",199.3338503,-15.2737046,161.74300000,15.40000000,0.0600000000,4.63361100000,1561.00,6643.00,1.710000,2023,"Transit"
"Kepler-1355 b","Kepler-1355",283.7414249,49.0679833,911.26900000,1.46000000,0.0224000000,1.28958811200,1448.00,5352.00,0.830000,2016,"Transit"
"KOI-134 b","KOI-134",295.5865980,45.3649371,1159.21000000,12.03844527,0.3630000000,67.12770000000,659.00,6160.00,1.667000,2025,"Transit"
"Kepler-138 b","Kepler-138",290.3814122,43.2930645,66.86240000,0.64000000,0.0753000000,10.31340000000,452.00,3841.00,0.535000,2014,"Transit"
"Kepler-1542 e","Kepler-1542",285.7284757,42.6544651,399.11400000,0.76000000,0.0564900000,5.10115756000,1065.00,5564.00,0.990000,2016,"Transit"
"Kepler-1579 b","Kepler-1579",293.2880220,43.5149061,466.00000000,0.84000000,0.0140000000,0.84990788900,1139.00,4584.00,0.700000,2016,"Transit"
"K2-264 c","K2-264",131.3583524,19.6984010,185.60500000,2.66800000,0.1128300000,19.66030200000,331.00,3660.00,0.473000,2018,"Transit"
"Kepler-1073 d","Kepler-1073",294.1527259,38.2330886,809.89700000,1.48770949,0.0352000000,2.50476002700,1369.00,5509.00,1.116000,2021,"Transit"
"Kepler-510 b","Kepler-510",287.6550196,39.2441716,386.17700000,2.47000000,0.1352000000,19.55659418000,797.00,5746.00,1.410000,2016,"Transit"
"HD 164509 b","HD 164509",270.3800811,0.1044685,53.11190000,14.30000000,0.8700000000,280.17000000000,319.12,5859.00,1.110000,2012,"Radial Velocity"
"TIC 34085383 b","TIC 34085383",59.2353630,-7.3757198,149.12000000,3.91982296,,3.47793368523,,4694.84,0.809951,2026,"Transit"
"TYC 3667-1280-1 b","TYC 3667-1280-1",12.8875757,58.4261485,477.51600000,12.80000000,0.2100000000,26.46800000000,1350.00,5130.00,6.260000,2016,"Radial Velocity"
"HATS-59 c","HATS-59",170.3243250,-22.3881770,642.88400000,12.30000000,2.5040000000,1422.00000000000,175.90,5670.00,1.036000,2018,"Radial Velocity"
"Kepler-1605 b","Kepler-1605",287.1349405,47.4886251,546.23000000,1.08000000,0.3656700000,85.75654950000,528.00,5280.00,0.820000,2016,"Transit"
"Ross 458 c","Ross 458",195.1912147,12.3755996,11.50940000,14.01125000,1100.0000000000,,4.32,3965.42,0.562566,2010,"Imaging"
"SR 12 AB c","SR 12 AB",246.8312363,-24.6946687,112.31721584,12.30000000,,,,3828.93,1.103075,2010,"Imaging"
"HD 187123 b","HD 187123",296.7428786,34.4189900,45.95480000,14.20000000,0.0426000000,3.09658280000,1450.90,5790.00,1.150430,1998,"Radial Velocity"
"OGLE-TR-132 b","OGLE-TR-132",162.6440933,-61.9572476,2012.62000000,13.45000000,0.0303500000,1.68986800000,2013.00,6210.00,1.320000,2004,"Transit"
"OGLE-TR-56 b","OGLE-TR-56",269.1479583,-29.5392222,282.83913869,15.27800000,0.0238300000,1.21191890000,2212.00,6050.00,1.363000,2002,"Transit"
"WASP-156 b","WASP-156",32.7820850,2.4181937,122.06600000,6.15000000,0.0460000000,3.83616290000,934.50,5036.00,0.826800,2017,"Transit"
"HD 22781 b","HD 22781",55.2065581,31.8258855,32.60340000,12.30000000,1.1670000000,528.07000000000,193.48,5027.00,0.743475,2011,"Radial Velocity"
"Kepler-16 b","Kepler-16",289.0758307,51.7572290,75.08520000,8.44930000,0.7048000000,228.77600000000,205.90,4450.00,0.648900,2011,"Transit"
"Kepler-27 c","Kepler-27",292.2367608,41.0858710,1044.36000000,4.90000000,0.1910000000,31.33090000000,481.00,5400.00,0.590000,2011,"Transit"
"WASP-23 b","WASP-23",101.1275033,-42.7622296,207.49000000,10.78300000,0.0376000000,2.94442560000,1076.55,5150.00,0.765000,2010,"Transit"
"Kepler-27 b","Kepler-27",292.2367608,41.0858710,1044.36000000,4.00000000,0.1180000000,15.33480000000,610.00,5400.00,0.590000,2011,"Transit"
"HD 114783 b","HD 114783",198.1818436,-2.2649921,21.06280000,13.70000000,1.1600000000,493.70000000000,210.79,5135.00,0.840622,2001,"Radial Velocity"
"HD 19994 b","HD 19994",48.1943193,-1.1963955,22.52420000,13.60000000,1.3050000000,466.20000000000,350.10,6188.00,1.796470,2003,"Radial Velocity"
"47 UMa b","47 UMa",164.8647611,40.4304931,13.79670000,13.20000000,2.1000000000,1078.00000000000,215.23,5872.00,1.213340,1996,"Radial Velocity"
"Kepler-18 c","Kepler-18",298.0794448,44.7462480,433.04700000,5.49000000,0.0752000000,7.64159000000,899.00,5345.00,1.108000,2011,"Transit"
"Kepler-18 b","Kepler-18",298.0794448,44.7462480,433.04700000,2.00000000,0.0447000000,3.50472500000,1165.00,5345.00,1.108000,2011,"Transit"
"Kepler-31 c","Kepler-31",294.0230229,45.8530535,1664.64000000,5.30000000,0.2600000000,42.63180000000,615.00,6340.00,1.220000,2011,"Transit"
"Kepler-32 e","Kepler-32",297.8423073,46.5743595,323.84700000,1.50000000,0.0330000000,2.89600000000,652.00,3900.00,0.530000,2012,"Transit"
"61 Vir b","61 Vir",199.5964550,-18.3157745,8.50332000,2.11000000,0.0502010000,4.21500000000,1177.85,5577.00,0.963000,2009,"Radial Velocity"
"61 Vir c","61 Vir",199.5964550,-18.3157745,8.50332000,4.46000000,0.2175000000,38.02100000000,565.87,5577.00,0.963000,2009,"Radial Velocity"
"47 UMa d","47 UMa",164.8647611,40.4304931,13.79670000,13.50000000,11.6000000000,14002.00000000000,91.58,5872.00,1.213340,2009,"Radial Velocity"
"47 UMa c","47 UMa",164.8647611,40.4304931,13.79670000,14.20000000,3.6000000000,2391.00000000000,164.38,5872.00,1.213340,2001,"Radial Velocity"
"BD-08 2823 c","BD-08 2823",150.1971964,-9.5165689,41.33420000,12.50000000,0.6800000000,237.60000000000,233.85,4746.00,0.710000,2009,"Radial Velocity"
"CoRoT-23 b","CoRoT-23",279.7826586,4.3577516,1060.97000000,11.77000000,0.0480000000,3.63130000000,1660.00,5900.00,1.610000,2011,"Transit"
"Kepler-18 d","Kepler-18",298.0794448,44.7462480,433.04700000,6.98000000,0.1172000000,14.85888000000,720.00,5345.00,1.108000,2011,"Transit"
"HATS-1 b","HATS-1",175.5252399,-23.3548451,283.97100000,14.59400000,0.0444000000,3.44645900000,1359.00,5870.00,1.038000,2012,"Transit"
"HD 47186 c","HD 47186",99.0367212,-27.6234285,37.45740000,13.00000000,2.3950000000,1353.60000000000,183.18,5657.00,1.080000,2008,"Radial Velocity"
"HD 196885 A b","HD 196885 A",309.9664609,11.2500236,34.16920000,13.20000000,2.3700000000,1333.00000000000,224.21,6254.00,1.310000,2007,"Radial Velocity"
"CoRoT-6 b","CoRoT-6",281.0725563,6.6632062,645.29400000,13.06800000,0.0855000000,8.88659300000,1017.00,6090.00,1.025000,2009,"Transit"
"HR 8799 b","HR 8799",346.8701486,21.1340376,41.24410000,13.00000000,68.0000000000,170000.00000000000,1200.00,7204.58,1.493380,2008,"Imaging"
"HAT-P-37 b","HAT-P-37",284.2960393,51.2691212,390.59400000,13.20400000,0.0379000000,2.79743600000,1271.00,5500.00,0.877000,2011,"Transit"
"Kepler-42 b","Kepler-42",292.2196000,44.6173667,40.05950000,0.78000000,0.0116000000,1.21376720000,519.00,3068.00,0.170000,2011,"Transit"
"Kepler-32 d","Kepler-32",297.8423073,46.5743595,323.84700000,2.70000000,0.1300000000,22.78020000000,328.00,3900.00,0.530000,2012,"Transit"
"Kepler-32 f","Kepler-32",297.8423073,46.5743595,323.84700000,0.82000000,0.0130000000,0.74296000000,1026.00,3900.00,0.530000,2012,"Transit"
"BD+20 2457 b","BD+20 2457",154.1867820,19.8912626,1539.71000000,12.10000000,1.4500000000,379.63000000000,1159.67,4137.00,49.000000,2009,"Radial Velocity"
"HR 8799 d","HR 8799",346.8701486,21.1340376,41.24410000,13.00000000,24.0000000000,37000.00000000000,1300.00,7204.58,1.493380,2008,"Imaging"
"GJ 179 b","GJ 179",73.0245495,6.4752347,12.35600000,13.80000000,2.4100000000,2288.00000000000,64.53,3370.00,0.380000,2009,"Radial Velocity"
"SWEEPS-4 b","SWEEPS-4",269.7246667,-29.1890556,8500.00000000,9.07900000,0.0550000000,4.20000000000,,,1.180000,2006,"Transit"
"Kepler-42 c","Kepler-42",292.2196000,44.6173667,40.05950000,0.73000000,0.0060000000,0.45328509000,720.00,3068.00,0.170000,2011,"Transit"
"Kepler-33 c","Kepler-33",289.0775348,46.0051696,1209.16000000,3.20000000,0.1189000000,13.17562000000,1009.00,5904.00,1.820000,2011,"Transit"
"Kepler-35 b","Kepler-35",294.4969550,46.6896733,1819.17000000,8.16000000,0.6034700000,131.45800000000,352.89,5606.00,1.028400,2011,"Transit"
"CoRoT-16 b","CoRoT-16",278.5246658,-6.0026026,732.40900000,13.11000000,0.0618000000,5.35227000000,1195.53,5650.00,1.190000,2011,"Transit"
"HD 240210 b","HD 240210",347.6219227,57.0294818,372.40500000,12.80000000,1.1600000000,501.75000000000,970.67,4297.00,25.456816,2009,"Radial Velocity"
"BD+20 2457 c","BD+20 2457",154.1867820,19.8912626,1539.71000000,12.40000000,2.0100000000,621.99000000000,984.96,4137.00,49.000000,2009,"Radial Velocity"
"HD 110014 b","HD 110014",189.8111935,-7.9956702,100.75800000,12.40000000,2.1400000000,835.47700000000,669.84,4445.00,20.900000,2009,"Radial Velocity"
"HIP 5158 b","HIP 5158",16.5094891,-22.4536134,51.60260000,13.60000000,0.8900000000,345.72000000000,219.65,4962.00,0.750000,2009,"Radial Velocity"
"Kepler-33 e","Kepler-33",289.0775348,46.0051696,1209.16000000,4.02000000,0.2138000000,31.78440000000,752.00,5904.00,1.820000,2011,"Transit"
"Kepler-33 d","Kepler-33",289.0775348,46.0051696,1209.16000000,5.35000000,0.1662000000,21.77596000000,853.00,5904.00,1.820000,2011,"Transit"
"BD+20 274 b","BD+20 274",25.9203179,21.0052692,1322.51000000,13.00000000,1.3000000000,578.20000000000,755.70,4296.00,17.300000,2012,"Radial Velocity"
"KELT-1 b","KELT-1",0.3620995,39.3837953,268.43000000,12.44200000,0.0246600000,1.21751400000,2361.00,6516.00,1.471000,2012,"Transit"
"CoRoT-5 b","CoRoT-5",101.2772396,0.8152163,882.47200000,15.55800000,0.0494700000,4.03789620000,1438.00,6100.00,1.186000,2009,"Transit"
"HD 134987 c","HD 134987",228.3675397,-25.3096721,26.18040000,13.90000000,5.8000000000,5000.00000000000,125.03,5585.00,1.250000,2009,"Radial Velocity"
"HD 147018 b","HD 147018",245.7490012,-61.6901291,40.42560000,13.40000000,0.2388000000,44.23600000000,519.98,5441.00,0.937948,2009,"Radial Velocity"
"Kepler-33 f","Kepler-33",289.0775348,46.0051696,1209.16000000,4.46000000,0.2535000000,41.02902000000,691.00,5904.00,1.820000,2011,"Transit"
"Kepler-31 b","Kepler-31",294.0230229,45.8530535,1664.64000000,5.50000000,0.1600000000,20.86130000000,781.00,6340.00,1.220000,2011,"Transit"
"Kepler-34 b","Kepler-34",296.4358022,44.6415369,1800.82000000,8.56400000,1.0896000000,288.82200000000,294.42,5913.00,1.161800,2011,"Transit"
"HD 45350 b","HD 45350",97.1902262,38.9627315,46.87330000,13.50000000,1.9200000000,963.60000000000,217.81,5566.00,1.264420,2004,"Radial Velocity"
"HD 147018 c","HD 147018",245.7490012,-61.6901291,40.42560000,12.70000000,1.9220000000,1008.00000000000,183.28,5441.00,0.937948,2009,"Radial Velocity"
"CFBDSIR J145829+101343 b","CFBDSIR J145829+101343",224.6208333,10.2286111,23.10000000,12.40000000,2.6000000000,10037.50000000000,370.00,580.50,,2011,"Imaging"
"HD 220773 b","HD 220773",351.6144715,8.6428871,50.51030000,13.60000000,4.9400000000,3724.70000000000,167.02,5940.00,1.679696,2011,"Radial Velocity"
"HD 147513 b","HD 147513",246.0057894,-39.1929661,12.90320000,13.70000000,1.3200000000,528.40000000000,244.43,5883.00,0.980000,2003,"Radial Velocity"
"HD 129445 b","HD 129445",221.5104196,-68.7629901,67.43860000,13.30000000,2.9000000000,1840.00000000000,173.36,5646.00,1.175816,2009,"Radial Velocity"
"WASP-5 b","WASP-5",359.3490277,-41.2772202,309.13700000,12.18400000,0.0267000000,1.62842790000,1706.00,5700.00,1.029000,2008,"Transit"
"OGLE-TR-111 b","OGLE-TR-111",163.3241150,-61.4056976,1068.33000000,11.42197100,0.0473000000,4.01444630000,1019.00,5040.00,0.830000,2004,"Transit"
"HD 8535 b","HD 8535",20.9054804,-41.2701007,55.44010000,14.00000000,2.4500000000,1313.00000000000,206.21,6136.00,1.190000,2010,"Radial Velocity"
"MOA-2009-BLG-266L b","MOA-2009-BLG-266L",267.0081250,-35.0054111,3040.00000000,3.21000000,3.2000000000,2800.00000000000,,,,2011,"Microlensing"
"GJ 667 C b","GJ 667 C",259.7510609,-34.9977651,7.24396000,2.25000000,0.0504310000,7.20300000000,,3350.00,,2012,"Radial Velocity"
"HIP 5158 c","HIP 5158",16.5094891,-22.4536134,51.60260000,12.20000000,7.7000000000,9017.76000000000,72.63,4813.00,0.754089,2011,"Radial Velocity"
"HAT-P-23 b","HAT-P-23",306.1239076,16.7621462,364.81300000,15.33400000,0.0232000000,1.21288400000,2056.00,5905.00,1.203000,2010,"Transit"
"HAT-P-20 b","HAT-P-20",111.9164295,24.3361185,71.03740000,9.71800000,0.0361000000,2.87531700000,970.00,4595.00,0.694000,2010,"Transit"
"CoRoT-17 b","CoRoT-17",278.6992360,-6.6122880,1176.12000000,11.43000000,0.0461000000,3.76810000000,1626.00,5740.00,1.590000,2011,"Transit"
"HD 132563 b","HD 132563",224.5892892,44.0428571,105.15500000,13.60000000,2.6200000000,1544.00000000000,213.27,6289.00,1.295770,2011,"Radial Velocity"
"Kepler-45 b","Kepler-45",292.8729292,41.0641727,381.94900000,10.76000000,0.0300000000,2.45523900000,1000.00,3820.00,0.550000,2011,"Transit"
"HU Aqr AB b","HU Aqr",316.9921976,-5.2948694,192.19807871,12.80000000,3.6000000000,2390.00000000000,,5952.00,,2011,"Eclipse Timing Variations"
"Kepler-417 b","Kepler-417",293.8241813,42.7796480,973.98900000,2.31000000,0.1006000000,12.33100000000,671.00,5177.00,0.806000,2014,"Transit"
"Kepler-37 d","Kepler-37",284.0592503,44.5183733,63.92070000,2.03000000,0.2109000000,39.79226220000,499.00,5357.00,0.789000,2013,"Transit"
"GJ 3634 b","GJ 3634",164.6433493,-31.1443383,20.37790000,2.83000000,0.0287000000,2.64561000000,656.45,3517.00,0.430000,2010,"Radial Velocity"
"Kepler-14 b","Kepler-14",287.7088140,47.3330500,798.00000000,12.73300000,0.0771000000,6.79012300000,1605.00,6395.00,2.048000,2011,"Transit"
"CoRoT-18 b","CoRoT-18",98.1724172,-0.0316045,764.88900000,14.68000000,0.0295000000,1.90006930000,1550.00,5440.00,1.000000,2011,"Transit"
"Kepler-15 b","Kepler-15",296.2005506,49.1400304,739.41200000,10.76000000,0.0571400000,4.94278200000,1251.00,5515.00,0.992000,2011,"Transit"
"KOI-55 b","KOI-55",296.3561853,41.0927315,1231.02000000,0.75900000,0.0060000000,0.24010400000,7777.78,27730.00,0.203000,2011,"Orbital Brightness Modulation"
"PSR J1719-1438 b","PSR J1719-1438",259.7919708,-14.6336000,1200.00000000,,0.0044000000,0.09070629300,,4500.00,,2011,"Pulsar Timing"
"CoRoT-14 b","CoRoT-14",103.4242023,-5.5360385,1744.60000000,12.22000000,0.0270000000,1.51214000000,1952.00,6035.00,1.210000,2010,"Transit"
"HD 11964 b","HD 11964",29.2884252,-10.2434693,33.53690000,14.10000000,3.1600000000,1945.00000000000,203.93,5303.00,2.009710,2005,"Radial Velocity"
"HAT-P-4 b","HAT-P-4",229.9912200,36.2295450,320.45100000,14.28000000,0.0443800000,3.05653600000,1686.00,5860.00,1.596000,2007,"Transit"
"OGLE-TR-10 b","OGLE-TR-10",267.8677483,-29.8764758,1344.97000000,14.01100000,0.0434000000,3.10127800000,1702.00,5950.00,1.170000,2004,"Transit"
"OGLE-TR-113 b","OGLE-TR-113",163.1010355,-61.4468591,566.45900000,12.25100000,0.0228900000,1.43247520000,1342.00,4790.00,0.774000,2004,"Transit"
"HD 192310 b","HD 192310",303.8284712,-27.0337556,8.79687000,4.27000000,0.3200000000,74.72000000000,355.00,5166.00,0.857922,2011,"Radial Velocity"
"OGLE-2014-BLG-1760L b","OGLE-2014-BLG-1760L",269.4090000,-28.9620472,7056.00000000,13.80000000,1.8870000000,,,,,2016,"Microlensing"
"OGLE-2013-BLG-0132L b","OGLE-2013-BLG-0132L",269.7646180,-28.4210281,3900.00000000,11.60000000,3.6000000000,,,,,2017,"Microlensing"
"Kepler-277 b","Kepler-277",286.5831894,39.0772582,976.64300000,2.92000000,0.1416800000,17.32400000000,964.00,5946.00,1.690000,2013,"Transit"
"KMT-2017-BLG-1194L b","KMT-2017-BLG-1194L",274.3221250,-25.3239389,4240.00000000,1.70000000,1.7800000000,,,,,2023,"Microlensing"
"KMT-2017-BLG-2331L b","KMT-2017-BLG-2331L",264.4072083,-29.4612111,8030.00000000,14.20000000,2.1400000000,,,,,2024,"Microlensing"
"HD 41004 A b","HD 41004 A",89.9566041,-48.2394189,36.69117000,13.20000000,,963.00000000000,,5310.00,0.850000,2004,"Radial Velocity"
"OGLE-2019-BLG-0299L b","OGLE-2019-BLG-0299L",266.6794583,-23.5843111,5830.00000000,12.70000000,2.8000000000,,,,,2021,"Microlensing"
"Kepler-476 b","Kepler-476",295.1637592,43.9630716,813.53500000,3.08000000,0.1126000000,14.00640607000,807.00,5837.00,1.090000,2016,"Transit"
"KMT-2021-BLG-2294L b","KMT-2021-BLG-2294L",270.0624167,-28.6124389,6800.00000000,5.02000000,1.1500000000,,,,,2022,"Microlensing"
"KMT-2022-BLG-1013L b","KMT-2022-BLG-1013L",264.7092500,-28.3556694,7710.00000000,12.10000000,1.3800000000,,,,,2023,"Microlensing"
"Kepler-247 d","Kepler-247",288.6425609,43.0393769,663.71100000,4.50000000,0.1408100000,20.47370000000,530.00,5094.00,0.791000,2014,"Transit"
"Kepler-1976 b","Kepler-1976",292.1670600,48.7275345,1314.51000000,12.21000000,0.0565000000,4.95931924400,1103.00,5712.00,1.082000,2023,"Transit"
"WASP-155 b","WASP-155",347.9797230,33.0476125,399.63000000,13.45077684,0.0430000000,3.11041300000,1468.00,5660.00,1.240000,2025,"Transit"
"KMT-2019-BLG-0414L b","KMT-2019-BLG-0414L",268.8529167,-21.8955389,4410.00000000,12.90000000,1.1600000000,,,,,2022,"Microlensing"
"HD 62509 b","HD 62509",116.3288240,28.0261270,10.34000000,13.30000000,1.6400000000,589.64000000000,549.60,4892.63,8.900000,2006,"Radial Velocity"
"Kepler-65 b","Kepler-65",288.6887221,41.1511076,303.72800000,1.42000000,0.0350000000,2.15491000000,1740.00,6211.00,1.410000,2012,"Transit"
"RR Cae b","RR Cae",65.2733756,-48.6542601,21.19160000,13.00000000,5.3000000000,4343.50000000000,35.94,3904.00,0.193119,2012,"Eclipse Timing Variations"
"WASP-65 b","WASP-65",133.3242982,8.5230171,273.70300000,12.46400000,0.0334000000,2.31142430000,1480.00,5600.00,1.010000,2013,"Transit"
"Kepler-30 c","Kepler-30",285.2836483,38.9472625,914.22100000,12.30000000,0.3000000000,60.32310500000,411.00,5498.00,0.950000,2012,"Transit"
"Kepler-38 b","Kepler-38",286.8303120,42.2791434,1174.59000000,4.30000000,0.4632000000,105.59900000000,475.00,5623.00,1.752000,2012,"Transit"
"WASP-8 c","WASP-8",359.9008737,-35.0313349,89.96060000,12.50000000,5.2800000000,4323.00000000000,116.99,5690.00,0.960000,2013,"Radial Velocity"
"ROXs 42 B b","ROXs 42 B",247.8125493,-24.5455770,143.59000000,12.50000000,157.0000000000,,1975.00,3433.00,1.336580,2013,"Imaging"
"WASP-1 b","WASP-1",5.1669536,31.9899732,393.07200000,16.62300000,0.0388900000,2.51994540000,1812.00,6110.00,1.470000,2007,"Transit"
"Kepler-50 c","Kepler-50",288.1009312,50.0336844,250.11000000,2.17000000,0.0870000000,9.37647000000,1125.00,6225.00,1.580000,2012,"Transit"
"BD+15 2940 b","BD+15 2940",240.0956400,15.5467507,426.42000000,13.70000000,0.5390000000,137.48000000000,1207.75,4796.00,14.700000,2013,"Radial Velocity"
"Kepler-87 b","Kepler-87",297.9168433,46.9651146,1232.90000000,13.49000000,0.4810000000,114.73635000000,478.00,5600.00,1.820000,2013,"Transit"
"WASP-75 b","WASP-75",342.3858995,-10.6754686,294.00100000,14.23500000,0.0375000000,2.48419300000,1710.00,6100.00,1.260000,2013,"Transit"
"Kepler-87 c","Kepler-87",297.9168433,46.9651146,1232.90000000,6.14000000,0.6760000000,191.23180000000,403.00,5600.00,1.820000,2013,"Transit"
"HD 40307 b","HD 40307",88.5172191,-60.0237289,12.93630000,,0.0468000000,4.31230000000,910.00,4956.00,0.716684,2009,"Radial Velocity"
"WTS-1 b","WTS-1",293.9850284,36.2962939,2346.01000000,16.70000000,0.0470000000,3.35205700000,1500.00,6250.00,1.150000,2012,"Transit"
"HD 40307 c","HD 40307",88.5172191,-60.0237289,12.93630000,,0.0799000000,9.61840000000,696.00,4956.00,0.716684,2009,"Radial Velocity"
"CoRoT-26 b","CoRoT-26",279.7504991,6.9697828,1045.18000000,14.12000000,0.0526000000,4.20474000000,1600.00,5590.00,1.790000,2013,"Transit"
"91 Aqr b","91 Aqr",348.9745031,-9.0878076,44.03040000,13.10000000,0.7000000000,181.40000000000,891.73,4665.00,11.000000,2013,"Radial Velocity"
"tau Gem b","tau Gem",107.7847232,30.2449545,112.53700000,12.10000000,1.1700000000,305.50000000000,1012.69,4388.00,26.800000,2013,"Radial Velocity"
"HAT-P-42 b","HAT-P-42",135.3443583,6.0970828,405.23800000,14.34800000,0.0575000000,4.64187800000,1428.00,5743.00,1.530000,2012,"Transit"
"Kepler-56 c","Kepler-56",293.7583002,41.8718070,912.99400000,9.80000000,0.1652000000,21.40239000000,1087.00,4840.00,4.230000,2012,"Transit"
"HD 40307 d","HD 40307",88.5172191,-60.0237289,12.93630000,,0.1321000000,20.43200000000,541.00,4956.00,0.716684,2009,"Radial Velocity"
"HD 40307 f","HD 40307",88.5172191,-60.0237289,12.93630000,2.13000000,0.2470000000,51.76000000000,398.00,4956.00,0.716684,2013,"Radial Velocity"
"Kepler-186 e","Kepler-186",298.6527360,43.9549884,177.59400000,1.27000000,0.1100000000,22.40770400000,319.00,3788.00,0.472000,2014,"Transit"
"Kepler-186 c","Kepler-186",298.6527360,43.9549884,177.59400000,1.25000000,0.0451000000,7.26730200000,464.00,3788.00,0.472000,2014,"Transit"
"GJ 163 c","GJ 163",62.3228353,-53.3711768,15.12850000,2.50000000,0.1254000000,25.63058000000,305.07,3500.00,0.409738,2013,"Radial Velocity"
"GJ 163 d","GJ 163",62.3228353,-53.3711768,15.12850000,5.92000000,1.0304000000,603.95116000000,106.43,3500.00,0.409738,2013,"Radial Velocity"
"Kepler-56 b","Kepler-56",293.7583002,41.8718070,912.99400000,6.51000000,0.1028000000,10.50160000000,1378.00,4840.00,4.230000,2012,"Transit"
"HD 208527 b","HD 208527",329.0999413,21.2399220,312.20200000,12.50000000,2.1000000000,875.50000000000,959.79,4035.00,51.100000,2012,"Radial Velocity"
"HD 40307 g","HD 40307",88.5172191,-60.0237289,12.93630000,2.56000000,0.6000000000,197.80000000000,255.00,4956.00,0.716684,2013,"Radial Velocity"
"Kepler-186 d","Kepler-186",298.6527360,43.9549884,177.59400000,1.40000000,0.0781000000,13.34299600000,379.00,3788.00,0.472000,2014,"Transit"
"GU Psc b","GU Psc",18.1464850,17.0650029,47.55010000,14.17900000,2000.0000000000,,1050.00,4031.81,0.450458,2014,"Imaging"
"HIP 63242 b","HIP 63242",194.3824825,-65.6463263,156.45600000,12.50000000,0.5650000000,124.60000000000,993.26,4830.00,10.275655,2013,"Radial Velocity"
"Kepler-11 b","Kepler-11",297.1150949,41.9091092,646.34600000,1.80000000,0.0910000000,10.30390000000,849.00,5663.00,1.065000,2010,"Transit"
"KOI-351 f","KOI-351",284.4334642,49.3051239,848.25400000,2.88000000,0.4800000000,124.91440000000,407.00,6080.00,1.200000,2013,"Transit"
"CoRoT-1 b","CoRoT-1",102.0798591,-3.1021394,787.90900000,16.70000000,0.0275200000,1.50895570000,1898.00,5950.00,1.110000,2008,"Transit"
"HAT-P-45 b","HAT-P-45",274.3732697,-3.3810594,298.64000000,15.98400000,0.0452000000,3.12899200000,1652.00,6330.00,1.319000,2014,"Transit"
"HAT-P-44 b","HAT-P-44",213.1438604,47.0147826,347.85000000,13.92200000,0.0507000000,4.30121900000,1108.00,5295.00,0.949000,2014,"Transit"
"Kepler-11 e","Kepler-11",297.1150949,41.9091092,646.34600000,4.19000000,0.1950000000,31.99960000000,582.00,5663.00,1.065000,2010,"Transit"
"HD 95086 b","HD 95086",164.2621032,-68.6672917,86.22790000,12.90000000,55.7000000000,,1000.00,7595.00,1.486670,2013,"Imaging"
"BD-06 1339 b","BD-06 1339",88.2511811,-5.9963378,20.26950000,,0.0428000000,3.87280000000,834.97,4324.00,0.686355,2013,"Radial Velocity"
"HD 103774 b","HD 103774",179.2310729,-12.1079951,56.40890000,13.30000000,0.0700000000,5.88810000000,1487.08,6489.00,1.581047,2013,"Radial Velocity"
"HAT-P-44 c","HAT-P-44",213.1438604,47.0147826,347.85000000,13.00000000,1.7520000000,872.20000000000,187.92,5295.00,0.949000,2014,"Radial Velocity"
"HATS-5 b","HATS-5",67.2228465,-21.4820568,246.38400000,10.22300000,0.0542000000,4.76338700000,1025.00,5304.00,0.871000,2014,"Transit"
"Kepler-11 g","Kepler-11",297.1150949,41.9091092,646.34600000,3.33000000,0.4660000000,118.38070000000,376.00,5663.00,1.065000,2010,"Transit"
"KOI-351 e","KOI-351",284.4334642,49.3051239,848.25400000,2.66000000,0.4200000000,91.93913000000,450.00,6080.00,1.200000,2013,"Transit"
"KOI-351 c","KOI-351",284.4334642,49.3051239,848.25400000,1.19000000,0.0890000000,8.71937500000,987.00,6080.00,1.200000,2013,"Transit"
"HD 109271 b","HD 109271",188.3973970,-11.6215204,55.87160000,4.31000000,0.0790000000,7.85430000000,1128.86,5783.00,1.294595,2013,"Radial Velocity"
"HD 109271 c","HD 109271",188.3973970,-11.6215204,55.87160000,5.27000000,0.1960000000,30.93000000000,716.68,5783.00,1.294595,2013,"Radial Velocity"
"bet Cnc b","bet Cnc",124.1286379,9.1853306,89.04720000,12.60000000,1.7000000000,605.20000000000,1039.74,4092.10,47.200000,2014,"Radial Velocity"
"mu Leo b","mu Leo",148.1898673,26.0067142,32.60810000,13.30000000,1.1000000000,357.80000000000,704.49,4538.20,11.400000,2014,"Radial Velocity"
"Kepler-11 c","Kepler-11",297.1150949,41.9091092,646.34600000,2.87000000,0.1070000000,13.02410000000,786.00,5663.00,1.065000,2010,"Transit"
"OGLE-2012-BLG-0358L b","OGLE-2012-BLG-0358L",265.6948750,-24.2610000,1760.00000000,13.40000000,0.8700000000,,,,,2013,"Microlensing"
"HD 166724 b","HD 166724",273.4988604,-42.5757218,45.13420000,13.00000000,5.4200000000,5144.00000000000,94.83,5127.00,0.797485,2012,"Radial Velocity"
"WASP-64 b","WASP-64",101.1149223,-32.8583878,369.92600000,14.24700000,0.0264800000,1.57329180000,1689.00,5400.00,1.058000,2012,"Transit"
"Kepler-67 b","Kepler-67",294.1533505,46.1663976,1131.19000000,2.94000000,0.1171000000,15.72590000000,602.00,5331.00,0.778000,2013,"Transit"
"GJ 667 C c","GJ 667 C",259.7510609,-34.9977651,7.24396000,1.77000000,0.1250000000,28.14000000000,,3350.00,,2013,"Radial Velocity"
"HAT-P-38 b","HAT-P-38",35.3834942,32.2460441,255.20600000,9.24700000,0.0523000000,4.64038200000,1082.00,5330.00,0.923000,2012,"Transit"
"OGLE-2011-BLG-0251L b","OGLE-2011-BLG-0251L",264.5590830,-27.1361389,2570.00000000,14.20000000,2.7200000000,,,,,2012,"Microlensing"
"PH1 b","PH1",298.2150641,39.9550863,1033.16000000,6.18000000,0.6520000000,138.31700000000,481.00,6407.00,1.734000,2012,"Transit"
"Kepler-415 b","Kepler-415",293.8045041,38.6390517,530.48700000,1.21000000,0.0426000000,4.17600000000,694.00,4362.00,0.643000,2014,"Transit"
"Kepler-338 c","Kepler-338",282.9790593,40.7844188,552.79800000,2.34000000,0.1720000000,24.31085600000,831.00,5923.00,1.735000,2014,"Transit"
"WASP-126 b","WASP-126",63.3747060,-69.2265926,216.52600000,10.51358773,0.0449000000,3.28883000000,1480.00,5800.00,1.270000,2016,"Transit"
"Kepler-1544 b","Kepler-1544",297.2852168,49.2124526,335.09000000,1.78000000,0.5446500000,168.81117400000,269.00,4886.00,0.740000,2016,"Transit"
"GJ 667 C e","GJ 667 C",259.7510609,-34.9977651,7.24396000,1.45000000,0.2130000000,62.24000000000,,3350.00,,2013,"Radial Velocity"
"HD 207832 c","HD 207832",328.1517893,-26.0271749,58.92910000,14.00000000,2.1120000000,1155.70000000000,179.84,5710.00,0.901000,2012,"Radial Velocity"
"HAT-P-39 b","HAT-P-39",113.7582526,17.8300283,697.00400000,17.60900000,0.0509000000,3.54387000000,1752.00,6430.00,1.625000,2012,"Transit"
"HD 150706 b","HD 150706",247.8255687,79.7894032,28.26970000,13.30000000,6.7000000000,5894.00000000000,108.81,5961.00,0.960000,2012,"Radial Velocity"
"HIP 57274 d","HIP 57274",176.1705487,30.9576484,25.86180000,14.20000000,1.0100000000,431.70000000000,183.59,4640.00,0.680000,2011,"Radial Velocity"
"Kepler-82 e","Kepler-82",292.8733696,42.9661583,904.32600000,2.47000000,0.0630000000,5.90220600000,926.00,5428.00,0.945000,2014,"Transit"
"Kepler-417 c","Kepler-417",293.8241813,42.7796480,973.98900000,2.69000000,0.1194000000,15.94300000000,616.00,5177.00,0.806000,2014,"Transit"
"CoRoT-2 b","CoRoT-2",291.7770457,1.3836634,213.28300000,16.43200000,0.0279800000,1.74299350000,1521.00,5625.00,0.906000,2008,"Transit"
"TOI-1272 b","TOI-1272",199.1962036,49.8610591,137.57200000,4.26000000,0.0410000000,3.31597650000,1051.00,4985.00,0.800000,2022,"Transit"
"Kepler-82 f","Kepler-82",292.8733696,42.9661583,904.32600000,4.84000000,0.3395000000,75.73200000000,423.57,5401.00,0.898000,2019,"Transit Timing Variations"
"TOI-1883 b","TOI-1883",134.0892456,-12.9306438,115.36900000,5.65000000,0.0423000000,4.50800000000,544.00,3554.00,0.506000,2024,"Transit"
"Oph 11 b","Oph 11",245.6049610,-24.0872219,136.16559197,12.30000000,243.0000000000,7300000.00000000000,2175.00,2375.00,0.232692,2006,"Imaging"
"Kepler-338 d","Kepler-338",282.9790593,40.7844188,552.79800000,3.00000000,0.2570000000,44.43101400000,680.00,5923.00,1.735000,2014,"Transit"
"Kepler-418 b","Kepler-418",294.4335228,38.3554729,1002.53000000,13.45000000,0.3924900000,86.67856000000,434.00,5820.00,1.090000,2014,"Transit"
"DP Leo b","DP Leo",169.3162193,17.9615717,305.68400000,12.70000000,8.1900000000,10220.00000000000,24.39,13500.00,0.011500,2009,"Eclipse Timing Variations"
"Kepler-58 b","Kepler-58",296.3586251,39.1152033,969.25200000,2.78000000,0.0929100000,10.21849540000,920.00,5843.00,1.030000,2012,"Transit"
"Kepler-59 c","Kepler-59",287.0394932,46.6401677,1163.22000000,1.98000000,0.1311400000,17.98012350000,752.00,6074.00,0.940000,2012,"Transit"
"Kepler-130 c","Kepler-130",288.4505905,40.2452006,316.66300000,2.90000000,0.1780000000,27.50868000000,683.00,5879.00,1.170000,2014,"Transit"
"CoRoT-27 b","CoRoT-27",278.4958319,5.5383811,1010.28000000,11.28700000,0.0476000000,3.57532000000,1500.00,5900.00,1.080000,2014,"Transit"
"HIP 105854 b","HIP 105854",321.5962275,-37.8294782,78.63810000,12.60000000,0.8100000000,184.20000000000,822.14,4780.00,10.305119,2014,"Radial Velocity"
"Kapteyn c","Kapteyn",77.9586613,-45.0430198,3.93305000,2.54000000,0.3110000000,121.54000000000,165.59,3550.00,0.291000,2014,"Radial Velocity"
"2MASS J01225093-2439505 b","2MASS J01225093-2439505",20.7128012,-24.6646128,33.82810000,11.20900000,52.0000000000,,1600.00,3530.00,0.366450,2013,"Imaging"
"Kepler-63 b","Kepler-63",289.2262876,49.5482814,194.03300000,6.11000000,0.0800000000,9.43415050000,791.00,5576.00,0.901000,2013,"Transit"
"Kepler-53 c","Kepler-53",290.4617926,40.5624966,1366.07000000,3.17000000,0.2209100000,38.55830380000,550.00,5858.00,0.890000,2012,"Transit"
"Kepler-54 c","Kepler-54",294.7739245,43.0561976,271.70100000,1.23000000,0.0809000000,12.07172490000,395.00,3705.00,0.500000,2012,"Transit"
"Kepler-83 c","Kepler-83",282.2325197,43.6655662,400.40900000,2.36000000,0.1179600000,20.09000000000,362.00,4082.00,0.610000,2012,"Transit"
"Kepler-81 b","Kepler-81",293.6369437,42.8248275,348.29100000,2.42000000,0.0522000000,5.95500000000,635.00,4385.00,0.590000,2012,"Transit"
"Kepler-55 c","Kepler-55",285.1683291,44.0264898,578.79600000,2.21000000,0.2095000000,42.15164180000,349.00,4362.00,0.580000,2012,"Transit"
"Kepler-59 b","Kepler-59",287.0394932,46.6401677,1163.22000000,1.10000000,0.0994300000,11.86817070000,864.00,6074.00,0.940000,2012,"Transit"
"HD 82943 b","HD 82943",143.7114034,-12.1302976,27.59020000,13.50000000,1.1830600000,441.47000000000,286.13,5935.00,1.182600,2003,"Radial Velocity"
"HD 154857 c","HD 154857",257.8161940,-56.6810380,63.44820000,13.20000000,5.3600000000,3452.00000000000,154.88,5605.00,1.760000,2014,"Radial Velocity"
"Kepler-62 d","Kepler-62",283.2125621,45.3496992,300.87400000,1.95000000,0.1200000000,18.16406000000,510.00,4925.00,0.640000,2013,"Transit"
"Kepler-62 b","Kepler-62",283.2125621,45.3496992,300.87400000,1.31000000,0.0553000000,5.71493200000,750.00,4925.00,0.640000,2013,"Transit"
"Kepler-83 b","Kepler-83",282.2325197,43.6655662,400.40900000,2.83000000,0.0729500000,9.77000000000,460.00,4082.00,0.610000,2012,"Transit"
"POTS-1 b","POTS-1",203.6087259,-66.5811639,747.95900000,10.54800000,0.0373400000,3.16062960000,841.95,4400.00,0.588000,2013,"Transit"
"Kepler-54 b","Kepler-54",294.7739245,43.0561976,271.70100000,2.10000000,0.0619000000,8.01094340000,453.00,3705.00,0.500000,2012,"Transit"
"Kepler-55 b","Kepler-55",285.1683291,44.0264898,578.79600000,2.43000000,0.1593000000,27.94814490000,400.00,4362.00,0.580000,2012,"Transit"
"HD 82943 c","HD 82943",143.7114034,-12.1302976,27.59020000,13.40000000,0.7434500000,220.07800000000,360.95,5935.00,1.182600,2003,"Radial Velocity"
"Kepler-413 b","Kepler-413",288.5106679,51.1624235,847.53600000,4.34700000,0.3553000000,66.26200000000,334.96,4700.00,0.776100,2014,"Transit"
"Kepler-61 b","Kepler-61",295.3044942,42.4753193,335.07900000,2.15000000,0.2486100000,59.87756000000,273.00,4017.00,0.620000,2013,"Transit"
"HAT-P-27 b","HAT-P-27",222.7673221,5.9473626,199.17300000,11.43000000,0.0400000000,3.03957700000,1091.99,5316.00,0.864673,2011,"Transit"
"Qatar-4 b","Qatar-4",4.8592750,44.0275965,329.03600000,12.72221500,0.0280300000,1.80535640000,1385.00,5215.00,0.849000,2017,"Transit"
"WTS-2 b","WTS-2",293.7327826,36.8154936,1030.76834437,15.27786700,0.0185500000,1.01870680000,2000.00,5000.00,0.752000,2014,"Transit"
"HD 4203 c","HD 4203",11.1722288,20.4483925,81.37950000,13.30000000,6.9500000000,6700.00000000000,124.96,5582.00,1.497950,2014,"Radial Velocity"
"Kepler-193 c","Kepler-193",296.4985951,46.5772484,1009.10000000,2.75000000,0.2860000000,50.69749400000,595.00,6335.00,1.147000,2014,"Transit"
"Kepler-207 b","Kepler-207",290.0305195,42.1660555,875.51900000,1.57000000,0.0290000000,1.61186500000,1930.00,5920.00,1.588000,2014,"Transit"
"Kepler-313 b","Kepler-313",298.2948708,48.7754000,1079.39524871,2.53000000,0.1250000000,14.97041800000,883.00,5727.00,1.536000,2014,"Transit"
"Kepler-120 c","Kepler-120",287.8915707,39.3390979,388.63000000,1.53000000,0.0880000000,12.79458500000,455.00,4096.00,0.534000,2014,"Transit"
"Kepler-238 e","Kepler-238",287.8971066,40.6378141,1798.75000000,5.60000000,0.1728600000,23.65400000000,731.00,5800.00,0.960000,2013,"Transit"
"Kepler-328 b","Kepler-328",295.8092756,40.0084866,2213.19000000,2.30000000,0.2199000000,34.92100000000,602.00,6064.00,1.060000,2013,"Transit"
"Kepler-280 b","Kepler-280",291.3905325,42.1804735,780.36100000,1.45000000,0.0320000000,2.13954200000,1425.00,5744.00,0.886000,2014,"Transit"
"Kepler-275 c","Kepler-275",292.4797004,38.5149018,2034.25000000,3.38000000,0.1320000000,16.08813400000,875.00,6165.00,1.383000,2014,"Transit"
"Kepler-214 b","Kepler-214",284.7548499,44.9560500,1208.44000000,2.61000000,0.1300000000,15.66054400000,758.00,6169.00,1.352000,2014,"Transit"
"Kepler-219 c","Kepler-219",288.7389481,46.7625929,787.07000000,3.58000000,0.1650000000,22.71461300000,766.00,5786.00,1.491000,2014,"Transit"
"Kepler-331 b","Kepler-331",291.8343455,39.3073462,580.11900000,1.82000000,0.0650000000,8.45749600000,540.00,4347.00,0.492000,2014,"Transit"
"Kepler-340 c","Kepler-340",295.9334710,40.3005515,808.76200000,3.37000000,0.1780000000,22.82466900000,946.00,6620.00,1.850000,2014,"Transit"
"TOI-4438 b","TOI-4438",270.3172389,35.5948992,30.03460000,2.40000000,0.0523000000,7.44629500000,446.00,3501.00,0.365000,2024,"Transit"
"Kepler-293 b","Kepler-293",286.3580611,42.4064917,974.63300000,3.07000000,0.1440000000,19.25419600000,657.00,5804.00,0.957000,2014,"Transit"
"Kepler-291 b","Kepler-291",287.9163029,42.4372666,1786.48000000,2.16000000,0.0470000000,3.54651100000,1212.00,6002.00,1.016000,2014,"Transit"
"Kepler-224 d","Kepler-224",290.9342679,47.3575414,782.08800000,2.30000000,0.0890000000,11.34939300000,610.00,5018.00,0.676000,2014,"Transit"
"Kepler-124 c","Kepler-124",286.7527322,49.0648788,420.04600000,1.75000000,0.1000000000,13.82137500000,560.00,4984.00,0.636000,2014,"Transit"
"DMPP-7 b","DMPP-7",203.5284651,0.4988127,101.38600000,9.78000000,0.0607000000,4.92666000000,1456.00,6096.00,1.490000,2026,"Radial Velocity"
"HD 127195 b","HD 127195",217.8714193,-47.7292571,84.71670000,14.00000000,,534.50000000000,,4981.00,4.160000,2026,"Radial Velocity"
"Kepler-111 b","Kepler-111",291.6531630,44.6882613,657.22300000,1.58000000,0.0460000000,3.34181500000,1356.00,5952.00,1.157000,2014,"Transit"
"Kepler-148 c","Kepler-148",289.7861626,46.8588176,791.16300000,3.60000000,0.0500000000,4.18004300000,957.00,5272.00,0.851000,2014,"Transit"
"Kepler-179 b","Kepler-179",298.6636163,47.7619329,605.68000000,1.64000000,0.0360000000,2.73592600000,1075.00,5302.00,0.759000,2014,"Transit"
"Kepler-290 c","Kepler-290",286.4100307,42.6815137,694.62700000,2.70000000,0.2050000000,36.77031000000,437.00,5147.00,0.743000,2014,"Transit"
"Kepler-302 c","Kepler-302",294.3169307,43.6292436,1402.58000000,12.45000000,0.5030000000,127.28218400000,392.00,5740.00,1.220000,2014,"Transit"
"Kepler-226 b","Kepler-226",292.3760942,47.8809596,980.13800000,1.55000000,0.0470000000,3.94099700000,1018.00,5571.00,0.802000,2014,"Transit"
"Kepler-333 b","Kepler-333",292.2861201,40.9135429,324.41300000,1.32000000,0.0870000000,12.55115800000,480.00,4259.00,0.534000,2014,"Transit"
"Kepler-343 b","Kepler-343",291.9606620,42.4329567,927.19300000,2.41000000,0.0880000000,8.96855000000,1024.00,5807.00,1.433000,2014,"Transit"
"Kepler-197 d","Kepler-197",295.2264739,50.5592348,330.57500000,1.22000000,0.1190000000,15.67756300000,810.00,6004.00,1.120000,2014,"Transit"
"TOI-762 A b","TOI-762 A",166.0747423,-47.8214964,98.44580000,8.33948164,0.0341800000,3.47168260000,555.40,3266.00,0.425000,2024,"Transit"
"Kepler-125 b","Kepler-125",298.2581101,47.6050031,183.36500000,2.37000000,0.0410000000,4.16438900000,590.00,3810.00,0.512000,2014,"Transit"
"Kepler-306 c","Kepler-306",288.5387145,40.6160545,775.67900000,2.35000000,0.0670000000,7.24019300000,716.00,4954.00,0.719000,2014,"Transit"
"Kepler-53 d","Kepler-53",290.4617926,40.5624966,1366.07000000,2.12000000,0.0910000000,9.75196200000,870.00,6085.00,0.958000,2014,"Transit"
"Kepler-238 d","Kepler-238",287.8971066,40.6378141,1798.75000000,3.07000000,0.1150000000,13.23354900000,888.00,5751.00,1.430000,2014,"Transit"
"Kepler-127 d","Kepler-127",285.1899439,46.0280596,352.79400000,2.64000000,0.2800000000,48.63040800000,590.00,6106.00,1.359000,2014,"Transit"
"Kepler-222 c","Kepler-222",287.9060885,46.9377479,758.85400000,4.64000000,0.0910000000,10.08881000000,734.00,5433.00,0.869000,2014,"Transit"
"Kepler-257 d","Kepler-257",297.3159994,46.0232642,780.25600000,4.95000000,0.1600000000,24.66455100000,567.00,5180.00,1.037000,2014,"Transit"
"Kepler-308 b","Kepler-308",295.7852423,40.4395753,1335.92000000,2.12000000,0.0900000000,9.69492800000,833.00,5895.00,0.941000,2014,"Transit"
"Kepler-310 c","Kepler-310",288.8392780,46.9867472,602.26800000,3.38000000,0.2810000000,56.47542000000,417.00,5797.00,0.876000,2014,"Transit"
"Kepler-242 c","Kepler-242",286.5656932,41.8084168,600.24100000,2.00000000,0.1090000000,14.49648100000,613.00,5020.00,0.850000,2014,"Transit"
"Kepler-241 c","Kepler-241",292.9131121,41.0609786,512.00000000,2.57000000,0.1890000000,36.06597800000,397.00,4699.00,0.668000,2014,"Transit"
"Kepler-351 c","Kepler-351",286.4527949,42.6577891,1083.91000000,3.19000000,0.2870000000,57.24809000000,431.00,5643.00,0.854000,2014,"Transit"
"Kepler-341 c","Kepler-341",289.8615609,43.4727412,1047.03000000,1.70000000,0.0800000000,8.01041000000,940.00,6012.00,1.024000,2014,"Transit"
"Kepler-166 c","Kepler-166",293.1600977,48.8812074,603.53000000,2.38000000,0.1950000000,34.26028100000,468.00,5413.00,0.742000,2014,"Transit"
"Kepler-108 c","Kepler-108",294.5589885,46.0623952,338.73200000,8.18000000,0.7210000000,190.32349400000,426.00,5854.00,2.192000,2014,"Transit"
"Kepler-311 b","Kepler-311",282.0612731,47.0854984,778.65400000,1.70000000,0.0870000000,9.17609200000,960.00,5905.00,1.188000,2014,"Transit"
"Kepler-276 b","Kepler-276",293.5681970,39.0363123,1144.86000000,2.87000000,0.1190000000,14.12841000000,739.00,6105.00,1.046000,2014,"Transit"
"Kepler-254 c","Kepler-254",288.1646541,45.8164257,1389.48000000,2.15000000,0.1050000000,12.41218300000,787.00,5957.00,0.910000,2014,"Transit"
"Kepler-268 c","Kepler-268",291.9761559,38.0550327,851.87000000,3.38000000,0.3910000000,83.44639300000,471.00,6081.00,1.274000,2014,"Transit"
"Kepler-321 c","Kepler-321",294.4536991,44.1457626,384.54200000,2.32000000,0.1100000000,13.09392100000,752.00,5740.00,1.194000,2014,"Transit"
"Kepler-349 b","Kepler-349",293.6764689,44.6155972,940.72400000,1.90000000,0.0650000000,5.92977800000,972.00,5956.00,0.927000,2014,"Transit"
"Kepler-108 b","Kepler-108",294.5589885,46.0623952,338.73200000,8.65000000,0.2920000000,49.18392100000,669.00,5854.00,2.192000,2014,"Transit"
"Kepler-264 b","Kepler-264",292.0446280,37.3761861,942.17300000,3.33000000,0.2490000000,40.80623100000,772.00,6158.00,1.550000,2014,"Transit"
"Kepler-279 b","Kepler-279",287.3912950,42.1948220,1037.40000000,3.62000000,0.1120000000,12.30968100000,1104.00,6363.00,1.746000,2014,"Transit"
"Kepler-286 c","Kepler-286",290.6761874,48.2942362,1226.85000000,1.37000000,0.0420000000,3.46809500000,1098.00,5580.00,0.863000,2014,"Transit"
"Kepler-171 c","Kepler-171",296.7719082,41.7555958,863.85500000,2.56000000,0.0980000000,11.46346200000,752.00,5642.00,0.839000,2014,"Transit"
"Kepler-238 b","Kepler-238",287.8971066,40.6378141,1798.75000000,1.73000000,0.0340000000,2.09087600000,1642.00,5751.00,1.430000,2014,"Transit"
"Kepler-329 c","Kepler-329",299.2681646,45.2272852,439.71900000,1.93000000,0.1130000000,18.68473700000,402.00,4257.00,0.523000,2014,"Transit"
"Kepler-345 c","Kepler-345",295.2288521,45.9710432,260.00000000,1.20000000,0.0770000000,9.38742700000,575.00,4504.00,0.623000,2014,"Transit"
"Kepler-263 b","Kepler-263",292.4698022,37.5677941,754.74700000,2.67000000,0.1200000000,16.56808700000,548.00,5265.00,0.785000,2014,"Transit"
"Kepler-268 b","Kepler-268",291.9761559,38.0550327,851.87000000,2.55000000,0.1800000000,25.93413800000,695.00,6081.00,1.274000,2014,"Transit"
"Kepler-287 b","Kepler-287",290.9274282,48.4434588,835.86000000,2.33000000,0.1450000000,20.34219900000,667.00,5806.00,1.032000,2014,"Transit"
"Kepler-290 b","Kepler-290",286.4100307,42.6815137,694.62700000,2.25000000,0.1100000000,14.58934700000,594.00,5147.00,0.743000,2014,"Transit"
"TOI-4409 b","TOI-4409",81.8186583,-54.9460980,179.41900000,7.44000000,,92.49178900000,305.05,4928.00,0.720000,2026,"Transit"
"Kepler-148 b","Kepler-148",289.7861626,46.8588176,791.16300000,1.80000000,0.0280000000,1.72936600000,1284.00,5272.00,0.851000,2014,"Transit"
"HD 13908 c","HD 13908",34.5609102,65.5941901,79.55150000,12.80000000,2.0300000000,931.00000000000,273.57,6255.00,1.670000,2013,"Radial Velocity"
"HD 159243 b","HD 159243",263.3395365,5.7008254,73.30550000,13.70000000,0.1100000000,12.62000000000,942.13,6123.00,1.120000,2013,"Radial Velocity"
"Kepler-292 d","Kepler-292",295.7661979,42.4242822,1056.48000000,2.23000000,0.0680000000,7.05567900000,808.00,5299.00,0.826000,2014,"Transit"
"Kepler-297 c","Kepler-297",283.2091605,48.7776156,692.14000000,6.54000000,0.3360000000,74.92013700000,409.00,5619.00,0.915000,2014,"Transit"
"Kepler-150 e","Kepler-150",288.2341025,40.5208970,891.09200000,3.12000000,0.1890000000,30.82655700000,544.00,5560.00,0.939000,2014,"Transit"
"Kepler-178 c","Kepler-178",287.1010275,46.8964033,716.02500000,2.88000000,0.1420000000,20.55280200000,656.00,5676.00,1.066000,2014,"Transit"
"HD 73526 c","HD 73526",129.3183310,-41.3184231,97.23960000,13.30000000,1.0300000000,379.10000000000,329.17,5601.00,1.530000,2005,"Radial Velocity"
"HD 106906 b","HD 106906",184.4713308,-55.9755805,103.02900000,12.40000000,650.0000000000,,1800.00,6516.00,2.123510,2013,"Imaging"
"Kepler-267 b","Kepler-267",299.8305655,47.1575741,264.99300000,1.98000000,0.0370000000,3.35372800000,615.00,4258.00,0.555000,2014,"Transit"
"Kepler-273 b","Kepler-273",291.3021458,47.6976573,713.96400000,1.50000000,0.0370000000,2.93653200000,1209.00,5626.00,0.815000,2014,"Transit"
"Kepler-306 b","Kepler-306",288.5387145,40.6160545,775.67900000,1.52000000,0.0500000000,4.64618600000,830.00,4954.00,0.719000,2014,"Transit"
"Kepler-309 c","Kepler-309",297.5098911,46.9614121,544.56800000,2.51000000,0.4010000000,105.35638300000,204.00,4713.00,0.721000,2014,"Transit"
"Kepler-207 c","Kepler-207",290.0305195,42.1660555,875.51900000,1.50000000,0.0440000000,3.07157100000,1556.00,5920.00,1.588000,2014,"Transit"
"Kepler-224 b","Kepler-224",290.9342679,47.3575414,782.08800000,1.39000000,0.0380000000,3.13292400000,937.00,5018.00,0.676000,2014,"Transit"
"Kepler-265 c","Kepler-265",290.5104788,41.2447430,1280.25000000,2.63000000,0.1270000000,17.02893700000,755.00,5835.00,1.103000,2014,"Transit"
"Kepler-269 b","Kepler-269",290.2151459,41.7759810,2257.32000000,2.47000000,0.0610000000,5.32671800000,1007.00,5847.00,0.959000,2014,"Transit"
"Kepler-119 c","Kepler-119",295.9463854,42.6588324,701.99600000,0.92000000,0.0490000000,4.12510300000,1016.00,5595.00,0.839000,2014,"Transit"
"Kepler-130 b","Kepler-130",288.4505905,40.2452006,316.66300000,1.02000000,0.0790000000,8.45745800000,982.00,5884.00,1.127000,2014,"Transit"
"Kepler-235 e","Kepler-235",286.0790779,39.2782370,428.01800000,2.22000000,0.2130000000,46.18366900000,306.00,4255.00,0.554000,2014,"Transit"
"Kepler-228 b","Kepler-228",296.2860853,48.2246328,1644.61000000,1.53000000,0.0380000000,2.56654600000,1360.00,6043.00,1.014000,2014,"Transit"
"Kepler-305 b","Kepler-305",299.2242557,40.3431670,868.47700000,3.60000000,0.0574600000,5.48700000000,836.00,5080.00,0.800000,2013,"Transit"
"Kepler-277 c","Kepler-277",286.5831894,39.0772582,976.64300000,3.36000000,0.2178100000,33.00600000000,778.00,5946.00,1.690000,2013,"Transit"
"Kepler-301 b","Kepler-301",283.9829040,49.2329512,719.16600000,1.35000000,0.0360000000,2.50855300000,1278.00,5815.00,0.900000,2014,"Transit"
"Kepler-300 c","Kepler-300",295.2886934,48.5997243,1098.45000000,2.25000000,0.2320000000,40.71495500000,516.00,5986.00,0.900000,2014,"Transit"
"Kepler-133 b","Kepler-133",297.2778906,48.3203542,653.60000000,1.76000000,0.0830000000,8.12997600000,1041.00,5736.00,1.425000,2014,"Transit"
"Kepler-152 c","Kepler-152",286.8653826,41.9889571,441.09000000,2.39000000,0.3560000000,88.25505500000,326.00,5088.00,0.724000,2014,"Transit"
"TIC 46432937 b","TIC 46432937",83.8689794,-14.5971909,90.53690000,13.31626907,0.0206500000,1.44044527000,872.00,3572.00,0.529900,2024,"Transit"
"Kepler-138 e","Kepler-138",290.3814122,43.2930645,66.86240000,0.79700000,0.1803000000,38.23000000000,292.00,3841.00,0.535000,2022,"Transit Timing Variations"
"Kepler-299 c","Kepler-299",283.2070156,48.5805222,1052.24000000,2.65000000,0.0700000000,6.88587500000,946.00,5617.00,1.032000,2014,"Transit"
"Kepler-298 b","Kepler-298",283.0398448,48.8253303,518.20400000,1.96000000,0.0800000000,10.47546400000,540.00,4465.00,0.582000,2014,"Transit"
"Kepler-157 b","Kepler-157",291.0972257,38.8756049,773.71300000,1.32000000,0.0280000000,1.73234200000,1546.00,5774.00,1.044000,2014,"Transit"
"Kepler-162 b","Kepler-162",297.2789115,43.7239693,855.64100000,1.26000000,0.0690000000,6.91979800000,961.00,5816.00,0.958000,2014,"Transit"
"Kepler-249 d","Kepler-249",296.9853002,43.6586043,190.40100000,1.57000000,0.0970000000,15.36845900000,332.00,3568.00,0.482000,2014,"Transit"
"Kepler-254 d","Kepler-254",288.1646541,45.8164257,1389.48000000,2.50000000,0.1390000000,18.74647700000,686.00,5957.00,0.910000,2014,"Transit"
"Kepler-114 c","Kepler-114",294.1214820,48.3497977,259.53300000,1.60000000,0.0648200000,8.04100000000,507.00,4660.00,0.540000,2013,"Transit"
"Kepler-145 b","Kepler-145",291.3877397,44.5290465,566.85000000,2.65000000,0.1730800000,22.95100000000,873.00,6022.00,1.850000,2013,"Transit"
"Kepler-295 b","Kepler-295",285.3458383,45.3677754,1699.19000000,1.22000000,0.0990000000,12.64516400000,741.00,5603.00,0.898000,2014,"Transit"
"Kepler-288 c","Kepler-288",288.9163997,39.5947523,1194.15000000,2.85000000,0.1400000000,19.30577200000,815.00,5918.00,1.091000,2014,"Transit"
"Kepler-286 d","Kepler-286",290.6761874,48.2942362,1226.85000000,1.33000000,0.0610000000,5.91432300000,919.00,5580.00,0.863000,2014,"Transit"
"Kepler-312 c","Kepler-312",298.3957687,42.4597712,797.72000000,3.15000000,0.1530000000,19.74741200000,754.00,6115.00,1.467000,2014,"Transit"
"Kepler-287 c","Kepler-287",290.9274282,48.4434588,835.86000000,3.26000000,0.2460000000,44.85189600000,513.00,5806.00,1.032000,2014,"Transit"
"Kepler-285 b","Kepler-285",291.3908469,48.0655392,824.31000000,1.34000000,0.0360000000,2.63386700000,1131.00,5411.00,0.808000,2014,"Transit"
"Kepler-178 d","Kepler-178",287.1010275,46.8964033,716.02500000,3.95000000,0.3970000000,96.67898800000,392.00,5676.00,1.066000,2014,"Transit"
"Kepler-183 b","Kepler-183",293.5308112,39.3159329,1050.64000000,2.06000000,0.0640000000,5.68794500000,1088.00,5888.00,0.958000,2014,"Transit"
"Kepler-315 b","Kepler-315",298.0230967,43.3634761,1160.63000000,3.77000000,0.4020000000,96.10114100000,409.00,5796.00,1.037000,2014,"Transit"
"Kepler-316 c","Kepler-316",290.8258350,44.1838993,384.93800000,1.16000000,0.0580000000,6.82776600000,577.00,4204.00,0.520000,2014,"Transit"
"Kepler-284 b","Kepler-284",293.1465698,47.7297053,1031.95000000,2.24000000,0.1040000000,12.69914900000,686.00,5615.00,0.814000,2014,"Transit"
"Kepler-281 c","Kepler-281",294.1081465,44.7706524,1745.45000000,5.31000000,0.2150000000,36.33737300000,513.00,5723.00,0.899000,2014,"Transit"
"Kepler-85 d","Kepler-85",290.9734395,45.2902761,765.02500000,1.20000000,0.1300000000,17.91323000000,626.00,5436.00,0.893000,2014,"Transit"
"Kepler-353 b","Kepler-353",296.8565596,41.7580749,384.69400000,0.89000000,0.0510000000,5.79527800000,534.00,3903.00,0.504000,2014,"Transit"
"Kepler-372 c","Kepler-372",291.2562253,49.2589288,1493.95000000,2.09000000,0.1540000000,20.05376300000,755.00,6509.00,1.137000,2014,"Transit"
"Kepler-374 c","Kepler-374",294.1378921,42.3704075,1265.61000000,1.10000000,0.0420000000,3.28280700000,1467.00,5977.00,0.911000,2014,"Transit"
"Kepler-151 c","Kepler-151",292.1627933,41.0231947,649.91900000,2.09000000,0.1600000000,24.67461200000,544.00,5460.00,0.830000,2014,"Transit"
"Kepler-386 c","Kepler-386",289.8589165,48.6938077,882.46200000,1.58000000,0.1550000000,25.19345800000,513.00,5178.00,0.767000,2014,"Transit"
"Kepler-213 c","Kepler-213",290.8241931,44.6472832,634.93900000,2.34000000,0.0570000000,4.82296200000,1060.00,5696.00,1.195000,2014,"Transit"
"Kepler-211 b","Kepler-211",285.4391183,43.1685051,309.35300000,1.26000000,0.0480000000,4.13857500000,954.00,5123.00,0.816000,2014,"Transit"
"Kepler-355 b","Kepler-355",285.7994917,42.8117427,1432.17000000,1.46000000,0.1020000000,11.03189000000,840.00,6184.00,1.066000,2014,"Transit"
"Kepler-356 b","Kepler-356",292.4210998,37.6827919,707.55900000,1.57000000,0.0570000000,4.61269600000,1294.00,6133.00,1.335000,2014,"Transit"
"Kepler-355 c","Kepler-355",285.7994917,42.8117427,1432.17000000,2.71000000,0.1790000000,25.76229400000,633.00,6184.00,1.066000,2014,"Transit"
"Kepler-356 c","Kepler-356",292.4210998,37.6827919,707.55900000,1.81000000,0.1150000000,13.12163200000,913.00,6133.00,1.335000,2014,"Transit"
"Kepler-387 b","Kepler-387",287.7982699,45.6567655,801.05200000,1.03000000,0.0680000000,6.79163600000,994.00,5774.00,1.046000,2014,"Transit"
"Kepler-388 b","Kepler-388",284.8280577,44.6086451,425.00000000,0.81000000,0.0360000000,3.17331500000,830.00,4498.00,0.586000,2014,"Transit"
"Kepler-404 b","Kepler-404",286.3985796,45.3435241,812.52400000,1.27000000,0.1020000000,11.82985100000,730.00,5654.00,0.884000,2014,"Transit"
"Kepler-221 d","Kepler-221",296.6547477,46.8352242,385.23100000,2.73000000,0.0870000000,10.04156000000,712.00,5243.00,0.821000,2014,"Transit"
"Kepler-357 b","Kepler-357",291.2429746,44.0086337,688.57300000,1.84000000,0.0630000000,6.47543400000,793.00,5036.00,0.834000,2014,"Transit"
"Kepler-358 b","Kepler-358",293.2302333,48.2813901,1101.10000000,2.72000000,0.2100000000,34.06046700000,554.00,5908.00,0.954000,2014,"Transit"
"Kepler-376 c","Kepler-376",291.6071451,38.4103192,923.06700000,1.79000000,0.1150000000,14.17232700000,873.00,5900.00,1.175000,2014,"Transit"
"Kepler-378 b","Kepler-378",294.9489697,46.4388673,152.09400000,0.75000000,0.1120000000,16.09236100000,503.00,4661.00,0.671000,2014,"Transit"
"Kepler-389 b","Kepler-389",291.9600082,44.9000587,816.55900000,1.51000000,0.0410000000,3.24410700000,1047.00,5376.00,0.792000,2014,"Transit"
"Kepler-118 b","Kepler-118",299.2131881,41.4248195,574.22800000,1.96000000,0.0730000000,7.51849600000,784.00,5274.00,1.094000,2014,"Transit"
"Kepler-359 b","Kepler-359",293.2936129,42.1963497,1443.21000000,3.53000000,0.1780000000,25.56322200000,671.00,6248.00,1.086000,2014,"Transit"
"Kepler-363 c","Kepler-363",283.1920779,41.3054172,762.59600000,1.69000000,0.0790000000,7.54242700000,1054.00,5593.00,1.485000,2014,"Transit"
"Kepler-379 c","Kepler-379",295.7010981,38.9458209,731.27400000,2.29000000,0.3260000000,62.78469700000,530.00,6054.00,1.306000,2014,"Transit"
"Kepler-112 c","Kepler-112",296.9811361,43.2097025,513.20600000,2.40000000,0.1720000000,28.57426300000,538.00,5544.00,0.841000,2014,"Transit"
"Kepler-163 b","Kepler-163",295.0027458,46.9873389,689.81400000,1.05000000,0.0780000000,7.81093700000,906.00,5776.00,0.917000,2014,"Transit"
"Kepler-390 b","Kepler-390",291.6288086,41.2088351,435.27700000,0.82000000,0.0650000000,6.73808800000,786.00,5166.00,0.776000,2014,"Transit"
"Kepler-52 d","Kepler-52",286.7380152,49.9757383,321.54200000,1.95000000,0.1820000000,36.44517100000,332.00,4263.00,0.556000,2014,"Transit"
"Kepler-231 b","Kepler-231",293.9733913,50.5318460,316.61800000,1.73000000,0.0740000000,10.06527500000,488.00,3767.00,0.490000,2014,"Transit"
"Kepler-357 d","Kepler-357",291.2429746,44.0086337,688.57300000,3.43000000,0.2460000000,49.49987500000,402.00,5036.00,0.834000,2014,"Transit"
"Kepler-358 c","Kepler-358",293.2302333,48.2813901,1101.10000000,2.85000000,0.3810000000,83.48836900000,411.00,5908.00,0.954000,2014,"Transit"
"Kepler-139 b","Kepler-139",282.3919451,43.8894167,391.03800000,2.94000000,0.1270000000,15.77104400000,752.00,5594.00,1.300000,2014,"Transit"
"Kepler-172 d","Kepler-172",283.3684093,41.8218390,828.59200000,2.25000000,0.1180000000,14.62711900000,736.00,5526.00,1.085000,2014,"Transit"
"Kepler-237 b","Kepler-237",283.2213438,40.4217620,657.82200000,1.41000000,0.0500000000,4.71510600000,823.00,4861.00,0.725000,2014,"Transit"
"Kepler-235 c","Kepler-235",286.0790779,39.2782370,428.01800000,1.28000000,0.0650000000,7.82490400000,555.00,4255.00,0.554000,2014,"Transit"
"Kepler-363 b","Kepler-363",283.1920779,41.3054172,762.59600000,1.16000000,0.0480000000,3.61456800000,1347.00,5593.00,1.485000,2014,"Transit"
"Kepler-272 b","Kepler-272",299.1275257,47.5938319,889.60800000,1.43000000,0.0380000000,2.97135300000,1200.00,5297.00,0.929000,2014,"Transit"
"Kepler-353 c","Kepler-353",296.8565596,41.7580749,384.69400000,1.38000000,0.0650000000,8.41089400000,472.00,3903.00,0.504000,2014,"Transit"
"Kepler-359 c","Kepler-359",293.2936129,42.1963497,1443.21000000,4.30000000,0.3070000000,57.68802000000,512.00,6248.00,1.086000,2014,"Transit"
"Kepler-173 b","Kepler-173",294.6466171,41.8840952,833.16500000,1.29000000,0.0480000000,4.26374200000,1179.00,6031.00,0.949000,2014,"Transit"
"Kepler-175 c","Kepler-175",289.5532320,43.8761160,1312.34000000,3.10000000,0.2130000000,34.03525700000,583.00,6064.00,1.010000,2014,"Transit"
"Kepler-141 c","Kepler-141",297.9707271,47.7316041,301.18300000,1.41000000,0.0670000000,7.01060600000,738.00,4910.00,0.787000,2014,"Transit"
"Kepler-239 c","Kepler-239",294.2020505,40.6633313,648.10900000,2.51000000,0.2680000000,56.22809800000,366.00,4914.00,0.763000,2014,"Transit"
"Kepler-367 c","Kepler-367",297.2925580,49.9817499,188.02700000,1.20000000,0.2530000000,53.57863700000,357.00,4710.00,0.695000,2014,"Transit"
"Kepler-143 c","Kepler-143",298.0676519,49.4125410,809.46700000,3.37000000,0.1810000000,27.08251100000,703.00,5848.00,1.359000,2014,"Transit"
"Kepler-360 b","Kepler-360",286.2847077,44.7815817,876.04400000,1.65000000,0.0440000000,3.28967200000,1116.00,6053.00,1.058000,2014,"Transit"
"Kepler-49 e","Kepler-49",292.2945208,40.5918123,311.22200000,1.56000000,0.1160000000,18.59610800000,371.00,4252.00,0.559000,2014,"Transit"
"Kepler-140 b","Kepler-140",287.3694056,46.7681473,583.85900000,1.61000000,0.0450000000,3.25427000000,1301.00,6077.00,1.288000,2014,"Transit"
"Kepler-392 b","Kepler-392",288.6608260,43.3681938,681.42800000,1.00000000,0.0590000000,5.34185300000,1125.00,5938.00,1.129000,2014,"Transit"
"Kepler-122 b","Kepler-122",291.1118647,39.9490248,1027.45000000,2.34000000,0.0640000000,5.76619300000,1159.00,6050.00,1.216000,2014,"Transit"
"Kepler-243 c","Kepler-243",285.1104819,42.0339619,693.86000000,1.99000000,0.1420000000,20.02621800000,559.00,5228.00,0.842000,2014,"Transit"
"Kepler-374 d","Kepler-374",294.1378921,42.3704075,1265.61000000,1.31000000,0.0560000000,5.02821900000,1272.00,5977.00,0.911000,2014,"Transit"
"Kepler-375 b","Kepler-375",288.6178715,48.0983639,1238.81000000,1.45000000,0.1010000000,12.12593400000,851.00,5826.00,0.837000,2014,"Transit"
"Kepler-116 c","Kepler-116",294.7420605,43.5367842,955.16800000,2.30000000,0.1160000000,13.07163000000,964.00,6142.00,1.454000,2014,"Transit"
"Kepler-280 c","Kepler-280",291.3905325,42.1804735,780.36100000,2.01000000,0.0560000000,4.80709100000,1088.00,5744.00,0.886000,2014,"Transit"
"TOI-3053 b","TOI-3053",148.5732223,-64.2969041,337.62700000,13.56286665,0.0390000000,2.99199870000,1290.00,5378.00,0.970000,2026,"Transit"
"Kepler-133 c","Kepler-133",297.2778906,48.3203542,653.60000000,2.84000000,0.2040000000,31.51758600000,663.00,5736.00,1.425000,2014,"Transit"
"Kepler-246 c","Kepler-246",296.4834007,42.6633806,626.07800000,1.50000000,0.0950000000,11.18716100000,667.00,5206.00,0.831000,2014,"Transit"
"Kepler-251 e","Kepler-251",296.5662171,44.1058077,924.62500000,2.77000000,0.4040000000,99.64016100000,360.00,5526.00,0.890000,2014,"Transit"
"Kepler-326 c","Kepler-326",294.3255898,46.0022646,487.67500000,1.40000000,0.0510000000,4.58035800000,889.00,5105.00,0.801000,2014,"Transit"
"K2-24 b","K2-24",242.5734559,-24.9906029,170.56200000,5.63800000,0.1673000000,20.88959610000,732.00,5726.00,1.185000,2016,"Transit"
"Kepler-281 b","Kepler-281",294.1081465,44.7706524,1745.45000000,2.82000000,0.1170000000,14.64600800000,694.00,5723.00,0.899000,2014,"Transit"
"Kepler-288 b","Kepler-288",288.9163997,39.5947523,1194.15000000,1.67000000,0.0650000000,6.09732600000,1197.00,5918.00,1.091000,2014,"Transit"
"Kepler-393 b","Kepler-393",290.9952050,45.1921880,881.40400000,1.29000000,0.0910000000,9.18241700000,1052.00,6189.00,1.382000,2014,"Transit"
"Kepler-394 b","Kepler-394",296.3019792,50.6723115,1058.72000000,1.60000000,0.0830000000,8.00501300000,1035.00,6402.00,1.132000,2014,"Transit"
"Kepler-26 e","Kepler-26",284.9410627,46.5664505,335.30700000,2.41000000,0.2200000000,46.82791500000,276.00,4486.00,0.571000,2014,"Transit"
"Kepler-255 b","Kepler-255",296.0642702,45.9767647,1052.53000000,1.55000000,0.0630000000,5.71460600000,971.00,5573.00,0.933000,2014,"Transit"
"Kepler-344 b","Kepler-344",292.4996101,46.3243406,1002.94000000,2.61000000,0.1530000000,21.96394500000,643.00,5774.00,0.976000,2014,"Transit"
"Kepler-342 b","Kepler-342",292.6780488,46.7266813,781.61100000,2.25000000,0.1280000000,15.17031800000,905.00,6175.00,1.472000,2014,"Transit"
"Kepler-291 c","Kepler-291",287.9163029,42.4372666,1786.48000000,1.88000000,0.0650000000,5.70078600000,1035.00,6002.00,1.016000,2014,"Transit"
"Kepler-293 c","Kepler-293",286.3580611,42.4064917,974.63300000,3.83000000,0.2860000000,54.15574300000,466.00,5804.00,0.957000,2014,"Transit"
"Kepler-189 b","Kepler-189",287.5646296,44.3050662,591.53400000,1.21000000,0.0880000000,10.39993100000,678.00,5235.00,0.750000,2014,"Transit"
"Kepler-191 c","Kepler-191",291.1833211,45.3230937,594.46400000,1.86000000,0.1280000000,17.73850600000,596.00,5282.00,0.789000,2014,"Transit"
"Kepler-258 c","Kepler-258",294.0684116,46.5791357,575.98800000,3.61000000,0.1930000000,33.65307900000,470.00,4942.00,0.915000,2014,"Transit"
"Kepler-337 c","Kepler-337",290.0605123,47.1639533,677.97500000,2.05000000,0.0930000000,9.69320100000,1017.00,5684.00,1.761000,2014,"Transit"
"Kepler-298 c","Kepler-298",283.0398448,48.8253303,518.20400000,1.93000000,0.1360000000,22.92881000000,416.00,4465.00,0.582000,2014,"Transit"
"Kepler-300 b","Kepler-300",295.2886934,48.5997243,1098.45000000,1.67000000,0.0940000000,10.44634700000,812.00,5986.00,0.900000,2014,"Transit"
"Kepler-137 b","Kepler-137",282.1355875,43.0391951,302.97900000,1.47000000,0.0770000000,8.43638700000,742.00,5187.00,0.802000,2014,"Transit"
"Kepler-261 c","Kepler-261",291.3647333,37.6092390,317.49900000,2.00000000,0.1560000000,24.57085800000,505.00,5098.00,0.794000,2014,"Transit"
"Kepler-265 b","Kepler-265",290.5104788,41.2447430,1280.25000000,1.86000000,0.0690000000,6.84626200000,1022.00,5835.00,1.103000,2014,"Transit"
"Kepler-339 b","Kepler-339",293.3517010,48.4445922,616.63700000,1.42000000,0.0550000000,4.97765600000,1023.00,5631.00,0.802000,2014,"Transit"
"Kepler-325 b","Kepler-325",289.8354219,49.8256070,823.24200000,2.91000000,0.0530000000,4.54443900000,1017.00,5752.00,1.003000,2014,"Transit"
"Kepler-126 b","Kepler-126",289.3473634,44.2084445,237.40100000,1.52000000,0.0990000000,10.49571100000,1009.00,6239.00,1.358000,2014,"Transit"
"Kepler-380 b","Kepler-380",282.3947017,48.7591334,813.71300000,1.19000000,0.0500000000,3.93082100000,1317.00,6045.00,1.224000,2014,"Transit"
"Kepler-397 c","Kepler-397",295.8940373,42.3805156,969.00000000,6.18000000,0.4800000000,135.49852700000,295.00,5307.00,0.767000,2014,"Transit"
"Kepler-411 b","Kepler-411",287.6057027,49.5233937,153.67600000,2.40100000,0.0375000000,3.00515600000,1138.00,4974.00,0.820000,2013,"Transit"
"TOI-2095 c","TOI-2095",285.6365235,75.4185135,41.91760000,1.33000000,0.1370000000,28.17232000000,297.00,3759.00,0.440000,2023,"Transit"
"Kepler-416 d","Kepler-416",291.5569554,39.2272923,690.81900000,1.61000000,0.0407000000,3.07644709000,1253.00,5670.00,1.022000,2023,"Transit"
"TOI-4504 b","TOI-4504",114.4673065,-62.0782776,342.60500000,2.65000000,0.0338000000,2.42615160000,1345.00,5315.00,0.930000,2024,"Transit"
"Kepler-46 c","Kepler-46",289.2687388,42.6041819,777.06000000,13.50000000,0.2799000000,57.01100000000,455.00,5155.00,0.938000,2012,"Transit Timing Variations"
"Kepler-188 b","Kepler-188",281.2797173,44.3154743,968.54400000,1.68000000,0.0320000000,2.06189700000,1463.00,6021.00,1.141000,2014,"Transit"
"Kepler-362 c","Kepler-362",291.7716030,47.5299192,1090.51000000,1.45000000,0.2070000000,37.86628100000,543.00,5788.00,0.722000,2014,"Transit"
"Kepler-136 c","Kepler-136",296.4673039,42.5987984,420.81800000,1.99000000,0.1330000000,16.39923500000,847.00,6165.00,1.355000,2014,"Transit"
"Kepler-381 c","Kepler-381",285.1828685,43.8310283,267.32300000,1.12000000,0.1170000000,13.39163500000,1180.00,6152.00,1.568000,2014,"Transit"
"Kepler-398 b","Kepler-398",291.4688524,40.3437001,177.35500000,0.93000000,0.0440000000,4.08142300000,755.00,4493.00,0.613000,2014,"Transit"
"Kepler-136 b","Kepler-136",296.4673039,42.5987984,420.81800000,2.05000000,0.1060000000,11.57890000000,951.00,6165.00,1.355000,2014,"Transit"
"Kepler-272 d","Kepler-272",299.1275257,47.5938319,889.60800000,2.25000000,0.0910000000,10.93730400000,777.00,5297.00,0.929000,2014,"Transit"
"Kepler-206 d","Kepler-206",291.6346564,41.8338415,594.44700000,1.19000000,0.1630000000,23.44281000000,681.00,5764.00,1.185000,2014,"Transit"
"Kepler-141 b","Kepler-141",297.9707271,47.7316041,301.18300000,0.69000000,0.0390000000,3.10767500000,968.00,4910.00,0.787000,2014,"Transit"
"Kepler-399 d","Kepler-399",299.5017242,40.6707669,740.53700000,1.89000000,0.2610000000,58.03461600000,486.00,5502.00,0.680000,2014,"Transit"
"Kepler-400 b","Kepler-400",290.9444679,40.4800528,845.97000000,1.65000000,0.0870000000,9.02438900000,939.00,5886.00,1.145000,2014,"Transit"
"Kepler-366 b","Kepler-366",296.8520316,49.0844359,1856.28000000,1.46000000,0.0450000000,3.28195900000,1326.00,6209.00,1.048000,2014,"Transit"
"Kepler-367 b","Kepler-367",297.2925580,49.9817499,188.02700000,1.30000000,0.2010000000,37.81572400000,401.00,4710.00,0.695000,2014,"Transit"
"Kepler-135 b","Kepler-135",290.4950939,38.7954956,621.85500000,1.81000000,0.0670000000,6.00253000000,1209.00,6090.00,1.275000,2014,"Transit"
"Kepler-383 b","Kepler-383",291.3426078,38.3631616,470.00000000,1.32000000,0.0950000000,12.90453200000,545.00,4710.00,0.672000,2014,"Transit"
"Kepler-401 b","Kepler-401",290.0827494,50.8634361,965.56000000,1.71000000,0.1220000000,14.38303500000,889.00,6117.00,1.333000,2014,"Transit"
"Kepler-402 c","Kepler-402",288.3701976,43.3546109,625.33900000,1.56000000,0.0680000000,6.12482100000,1140.00,6090.00,1.264000,2014,"Transit"
"Kepler-351 b","Kepler-351",286.4527949,42.6577891,1083.91000000,3.06000000,0.2140000000,37.05491900000,498.00,5643.00,0.854000,2014,"Transit"
"Kepler-350 b","Kepler-350",285.4195845,39.7061009,956.85900000,1.85000000,0.1040000000,11.18956200000,1037.00,6186.00,1.534000,2014,"Transit"
"Kepler-369 c","Kepler-369",293.6743322,47.9084727,214.00000000,1.41000000,0.0940000000,14.87157200000,391.00,3591.00,0.471000,2014,"Transit"
"Kepler-371 b","Kepler-371",292.3264835,38.6575441,813.19200000,1.89000000,0.2000000000,34.76327800000,554.00,5666.00,0.992000,2014,"Transit"
"Kepler-147 b","Kepler-147",287.9757213,39.0871680,1042.02000000,1.53000000,0.1130000000,12.61058400000,953.00,6012.00,1.468000,2014,"Transit"
"Kepler-132 d","Kepler-132",283.2358100,41.3430370,349.54900000,1.55000000,0.1360000000,18.01019900000,758.00,6003.00,1.178000,2014,"Transit"
"Kepler-200 c","Kepler-200",284.4099503,41.2374928,665.91200000,1.59000000,0.0900000000,10.22215700000,806.00,5678.00,0.944000,2014,"Transit"
"Kepler-215 e","Kepler-215",294.9735313,45.2136867,485.99700000,1.75000000,0.3140000000,68.16101000000,405.00,5739.00,1.027000,2014,"Transit"
"Kepler-347 c","Kepler-347",289.1995995,49.3056404,1298.88000000,1.75000000,0.1830000000,27.32087100000,705.00,6088.00,1.005000,2014,"Transit"
"Kepler-202 b","Kepler-202",282.9734874,41.3217991,285.11100000,1.63000000,0.0450000000,4.06942700000,802.00,4668.00,0.667000,2014,"Transit"
"Kepler-84 f","Kepler-84",298.2520208,40.4960842,1023.90000000,2.20000000,0.2500000000,44.55216900000,572.00,6031.00,1.169000,2014,"Transit"
"Kepler-310 b","Kepler-310",288.8392780,46.9867472,602.26800000,1.19000000,0.1110000000,13.93069800000,665.00,5797.00,0.876000,2014,"Transit"
"Kepler-270 c","Kepler-270",282.2001207,44.4222795,948.78100000,1.77000000,0.1800000000,25.26288700000,756.00,6067.00,1.461000,2014,"Transit"
"Kepler-24 d","Kepler-24",290.4132621,38.3437283,1156.81000000,1.67000000,0.0510000000,4.24438400000,1305.00,5897.00,1.289000,2014,"Transit"
"Kepler-217 c","Kepler-217",293.0377331,46.2775223,1104.64000000,1.85000000,0.0890000000,8.58600400000,1208.00,6171.00,1.799000,2014,"Transit"
"Kepler-220 e","Kepler-220",291.5060432,46.8956262,171.10900000,1.33000000,0.2260000000,45.90273300000,341.00,4632.00,0.666000,2014,"Transit"
"Kepler-313 c","Kepler-313",298.2948708,48.7754000,1079.39524871,2.57000000,0.2080000000,32.27327300000,683.00,5727.00,1.536000,2014,"Transit"
"Kepler-311 c","Kepler-311",282.0612731,47.0854984,778.65400000,1.43000000,0.1450000000,19.73828600000,744.00,5905.00,1.188000,2014,"Transit"
"Kepler-282 c","Kepler-282",284.6772402,44.7976401,1337.61000000,1.20000000,0.1060000000,13.63872300000,717.00,5602.00,0.904000,2014,"Transit"
"Kepler-286 e","Kepler-286",290.6761874,48.2942362,1226.85000000,1.77000000,0.1760000000,29.22128900000,539.00,5580.00,0.863000,2014,"Transit"
"Kepler-204 b","Kepler-204",285.3471620,41.7618450,686.72300000,2.53000000,0.1170000000,14.40097400000,828.00,5812.00,1.238000,2014,"Transit"
"Kepler-359 d","Kepler-359",293.2936129,42.1963497,1443.21000000,4.01000000,0.3720000000,77.09569100000,464.00,6248.00,1.086000,2014,"Transit"
"Kepler-314 b","Kepler-314",294.6741507,42.0756037,268.88100000,0.83000000,0.0350000000,2.46106900000,1195.00,5378.00,0.950000,2014,"Transit"
"Kepler-316 b","Kepler-316",290.8258350,44.1838993,384.93800000,1.06000000,0.0270000000,2.24050800000,837.00,4204.00,0.520000,2014,"Transit"
"Kepler-288 d","Kepler-288",288.9163997,39.5947523,1194.15000000,2.67000000,0.2870000000,56.63374200000,570.00,5918.00,1.091000,2014,"Transit"
"Kepler-149 b","Kepler-149",285.8537014,38.3840916,571.03400000,4.21000000,0.1840000000,29.19894300000,540.00,5381.00,0.953000,2014,"Transit"
"Kepler-372 b","Kepler-372",291.2562253,49.2589288,1493.95000000,1.36000000,0.0750000000,6.84969200000,1081.00,6509.00,1.137000,2014,"Transit"
"Kepler-205 b","Kepler-205",285.2866912,41.8609357,159.72000000,1.51000000,0.0320000000,2.75564000000,757.00,4321.00,0.546000,2014,"Transit"
"Kepler-361 b","Kepler-361",296.8034146,46.7411011,930.32000000,1.45000000,0.0860000000,8.48661600000,1060.00,6169.00,1.343000,2014,"Transit"
"Kepler-317 c","Kepler-317",294.9438822,39.0320499,940.58400000,1.72000000,0.0830000000,8.77501000000,837.00,5497.00,0.941000,2014,"Transit"
"Kepler-319 d","Kepler-319",288.8119782,39.7706431,503.43600000,2.29000000,0.1910000000,31.78192500000,528.00,5526.00,0.903000,2014,"Transit"
"Kepler-295 d","Kepler-295",285.3458383,45.3677754,1699.19000000,1.36000000,0.1920000000,33.88405400000,533.00,5603.00,0.898000,2014,"Transit"
"Kepler-308 c","Kepler-308",295.7852423,40.4395753,1335.92000000,2.16000000,0.1230000000,15.38231000000,714.00,5895.00,0.941000,2014,"Transit"
"Kepler-234 b","Kepler-234",291.6535379,38.4946597,1733.10000000,3.70000000,0.0400000000,2.71150600000,1420.00,6224.00,1.113000,2014,"Transit"
"Kepler-378 c","Kepler-378",294.9489697,46.4388673,152.09400000,0.70000000,0.1660000000,28.90600900000,414.00,4661.00,0.671000,2014,"Transit"
"Kepler-321 b","Kepler-321",294.4536991,44.1457626,384.54200000,1.77000000,0.0570000000,4.91537900000,1042.00,5740.00,1.194000,2014,"Transit"
"Kepler-322 b","Kepler-322",281.3487514,44.2952525,400.48000000,1.01000000,0.0270000000,1.65388800000,1373.00,5388.00,0.890000,2014,"Transit"
"Kepler-397 b","Kepler-397",295.8940373,42.3805156,969.00000000,2.46000000,0.1440000000,22.25094900000,539.00,5307.00,0.767000,2014,"Transit"
"Kepler-198 b","Kepler-198",290.6731326,38.6910045,495.35800000,2.82000000,0.1310000000,17.79003700000,655.00,5574.00,0.940000,2014,"Transit"
"Kepler-386 b","Kepler-386",289.8589165,48.6938077,882.46200000,1.39000000,0.0960000000,12.31043000000,651.00,5178.00,0.767000,2014,"Transit"
"Kepler-206 c","Kepler-206",291.6346564,41.8338415,594.44700000,1.77000000,0.1110000000,13.13747100000,825.00,5764.00,1.185000,2014,"Transit"
"Kepler-173 c","Kepler-173",294.6466171,41.8840952,833.16500000,2.43000000,0.0740000000,8.00577700000,956.00,6031.00,0.949000,2014,"Transit"
"Kepler-250 b","Kepler-250",289.5947633,44.1418114,760.58500000,1.13000000,0.0480000000,4.14814100000,938.00,5160.00,0.805000,2014,"Transit"
"Kepler-325 c","Kepler-325",289.8354219,49.8256070,823.24200000,2.54000000,0.1050000000,12.76217200000,721.00,5752.00,1.003000,2014,"Transit"
"Kepler-157 c","Kepler-157",291.0972257,38.8756049,773.71300000,2.24000000,0.1100000000,13.54050000000,779.00,5774.00,1.044000,2014,"Transit"
"Kepler-392 c","Kepler-392",288.6608260,43.3681938,681.42800000,1.10000000,0.0930000000,10.42311800000,901.00,5938.00,1.129000,2014,"Transit"
"Kepler-365 c","Kepler-365",295.6265640,49.1304110,1038.99000000,1.64000000,0.1370000000,17.78412900000,729.00,6012.00,1.048000,2014,"Transit"
"Kepler-243 b","Kepler-243",285.1104819,42.0339619,693.86000000,2.45000000,0.0620000000,5.71544200000,850.00,5228.00,0.842000,2014,"Transit"
"Kepler-402 e","Kepler-402",288.3701976,43.3546109,625.33900000,1.46000000,0.1020000000,11.24286100000,931.00,6090.00,1.264000,2014,"Transit"
"Kepler-402 d","Kepler-402",288.3701976,43.3546109,625.33900000,1.38000000,0.0870000000,8.92109900000,1006.00,6090.00,1.264000,2014,"Transit"
"Kepler-147 c","Kepler-147",287.9757213,39.0871680,1042.02000000,2.43000000,0.2160000000,33.41642300000,689.00,6012.00,1.468000,2014,"Transit"
"Kepler-183 c","Kepler-183",293.5308112,39.3159329,1050.64000000,2.27000000,0.1030000000,11.63707100000,857.00,5888.00,0.958000,2014,"Transit"
"Kepler-244 b","Kepler-244",287.2426410,42.3014185,1036.49000000,2.76000000,0.0500000000,4.31179200000,1038.00,5554.00,0.803000,2014,"Transit"
"Kepler-209 b","Kepler-209",291.1694567,42.6407281,576.94600000,2.26000000,0.1220000000,16.08784500000,668.00,5513.00,0.935000,2014,"Transit"
"Kepler-127 b","Kepler-127",285.1899439,46.0280596,352.79400000,1.40000000,0.1250000000,14.43588900000,884.00,6106.00,1.359000,2014,"Transit"
"Kepler-403 c","Kepler-403",289.9214256,46.7445267,840.26900000,1.75000000,0.2970000000,54.28074900000,604.00,6090.00,1.329000,2014,"Transit"
"Kepler-376 b","Kepler-376",291.6071451,38.4103192,923.06700000,1.07000000,0.0570000000,4.92019900000,1242.00,5900.00,1.175000,2014,"Transit"
"Kepler-331 c","Kepler-331",291.8343455,39.3073462,580.11900000,1.84000000,0.1050000000,17.28111000000,425.00,4347.00,0.492000,2014,"Transit"
"Kepler-256 e","Kepler-256",292.5804200,46.0973588,1026.43000000,2.35000000,0.0960000000,10.68157200000,897.00,5551.00,1.301000,2014,"Transit"
"Kepler-209 c","Kepler-209",291.1694567,42.6407281,576.94600000,3.10000000,0.2310000000,41.74988200000,486.00,5513.00,0.935000,2014,"Transit"
"Kepler-229 d","Kepler-229",286.9994758,48.3757867,826.26500000,3.85000000,0.2200000000,41.19491200000,439.00,5120.00,0.728000,2014,"Transit"
"Kepler-237 c","Kepler-237",283.2213438,40.4217620,657.82200000,2.08000000,0.0710000000,8.10363600000,687.00,4861.00,0.725000,2014,"Transit"
"Kepler-383 c","Kepler-383",291.3426078,38.3631616,470.00000000,1.24000000,0.1720000000,31.20075100000,406.00,4710.00,0.672000,2014,"Transit"
"Kepler-333 c","Kepler-333",292.2861201,40.9135429,324.41300000,1.11000000,0.1350000000,24.08821000000,386.00,4259.00,0.534000,2014,"Transit"
"Kepler-334 d","Kepler-334",287.1406177,47.1151153,426.59000000,1.41000000,0.1680000000,25.09849000000,656.00,5828.00,1.068000,2014,"Transit"
"Kepler-156 c","Kepler-156",290.2964214,37.7494271,443.48300000,2.55000000,0.1170000000,15.90680100000,588.00,5094.00,0.807000,2014,"Transit"
"Kepler-405 c","Kepler-405",291.4094615,38.3400107,1065.08000000,4.66000000,0.1880000000,29.72668200000,557.00,5818.00,0.893000,2014,"Transit"
"Kepler-274 c","Kepler-274",292.9227926,38.4772173,1333.62000000,1.84000000,0.2040000000,33.19786100000,678.00,6023.00,1.007000,2014,"Transit"
"Kepler-315 c","Kepler-315",298.0230967,43.3634761,1160.63000000,4.15000000,0.7910000000,265.46933500000,291.00,5796.00,1.037000,2014,"Transit"
"Kepler-387 c","Kepler-387",287.7982699,45.6567655,801.05200000,0.89000000,0.0980000000,11.83754900000,826.00,5774.00,1.046000,2014,"Transit"
"Kepler-388 c","Kepler-388",284.8280577,44.6086451,425.00000000,0.86000000,0.0930000000,13.29700400000,515.00,4498.00,0.586000,2014,"Transit"
"Kepler-337 b","Kepler-337",290.0605123,47.1639533,677.97500000,1.54000000,0.0450000000,3.29278100000,1458.00,5684.00,1.761000,2014,"Transit"
"Kepler-134 c","Kepler-134",284.7391156,49.5984448,334.79700000,1.26000000,0.0920000000,10.10578500000,892.00,5983.00,1.176000,2014,"Transit"
"Kepler-140 c","Kepler-140",287.3694056,46.7681473,583.85900000,1.80000000,0.4140000000,91.35328200000,428.00,6077.00,1.288000,2014,"Transit"
"Kepler-159 b","Kepler-159",297.0702037,40.8687340,373.74400000,2.38000000,0.0820000000,10.13962300000,447.00,4625.00,0.663000,2014,"Transit"
"Kepler-320 c","Kepler-320",293.2135155,46.1751457,826.61300000,1.37000000,0.1420000000,17.93493700000,1002.00,6435.00,1.108000,2014,"Transit"
"Kepler-292 c","Kepler-292",295.7661979,42.4242822,1056.48000000,1.47000000,0.0450000000,3.71533500000,1001.00,5299.00,0.826000,2014,"Transit"
"Kepler-82 b","Kepler-82",292.8733696,42.9661583,904.32600000,4.07000000,0.1683000000,26.44000000000,562.00,5401.00,0.898000,2012,"Transit"
"Kepler-122 c","Kepler-122",291.1118647,39.9490248,1027.45000000,5.87000000,0.1080000000,12.46598800000,897.00,6050.00,1.216000,2014,"Transit"
"Kepler-149 c","Kepler-149",285.8537014,38.3840916,571.03400000,1.61000000,0.2810000000,55.32832800000,436.00,5381.00,0.953000,2014,"Transit"
"Kepler-164 b","Kepler-164",287.7808115,47.6298453,890.75800000,1.41000000,0.0580000000,5.03503000000,1141.00,5888.00,1.148000,2014,"Transit"
"Kepler-320 b","Kepler-320",293.2135155,46.1751457,826.61300000,1.14000000,0.0850000000,8.37155400000,1292.00,6435.00,1.108000,2014,"Transit"
"Kepler-338 e","Kepler-338",282.9790593,40.7844188,552.79800000,1.56000000,0.0897900000,9.34100000000,1143.00,5999.00,1.735000,2014,"Transit"
"Kepler-395 b","Kepler-395",293.5111889,45.1366252,421.38200000,1.03000000,0.0610000000,7.05434600000,576.00,4262.00,0.556000,2014,"Transit"
"Kepler-341 d","Kepler-341",289.8615609,43.4727412,1047.03000000,1.85000000,0.1820000000,27.66631300000,622.00,6012.00,1.024000,2014,"Transit"
"Kepler-341 e","Kepler-341",289.8615609,43.4727412,1047.03000000,1.99000000,0.2420000000,42.47326900000,539.00,6012.00,1.024000,2014,"Transit"
"Kepler-169 b","Kepler-169",285.9999204,40.9193822,406.52900000,1.13000000,0.0400000000,3.25061900000,962.00,4997.00,0.763000,2014,"Transit"
"Kepler-169 f","Kepler-169",285.9999204,40.9193822,406.52900000,2.58000000,0.3590000000,87.09019500000,321.00,4997.00,0.763000,2014,"Transit"
"Kepler-332 c","Kepler-332",286.6627811,47.4136938,344.19000000,1.09000000,0.1140000000,15.99562200000,550.00,4955.00,0.720000,2014,"Transit"
"Kepler-143 b","Kepler-143",298.0676519,49.4125410,809.46700000,2.41000000,0.1270000000,16.00758300000,838.00,5848.00,1.359000,2014,"Transit"
"Kepler-299 b","Kepler-299",283.2070156,48.5805222,1052.24000000,1.32000000,0.0400000000,2.92712800000,1258.00,5617.00,1.032000,2014,"Transit"
"Kepler-301 c","Kepler-301",283.9829040,49.2329512,719.16600000,1.35000000,0.0600000000,5.41902600000,989.00,5815.00,0.900000,2014,"Transit"
"Kepler-342 d","Kepler-342",292.6780488,46.7266813,781.61100000,2.49000000,0.2420000000,39.45935700000,658.00,6175.00,1.472000,2014,"Transit"
"Kepler-233 c","Kepler-233",296.3665054,51.3194548,856.41700000,2.71000000,0.2870000000,60.41895500000,390.00,5360.00,0.758000,2014,"Transit"
"Kepler-171 d","Kepler-171",296.7719082,41.7555958,863.85500000,1.89000000,0.2230000000,39.59551900000,497.00,5642.00,0.839000,2014,"Transit"
"HD 60779 b","HD 60779",114.0047579,-3.1512910,35.44450000,3.24600000,0.1922000000,29.98617500000,650.00,6081.00,1.129000,2026,"Transit"
"Kepler-335 c","Kepler-335",296.0642944,45.4285986,1278.97000000,3.07000000,0.3560000000,67.84446900000,592.00,5877.00,1.854000,2014,"Transit"
"Kepler-332 d","Kepler-332",286.6627811,47.4136938,344.19000000,1.18000000,0.1890000000,34.21154000000,427.00,4955.00,0.720000,2014,"Transit"
"Kepler-262 b","Kepler-262",290.7287168,37.2526575,613.12900000,1.36000000,0.1080000000,13.06085500000,734.00,5841.00,0.881000,2014,"Transit"
"Kepler-263 c","Kepler-263",292.4698022,37.5677941,754.74700000,2.47000000,0.2420000000,47.33277300000,386.00,5265.00,0.785000,2014,"Transit"
"Kepler-191 b","Kepler-191",291.1833211,45.3230937,594.46400000,1.34000000,0.0870000000,9.93963200000,722.00,5282.00,0.789000,2014,"Transit"
"Kepler-197 e","Kepler-197",295.2264739,50.5592348,330.57500000,0.91000000,0.1640000000,25.20971500000,691.00,6004.00,1.120000,2014,"Transit"
"Kepler-200 b","Kepler-200",284.4099503,41.2374928,665.91200000,2.13000000,0.0800000000,8.59480500000,854.00,5678.00,0.944000,2014,"Transit"
"Kepler-201 b","Kepler-201",293.6260590,41.2728004,636.44500000,2.46000000,0.1750000000,25.67208300000,683.00,6065.00,1.229000,2014,"Transit"
"Kepler-84 e","Kepler-84",298.2520208,40.4960842,1023.90000000,2.60000000,0.1810000000,27.43438900000,672.00,6031.00,1.169000,2014,"Transit"
"Kepler-265 e","Kepler-265",290.5104788,41.2447430,1280.25000000,2.59000000,0.3190000000,67.83102400000,476.00,5835.00,1.103000,2014,"Transit"
"Kepler-24 e","Kepler-24",290.4132621,38.3437283,1156.81000000,2.78000000,0.1380000000,18.99835500000,792.00,5897.00,1.289000,2014,"Transit"
"Kepler-441 b","Kepler-441",284.5669540,49.0127077,268.00300000,1.64000000,0.6400000000,207.24820000000,189.00,4340.00,0.550000,2015,"Transit"
"Kepler-253 c","Kepler-253",291.8419337,44.8581240,838.59500000,2.65000000,0.0890000000,10.28195100000,680.00,5208.00,0.786000,2014,"Transit"
"Kepler-214 c","Kepler-214",284.7548499,44.9560500,1208.44000000,2.13000000,0.1940000000,28.77980000000,619.00,6169.00,1.352000,2014,"Transit"
"Kepler-170 c","Kepler-170",284.5211975,41.6296562,738.65700000,2.86000000,0.1310000000,16.66586300000,702.00,5679.00,1.035000,2014,"Transit"
"Kepler-205 c","Kepler-205",285.2866912,41.8609357,159.72000000,1.64000000,0.1220000000,20.30654600000,389.00,4321.00,0.546000,2014,"Transit"
"CoRoT-22 b","CoRoT-22",280.6671392,6.2191669,627.15800000,4.88000000,0.0920000000,9.75598000000,885.00,5939.00,1.136000,2014,"Transit"
"Kepler-437 b","Kepler-437",297.3473326,44.0269249,304.00000000,2.14000000,0.2880000000,66.65062000000,308.00,4551.00,0.680000,2015,"Transit"
"Kepler-192 b","Kepler-192",287.9179379,45.5928829,651.67400000,2.74000000,0.0900000000,9.92674600000,803.00,5479.00,1.007000,2014,"Transit"
"Kepler-254 b","Kepler-254",288.1646541,45.8164257,1389.48000000,3.87000000,0.0640000000,5.82666200000,1013.00,5957.00,0.910000,2014,"Transit"
"Kepler-196 c","Kepler-196",284.9685077,42.0791214,451.31200000,2.24000000,0.2400000000,47.42773700000,407.00,5128.00,0.782000,2014,"Transit"
"Kepler-101 b","Kepler-101",283.2555070,48.3552474,927.98100000,5.77000000,0.0474000000,3.48768120000,1513.00,5667.00,1.560000,2014,"Transit"
"Kepler-439 b","Kepler-439",280.8015188,44.0339733,757.04800000,2.24000000,0.5630000000,178.13960000000,291.00,5431.00,0.866000,2015,"Transit"
"Kepler-256 c","Kepler-256",292.5804200,46.0973588,1026.43000000,2.15000000,0.0450000000,3.38802000000,1315.00,5551.00,1.301000,2014,"Transit"
"Kepler-216 c","Kepler-216",293.7280695,46.1291139,1187.47000000,3.04000000,0.1360000000,17.40666900000,814.00,6091.00,1.260000,2014,"Transit"
"Kepler-184 c","Kepler-184",291.9518784,43.0746172,610.32600000,1.97000000,0.1410000000,20.30300500000,630.00,5788.00,0.873000,2014,"Transit"
"KIC 10001893 d","KIC 10001893",287.3892308,46.9844491,1672.94000000,,,0.81161000000,,27500.00,0.180000,2014,"Orbital Brightness Modulation"
"KIC 10001893 b","KIC 10001893",287.3892308,46.9844491,1672.94000000,,,0.21970000000,,27500.00,0.180000,2014,"Orbital Brightness Modulation"
"HD 113538 c","HD 113538",196.2339330,-52.4463502,16.28170000,13.80000000,2.4400000000,1818.00000000000,100.28,4462.00,0.530000,2010,"Radial Velocity"
"HD 30669 b","HD 30669",72.1198522,-28.4190757,58.08440000,14.30000000,2.6900000000,1684.00000000000,151.45,5400.00,0.910000,2014,"Radial Velocity"
"Kepler-217 b","Kepler-217",293.0377331,46.2775223,1104.64000000,2.23000000,0.0650000000,5.37494300000,1413.00,6171.00,1.799000,2014,"Transit"
"Kepler-83 d","Kepler-83",282.2325197,43.6655662,400.40900000,1.94000000,0.0510000000,5.16979600000,569.00,4648.00,0.594000,2014,"Transit"
"Kepler-253 d","Kepler-253",291.8419337,44.8581240,838.59500000,3.17000000,0.1300000000,18.11986900000,563.00,5208.00,0.786000,2014,"Transit"
"Kepler-424 c","Kepler-424",298.6249797,48.5774500,698.64600000,12.70000000,0.7300000000,223.30000000000,298.76,5460.00,0.940000,2014,"Radial Velocity"
"Kepler-422 b","Kepler-422",282.6296334,46.3232807,722.79500000,12.89000000,0.0820000000,7.89144830000,1028.00,5972.00,1.240000,2014,"Transit"
"Kepler-445 c","Kepler-445",298.7363395,46.4991236,127.20100000,2.51000000,0.0301000000,4.87122900000,341.00,3157.00,0.210000,2015,"Transit"
"Kepler-446 b","Kepler-446",282.2501047,44.9210020,96.33900000,1.50000000,0.0182000000,1.56540900000,648.00,3359.00,0.240000,2015,"Transit"
"Kepler-259 b","Kepler-259",288.2119707,46.6150461,1002.14000000,2.80000000,0.0790000000,8.11531700000,879.00,5938.00,0.898000,2014,"Transit"
"Kepler-193 b","Kepler-193",296.4985951,46.5772484,1009.10000000,2.39000000,0.1060000000,11.38848000000,979.00,6335.00,1.147000,2014,"Transit"
"Kepler-215 b","Kepler-215",294.9735313,45.2136867,485.99700000,1.62000000,0.0840000000,9.36067200000,784.00,5739.00,1.027000,2014,"Transit"
"Kepler-192 c","Kepler-192",287.9179379,45.5928829,651.67400000,2.79000000,0.1500000000,21.22340000000,623.00,5479.00,1.007000,2014,"Transit"
"Kepler-426 b","Kepler-426",289.4346668,49.4734550,843.69500000,12.22000000,0.0414000000,3.21751883000,1300.00,5725.00,0.920000,2014,"Transit"
"Kepler-424 b","Kepler-424",298.6249797,48.5774500,698.64600000,9.98000000,0.0440000000,3.31186440000,1116.00,5460.00,0.940000,2014,"Transit"
"Kepler-427 b","Kepler-427",288.2545808,43.7048379,1017.80000000,13.79000000,0.0910000000,10.29099400000,1100.00,5800.00,1.350000,2014,"Transit"
"HD 103720 b","HD 103720",179.1713308,-2.7791393,45.53520000,14.10000000,0.0498000000,4.55570000000,926.24,5017.00,0.730000,2014,"Radial Velocity"
"Kepler-434 b","Kepler-434",293.5863887,42.9288624,1222.54000000,12.67000000,0.1143000000,12.87470990000,1000.00,5977.00,1.380000,2015,"Transit"
"Kepler-221 c","Kepler-221",296.6547477,46.8352242,385.23100000,2.93000000,0.0590000000,5.69058600000,860.00,5243.00,0.821000,2014,"Transit"
"Kepler-222 b","Kepler-222",287.9060885,46.9377479,758.85400000,3.16000000,0.0480000000,3.93698100000,1004.00,5433.00,0.869000,2014,"Transit"
"Kepler-94 c","Kepler-94",281.1947316,47.4972606,191.90400000,12.50000000,1.5968066210,820.30000000000,159.05,4781.00,0.760000,2014,"Radial Velocity"
"Kepler-48 e","Kepler-48",299.1393094,40.9489390,306.73800000,13.40000000,1.8982747480,982.00000000000,171.49,5194.00,0.890000,2014,"Radial Velocity"
"Kepler-428 b","Kepler-428",290.5817432,40.5773106,686.28400000,12.11000000,0.0433000000,3.52563254000,1070.00,5150.00,0.800000,2014,"Transit"
"Kepler-425 b","Kepler-425",290.3579781,40.5676965,646.64700000,10.96200000,0.0464000000,3.79701816000,1070.00,5170.00,0.860000,2014,"Transit"
"Kepler-224 c","Kepler-224",290.9342679,47.3575414,782.08800000,3.12000000,0.0580000000,5.92500300000,758.00,5018.00,0.676000,2014,"Transit"
"Kepler-407 c","Kepler-407",286.0363025,49.6145027,338.36800000,12.30000000,3.2709036900,3000.00000000000,146.73,5476.00,1.010000,2014,"Radial Velocity"
"Kepler-106 c","Kepler-106",300.8640060,44.3375497,444.32200000,2.50000000,0.1098700000,13.57080000000,785.00,5858.00,1.040000,2014,"Transit"
"TYC 1422-614-1 b","TYC 1422-614-1",154.2777769,19.5584068,672.41000000,13.30000000,0.6900000000,198.40000000000,730.19,4806.00,6.850000,2014,"Radial Velocity"
"TYC 1422-614-1 c","TYC 1422-614-1",154.2777769,19.5584068,672.41000000,12.50000000,1.3700000000,559.30000000000,518.21,4806.00,6.850000,2014,"Radial Velocity"
"Kepler-445 b","Kepler-445",298.7363395,46.4991236,127.20100000,1.58000000,0.0217000000,2.98415100000,401.00,3157.00,0.210000,2015,"Transit"
"Kepler-446 d","Kepler-446",282.2501047,44.9210020,96.33900000,1.35000000,0.0403000000,5.14892100000,436.00,3359.00,0.240000,2015,"Transit"
"Kepler-164 c","Kepler-164",287.7808115,47.6298453,890.75800000,2.73000000,0.0970000000,10.94572300000,881.00,5888.00,1.148000,2014,"Transit"
"Kepler-165 b","Kepler-165",280.6909200,47.8096702,560.88500000,2.32000000,0.0720000000,8.18084800000,716.00,5211.00,0.770000,2014,"Transit"
"OGLE-2005-BLG-071L b","OGLE-2005-BLG-071L",267.5407080,-34.6731944,3200.00000000,13.00000000,3.6000000000,,55.00,,,2005,"Microlensing"
"OGLE-2008-BLG-092L b","OGLE-2008-BLG-092L",267.5407080,-34.6731944,8100.00000000,8.74000000,15.0000000000,,,,,2014,"Microlensing"
"Kepler-246 b","Kepler-246",296.4834007,42.6633806,626.07800000,2.34000000,0.0520000000,4.60182000000,896.00,5206.00,0.831000,2014,"Transit"
"Kepler-226 c","Kepler-226",292.3760942,47.8809596,980.13800000,2.27000000,0.0580000000,5.34955500000,919.00,5571.00,0.802000,2014,"Transit"
"Kepler-227 b","Kepler-227",291.9342748,48.1416760,1083.06000000,3.11000000,0.0900000000,9.48801500000,793.00,5854.00,1.091000,2014,"Transit"
"Kepler-113 b","Kepler-113",287.9978721,50.9441847,262.35100000,1.82000000,0.0512300000,4.75400000000,775.00,4725.00,0.690000,2014,"Transit"
"Kepler-48 d","Kepler-48",299.1393094,40.9489390,306.73800000,2.04000000,0.2330200000,42.89610000000,448.00,5194.00,0.890000,2014,"Transit"
"Qatar-2 b","Qatar-2",207.6554928,-6.8040714,181.37400000,14.05600000,0.0215300000,1.33711647000,1344.00,4645.00,0.776000,2011,"Transit"
"Kepler-117 c","Kepler-117",288.7930651,48.0401760,1455.57000000,12.34100000,0.2804000000,50.79039100000,704.00,6150.00,1.606000,2014,"Transit"
"Kepler-161 b","Kepler-161",290.5164698,43.0838642,434.63200000,2.12000000,0.0540000000,4.92135500000,868.00,5078.00,0.806000,2014,"Transit"
"Kepler-153 b","Kepler-153",282.4605020,48.2570293,459.36800000,2.92000000,0.1290000000,18.87022700000,621.00,5404.00,0.892000,2014,"Transit"
"Kepler-229 c","Kepler-229",286.9994758,48.3757867,826.26500000,4.92000000,0.1170000000,16.06863800000,600.00,5120.00,0.728000,2014,"Transit"
"Kepler-100 d","Kepler-100",291.3861294,41.9901394,304.64500000,1.61000000,0.2174700000,35.33310000000,670.00,5825.00,1.490000,2014,"Transit"
"Kepler-98 b","Kepler-98",285.6616933,37.9645672,350.31500000,1.99000000,0.0261400000,1.54168000000,1592.00,5539.00,1.110000,2014,"Transit"
"Kepler-117 b","Kepler-117",288.7930651,48.0401760,1455.57000000,8.05900000,0.1445000000,18.79592280000,984.00,6150.00,1.606000,2014,"Transit"
"Kepler-430 b","Kepler-430",292.8085984,49.5794242,917.47700000,3.25000000,0.2244000000,35.96800000000,667.00,5884.00,1.485000,2015,"Transit"
"Kepler-230 b","Kepler-230",285.7185682,48.5058038,740.75400000,4.26000000,0.1910000000,32.62555500000,506.00,5588.00,0.817000,2014,"Transit"
"Kepler-166 b","Kepler-166",293.1600977,48.8812074,603.53000000,2.27000000,0.0720000000,7.65025400000,772.00,5413.00,0.742000,2014,"Transit"
"Kepler-131 b","Kepler-131",288.5308924,40.9423730,228.67800000,2.41000000,0.1278900000,16.09200000000,718.00,5685.00,1.030000,2014,"Transit"
"Kepler-406 b","Kepler-406",291.8481764,44.9682807,364.03000000,1.43000000,0.0359900000,2.42629000000,1302.00,5538.00,1.070000,2014,"Transit"
"Kepler-249 c","Kepler-249",296.9853002,43.6586043,190.40100000,1.51000000,0.0580000000,7.11370200000,429.00,3568.00,0.482000,2014,"Transit"
"Kepler-162 c","Kepler-162",297.2789115,43.7239693,855.64100000,3.03000000,0.1370000000,19.44635500000,681.00,5816.00,0.958000,2014,"Transit"
"Kepler-180 c","Kepler-180",295.5712566,49.7745140,695.65000000,3.01000000,0.2290000000,41.88577500000,540.00,5731.00,1.063000,2014,"Transit"
"Kepler-182 c","Kepler-182",289.8301128,50.5862025,1549.09000000,3.43000000,0.1570000000,20.68434200000,729.00,6250.00,1.146000,2014,"Transit"
"HD 10180 c","HD 10180",24.4731133,-60.5114881,38.96070000,,0.0641200000,5.75969000000,1185.40,5911.00,1.109000,2010,"Radial Velocity"
"Kepler-82 c","Kepler-82",292.8733696,42.9661583,904.32600000,5.34000000,0.2626000000,51.54000000000,450.00,5401.00,0.898000,2012,"Transit"
"Kepler-174 b","Kepler-174",287.4389454,43.8320052,384.75700000,1.96000000,0.1000000000,13.98179000000,553.00,4880.00,0.622000,2014,"Transit"
"Kepler-176 c","Kepler-176",294.6679021,43.8532104,527.32100000,2.60000000,0.1020000000,12.75971200000,633.00,5232.00,0.891000,2014,"Transit"
"Kepler-96 b","Kepler-96",297.0698263,40.5252039,122.88100000,2.67000000,0.1261000000,16.23850000000,711.00,5690.00,1.020000,2014,"Transit"
"Kepler-48 b","Kepler-48",299.1393094,40.9489390,306.73800000,1.88000000,0.0539400000,4.77800000000,932.00,5194.00,0.890000,2012,"Transit"
"HD 10180 d","HD 10180",24.4731133,-60.5114881,38.96070000,,0.1285900000,16.35700000000,837.06,5911.00,1.109000,2010,"Radial Velocity"
"HD 10180 e","HD 10180",24.4731133,-60.5114881,38.96070000,5.39000000,0.2699000000,49.74800000000,577.77,5911.00,1.109000,2010,"Radial Velocity"
"Kepler-55 d","Kepler-55",285.1683291,44.0264898,578.79600000,1.59000000,0.0290000000,2.21109900000,931.00,4503.00,0.619000,2014,"Transit"
"Kepler-187 c","Kepler-187",299.7964955,44.0892448,1143.00000000,2.67000000,0.0990000000,10.64026300000,963.00,6105.00,1.287000,2014,"Transit"
"Kepler-233 b","Kepler-233",296.3665054,51.3194548,856.41700000,2.43000000,0.0770000000,8.47238200000,751.00,5360.00,0.758000,2014,"Transit"
"Kepler-234 c","Kepler-234",291.6535379,38.4946597,1733.10000000,3.51000000,0.0770000000,7.21205000000,1025.00,6224.00,1.113000,2014,"Transit"
"MOA-2011-BLG-322L b","MOA-2011-BLG-322L",271.2233330,-27.2209444,7560.00000000,12.40000000,4.3000000000,,,,,2013,"Microlensing"
"CoRoT-24 b","CoRoT-24",101.9225430,-3.7192892,591.55500000,3.70000000,0.0560000000,5.11340000000,1070.00,4950.00,0.860000,2014,"Transit"
"HD 10180 h","HD 10180",24.4731133,-60.5114881,38.96070000,9.40000000,3.3810000000,2205.00000000000,163.24,5911.00,1.109000,2010,"Radial Velocity"
"Kepler-440 b","Kepler-440",285.3500664,41.4523695,301.03000000,1.86000000,0.2420000000,101.11141000000,229.00,4134.00,0.559000,2015,"Transit"
"Kepler-251 c","Kepler-251",296.5662171,44.1058077,924.62500000,2.77000000,0.1220000000,16.51404300000,655.00,5526.00,0.890000,2014,"Transit"
"Kepler-146 c","Kepler-146",294.1107631,38.7102222,716.79700000,3.13000000,0.3640000000,76.73217100000,473.00,5948.00,1.208000,2014,"Transit"
"Kepler-150 d","Kepler-150",288.2341025,40.5208970,891.09200000,2.79000000,0.1040000000,12.56093000000,734.00,5560.00,0.939000,2014,"Transit"
"OGLE-2008-BLG-355L b","OGLE-2008-BLG-355L",269.7867080,-30.7594722,6800.00000000,12.90000000,1.7000000000,,,,,2014,"Microlensing"
"CoRoT-24 c","CoRoT-24",101.9225430,-3.7192892,591.55500000,5.00000000,0.0980000000,11.75900000000,850.00,4950.00,0.860000,2014,"Transit"
"Kepler-186 f","Kepler-186",298.6527360,43.9549884,177.59400000,1.17000000,0.4320000000,129.94410000000,177.00,3755.00,0.523000,2014,"Transit"
"Kepler-252 c","Kepler-252",295.5793290,44.5459052,379.42400000,2.15000000,0.0800000000,10.84846300000,499.00,4208.00,0.549000,2014,"Transit"
"Kepler-213 b","Kepler-213",290.8241931,44.6472832,634.93900000,1.62000000,0.0360000000,2.46236000000,1326.00,5696.00,1.195000,2014,"Transit"
"Kepler-159 c","Kepler-159",297.0702037,40.8687340,373.74400000,3.41000000,0.2180000000,43.59579200000,275.00,4625.00,0.663000,2014,"Transit"
"Kepler-202 c","Kepler-202",282.9734874,41.3217991,285.11100000,1.85000000,0.1130000000,16.28249300000,505.00,4668.00,0.667000,2014,"Transit"
"HD 35759 b","HD 35759",82.8886636,64.3183753,71.24230000,13.00000000,0.3890000000,82.46700000000,621.56,6060.00,1.759974,2016,"Radial Velocity"
"Kepler-477 b","Kepler-477",288.0674450,42.3553050,367.00000000,2.07000000,0.0911000000,11.11990653000,649.00,5240.00,0.790000,2016,"Transit"
"HD 67087 c","HD 67087",121.9155672,31.5511553,76.52170000,12.90000000,3.8600000000,2374.00000000000,193.42,6330.00,1.550000,2015,"Radial Velocity"
"Kepler-6 b","Kepler-6",296.8372475,48.2399695,587.03900000,14.61653600,0.0485200000,3.23469960000,1460.00,5647.00,1.391000,2009,"Transit"
"HD 220842 b","HD 220842",351.6534162,56.8871415,64.64980000,13.10000000,0.7400000000,218.47000000000,397.62,5960.00,1.416470,2016,"Radial Velocity"
"HIP 65407 c","HIP 65407",201.0876630,48.8847322,61.78040000,13.90000000,0.3160000000,67.30000000000,457.04,5460.00,0.952252,2016,"Radial Velocity"
"Kepler-505 b","Kepler-505",287.8579530,42.5426758,283.41000000,2.60000000,0.1445000000,27.52197994000,314.00,3931.00,0.530000,2016,"Transit"
"CoRoT-29 b","CoRoT-29",278.9020691,6.4795703,806.50700000,10.08810000,0.0386000000,2.85057000000,1224.75,5260.00,0.900000,2015,"Transit"
"tau Boo b","tau Boo",206.8134593,17.4571647,15.65210000,12.80000000,0.0490000000,3.31245680000,1682.02,6466.27,1.425880,1996,"Radial Velocity"
"Kepler-412 b","Kepler-412",286.1103053,43.6809612,1086.24000000,15.03126900,0.0289700000,1.72086040000,1850.00,5750.00,1.287000,2014,"Transit"
"HD 141399 b","HD 141399",236.7235392,46.9862880,37.01690000,14.30000000,0.4150000000,94.44000000000,493.71,5600.00,1.387236,2014,"Radial Velocity"
"HD 141399 c","HD 141399",236.7235392,46.9862880,37.01690000,13.60000000,0.6890000000,201.99000000000,383.17,5600.00,1.387236,2014,"Radial Velocity"
"Kepler-754 b","Kepler-754",293.2541121,37.8461519,1770.27000000,2.01000000,0.1160000000,14.55962370000,758.00,5935.00,1.080000,2016,"Transit"
"Kepler-753 b","Kepler-753",291.9032411,37.9023677,274.76700000,1.91000000,0.0540000000,5.74772501200,641.00,4346.00,0.650000,2016,"Transit"
"HAT-P-54 b","HAT-P-54",99.8979924,25.4824005,143.65100000,10.58129600,0.0411700000,3.79984700000,818.00,4390.00,0.617000,2015,"Transit"
"TrES-5 b","TrES-5",305.2219454,59.4489033,360.31300000,13.38354600,0.0245900000,1.48224686000,1480.00,5171.00,0.868000,2011,"Transit"
"KOI-13 b","KOI-13",286.9713876,46.8682463,519.09600000,16.94800800,0.0364100000,1.76358800000,2550.00,7650.00,1.740000,2011,"Transit"
"WASP-42 b","WASP-42",192.9812030,-42.0736165,177.29100000,12.57649800,0.0561000000,4.98168190000,1021.00,5315.00,0.892000,2012,"Transit"
"Kepler-766 b","Kepler-766",293.1845144,37.9698357,2297.62000000,3.39000000,0.0660000000,6.10027804000,990.00,5992.00,1.150000,2016,"Transit"
"Kepler-771 b","Kepler-771",287.4441104,38.0884183,1393.85000000,1.82000000,0.0843000000,8.73485836000,890.00,5906.00,1.050000,2016,"Transit"
"HD 100546 b","HD 100546",173.3555116,-70.1947897,109.67700000,77.34210000,53.0000000000,,94.67,10500.00,1.852880,2014,"Imaging"
"Kepler-432 c","Kepler-432",293.2822344,48.2859173,848.02300000,13.30000000,,406.20000000000,,4995.00,4.060000,2015,"Radial Velocity"
"Kepler-76 b","Kepler-76",294.1921185,39.6189727,822.96000000,15.24424000,0.0274000000,1.54492980000,2140.00,6409.00,1.320000,2013,"Orbital Brightness Modulation"
"OGLE-2003-BLG-235L b","OGLE-2003-BLG-235L",271.3181250,-28.8950000,5800.00000000,13.20000000,4.3000000000,,,,,2004,"Microlensing"
"Kepler-765 b","Kepler-765",283.1846044,47.1557114,1076.28000000,2.43000000,0.1754000000,27.66552260000,641.00,5901.00,1.060000,2016,"Transit"
"Kepler-432 b","Kepler-432",293.2822344,48.2859173,848.02300000,12.83430500,0.3010000000,52.50112900000,812.00,4995.00,4.060000,2015,"Transit"
"Kepler-5 b","Kepler-5",299.4070341,44.0350387,899.77700000,15.98403400,0.0538000000,3.54846570000,1750.00,6297.00,1.793000,2009,"Transit"
"Kepler-7 b","Kepler-7",288.5814928,41.0897335,922.56200000,18.18099800,0.0606700000,4.88548920000,1630.00,5933.00,1.966000,2009,"Transit"
"HIP 74890 b","HIP 74890",229.5714974,-41.4210961,78.65620000,13.30000000,2.1000000000,822.30000000000,387.66,4850.00,5.770000,2016,"Radial Velocity"
"K2-29 b","K2-29",62.6704220,24.4016558,178.47500000,13.33871000,0.0421700000,3.25883210000,1171.00,5358.00,0.860000,2016,"Transit"
"Kepler-767 b","Kepler-767",291.5791562,38.0358066,2251.03000000,6.64000000,0.5874000000,161.52801010000,366.00,5694.00,0.940000,2016,"Transit"
"Kepler-773 b","Kepler-773",290.8846217,38.0575539,547.02600000,1.43000000,0.0468200000,3.74910006100,1160.00,5850.00,1.010000,2016,"Transit"
"Kepler-774 b","Kepler-774",291.0318604,38.2118940,917.80400000,3.17000000,0.1082000000,11.08957230000,1422.00,6403.00,2.420000,2016,"Transit"
"2MASS J02192210-3925225 b","2MASS J02192210-3925225",34.8427046,-39.4230767,40.08964117,16.14096000,156.0000000000,,6.27,3064.00,0.281000,2015,"Imaging"
"HD 7924 d","HD 7924",20.4956562,76.7101475,16.99220000,,0.1551000000,24.45100000000,499.00,5075.00,0.782100,2015,"Radial Velocity"
"WASP-41 c","WASP-41",190.6188034,-30.6398176,163.37100000,13.10000000,1.0700000000,421.00000000000,241.00,5545.00,0.870000,2015,"Radial Velocity"
"HAT-P-50 b","HAT-P-50",118.0634379,12.1393474,515.45800000,14.43719200,0.0453000000,3.12201090000,1862.00,6280.00,1.698000,2015,"Transit"
"HD 133131 A b","HD 133131 A",225.8984524,-27.8431369,51.47360000,13.60000000,1.4400000000,649.00000000000,227.72,5799.00,0.955014,2016,"Radial Velocity"
"HATS-17 b","HATS-17",192.1895676,-47.6136789,400.33100000,8.70939300,0.1308000000,16.25461100000,814.00,5846.00,1.091000,2016,"Transit"
"Kepler-772 b","Kepler-772",291.4235820,38.2165603,1130.21000000,1.82000000,0.1115300000,12.99207337000,866.00,5714.00,1.110000,2016,"Transit"
"Kepler-769 b","Kepler-769",292.7130925,38.3581685,1169.57000000,2.92000000,0.0778000000,7.42608998000,1037.00,6186.00,1.280000,2016,"Transit"
"Kepler-449 c","Kepler-449",293.7327870,41.9006366,241.94900000,2.76400000,0.1979000000,33.67270000000,661.00,5649.18,1.467000,2015,"Transit"
"HD 133131 A c","HD 133131 A",225.8984524,-27.8431369,51.47360000,14.30000000,4.4900000000,3568.00000000000,128.96,5799.00,0.955014,2016,"Radial Velocity"
"WASP-92 b","WASP-92",246.6920395,51.0411328,575.88900000,16.37634900,0.0348000000,2.17467420000,1871.00,6280.00,1.341000,2016,"Transit"
"Kepler-762 b","Kepler-762",291.2756631,47.3295107,1898.26000000,12.68000000,0.0493000000,3.77055209800,1302.00,5944.00,1.080000,2016,"Transit"
"Kepler-781 b","Kepler-781",287.6535874,47.4147762,1064.47000000,2.89000000,0.1019000000,13.21407320000,629.00,5162.00,0.780000,2016,"Transit"
"Kepler-92 d","Kepler-92",289.0860607,41.5630224,477.99200000,2.06700000,0.2868200000,49.35680000000,637.00,5904.34,1.817190,2015,"Transit"
"Kepler-449 b","Kepler-449",293.7327870,41.9006366,241.94900000,2.05600000,0.1027000000,12.58242000000,917.00,5649.18,1.467000,2015,"Transit"
"HD 175607 b","HD 175607",285.2742901,-66.1943379,40.33030000,,,29.01000000000,,5392.00,0.700000,2015,"Radial Velocity"
"HD 1461 c","HD 1461",4.6762645,-8.0536206,23.45340000,2.23000000,0.1117000000,13.50520000000,892.87,5765.00,1.152288,2015,"Radial Velocity"
"WASP-93 b","WASP-93",9.4587443,51.2887780,370.28400000,17.90077300,0.0421100000,2.73253210000,1942.00,6700.00,1.524000,2016,"Transit"
"HD 128311 c","HD 128311",219.0032292,9.7454368,16.32920000,13.00000000,1.7400000000,921.53800000000,158.23,4965.00,0.760000,2005,"Radial Velocity"
"alf Tau b","alf Tau",68.9801740,16.5092010,20.43320000,12.70000000,1.4600000000,628.96000000000,1086.77,4055.00,45.100000,2015,"Radial Velocity"
"Kepler-450 d","Kepler-450",295.4865821,51.0135237,455.98200000,0.83700000,0.0827000000,7.51464000000,1199.00,6197.21,1.641620,2015,"Transit"
"OGLE-2005-BLG-169L b","OGLE-2005-BLG-169L",271.5221670,-30.7326389,4100.00000000,3.84000000,3.5000000000,,,,,2006,"Microlensing"
"WASP-46 b","WASP-46",318.7370122,-55.8718634,375.31000000,13.15936600,0.0233500000,1.43036763000,1636.00,5600.00,0.858000,2011,"Transit"
"HD 60532 b","HD 60532",113.5130656,-22.2958661,25.97160000,13.80000000,0.7700000000,201.90000000000,550.16,6245.00,2.570000,2008,"Radial Velocity"
"HD 60532 c","HD 60532",113.5130656,-22.2958661,25.97160000,13.30000000,1.6000000000,600.10000000000,381.66,6245.00,2.570000,2008,"Radial Velocity"
"OGLE-2013-BLG-0102L b","OGLE-2013-BLG-0102L",268.0295000,-31.6905833,3040.00000000,12.30000000,0.8000000000,,,,,2014,"Microlensing"
"Kepler-41 b","Kepler-41",294.5132465,45.9816453,1093.08000000,14.46000000,0.0310100000,1.85555820000,1790.00,5750.00,1.290000,2011,"Transit"
"HIP 107773 b","HIP 107773",327.5005089,-64.7126993,105.18000000,13.40000000,0.7200000000,144.30000000000,957.11,4945.00,11.600000,2015,"Radial Velocity"
"HATS-8 b","HATS-8",294.9416887,-25.7483655,794.63700000,9.78545700,0.0466700000,3.58389300000,1324.00,5679.00,1.086000,2015,"Transit"
"LkCa 15 b","LkCa 15",69.8241791,22.3508662,158.15200000,,14.7000000000,,66.87,4194.00,1.607110,2015,"Imaging"
"LkCa 15 c","LkCa 15",69.8241791,22.3508662,158.15200000,,18.6000000000,,59.45,4194.00,1.607110,2015,"Imaging"
"Qatar-1 b","Qatar-1",303.3818697,65.1623313,185.61500000,12.81188700,0.0233200000,1.42002420000,1418.00,5013.00,0.803000,2010,"Transit"
"HAT-P-66 b","HAT-P-66",150.5726262,53.9508237,935.45600000,17.82231000,0.0436300000,2.97208600000,1896.00,6002.00,1.881000,2016,"Transit"
"Kepler-75 b","Kepler-75",291.1376203,36.5773443,835.35600000,11.77000000,0.0818000000,8.88491160000,767.00,5200.00,0.890000,2013,"Transit"
"Kepler-453 b","Kepler-453",283.2413322,46.3784691,442.84600000,6.20400000,0.7903000000,240.50300000000,273.62,5527.00,0.833000,2015,"Transit"
"WASP-89 b","WASP-89",313.9000261,-18.9714084,290.94600000,11.65736000,0.0427000000,3.35642270000,1120.00,5130.00,0.880000,2015,"Transit"
"KIC 3558849 b","KIC 3558849",294.9498381,38.6051867,1215.70000000,6.90000000,,1322.30000000000,,6175.00,1.010000,2015,"Transit"
"KIC 8540376 c","KOI-7892",282.3775397,44.6945690,1072.30000000,2.40000000,,75.20000000000,,6474.00,1.260000,2015,"Transit"
"OGLE-2007-BLG-349L AB c","OGLE-2007-BLG-349L A",271.3518070,-26.4219437,2760.00000000,10.70000000,2.5900000000,2557.00000000000,,,,2016,"Microlensing"
"Kepler-56 d","Kepler-56",293.7583002,41.8718070,912.99400000,12.80000000,2.1600000000,1002.00000000000,324.75,4819.44,4.217990,2016,"Radial Velocity"
"Kepler-444 b","Kepler-444",289.7528323,41.6318840,36.43960000,0.40300000,0.0417800000,3.60010530000,938.00,5046.00,0.752000,2015,"Transit"
"K2-6 b","K2-6",178.1921152,-1.1984418,316.81900000,2.50000000,0.1898000000,30.94191000000,615.00,5850.00,0.960000,2015,"Transit"
"HD 42618 b","HD 42618",93.0032173,6.7819742,24.33580000,3.89000000,0.5540000000,149.61000000000,337.00,5727.00,0.999000,2016,"Radial Velocity"
"OGLE-2012-BLG-0950L b","OGLE-2012-BLG-0950L",272.0192570,-29.7315826,2600.00000000,6.56000000,2.6000000000,,,,,2016,"Microlensing"
"Kepler-444 e","Kepler-444",289.7528323,41.6318840,36.43960000,0.54600000,0.0696000000,7.74349300000,727.00,5046.00,0.752000,2015,"Transit"
"K2-15 b","K2-15",178.1105741,4.2546649,493.99200000,2.48000000,0.0910000000,11.81040000000,676.00,5131.00,0.680000,2015,"Transit"
"K2-14 b","K2-14",178.0568745,2.5941222,364.04800000,4.81000000,0.0627000000,8.36802000000,488.00,3789.00,0.450000,2015,"Transit"
"K2-17 b","K2-17",178.3296746,6.4123178,125.10600000,2.23000000,0.1190000000,17.96753000000,487.00,4320.00,0.660000,2015,"Transit"
"K2-9 b","K2-9",176.2637240,0.0054085,82.96310000,2.25000000,0.0910000000,18.44980000000,314.00,3390.00,0.310000,2015,"Transit"
"WASP-36 b","WASP-36",131.5803897,-8.0269855,386.34600000,14.87434300,0.0267700000,1.53736596000,1733.00,5959.00,0.985000,2011,"Transit"
"Kepler-26 b","Kepler-26",284.9410627,46.5664505,335.30700000,2.78000000,0.0855100000,12.28000000000,431.00,3914.00,0.512000,2011,"Transit"
"HATS-13 b","HATS-13",316.9614798,-26.0967205,421.85500000,13.58530800,0.0405700000,3.04404990000,1244.00,5523.00,0.887000,2015,"Transit"
"HATS-14 b","HATS-14",313.2154754,-25.6873756,513.01100000,11.64615100,0.0381500000,2.76676410000,1276.00,5346.00,0.933000,2015,"Transit"
"WASP-90 b","WASP-90",315.5319489,7.0562793,466.43300000,18.27067000,0.0562000000,3.91624300000,1840.00,6430.00,1.980000,2016,"Transit"
"HD 5583 b","HD 5583",14.4869460,34.9853306,219.21600000,12.80000000,0.5300000000,139.35000000000,964.55,4830.00,9.090000,2016,"Radial Velocity"
"Kepler-26 c","Kepler-26",284.9410627,46.5664505,335.30700000,2.72000000,0.1072500000,17.25590000000,385.00,3914.00,0.512000,2011,"Transit"
"Kepler-447 b","Kepler-447",285.2685283,48.5598835,268.04100000,18.49000000,0.0769000000,7.79430132000,882.00,5493.00,1.050000,2015,"Transit"
"OGLE-2011-BLG-0265L b","OGLE-2011-BLG-0265L",269.4488330,-27.3945278,4380.00000000,13.90000000,1.8900000000,,,,,2015,"Microlensing"
"HD 130322 b","HD 130322",221.8857975,-0.2820782,31.87660000,13.70000000,0.0925000000,10.70871000000,720.00,5387.00,0.850000,1999,"Radial Velocity"
"OGLE-2012-BLG-0563L b","OGLE-2012-BLG-0563L",271.4905000,-27.7120000,1300.00000000,13.60000000,0.7400000000,,,,,2015,"Microlensing"
"Kepler-296 d","Kepler-296",286.5400278,49.4372614,167.00000000,2.09000000,0.1180000000,19.85029100000,403.00,3740.00,0.480000,2014,"Transit"
"Pr0211 c","Pr0211",130.5477440,19.2769570,182.71400000,12.60000000,5.5000000000,4850.00000000000,99.10,5300.00,0.827000,2016,"Radial Velocity"
"BD+15 2375 b","BD+15 2375",176.4820239,14.6163182,768.04500000,13.80000000,0.5760000000,153.22000000000,883.68,4649.00,8.950000,2016,"Radial Velocity"
"Kepler-60 d","Kepler-60",288.9612535,42.2650472,1025.10000000,1.99000000,0.1020300000,11.89810000000,929.00,5905.00,1.257000,2012,"Transit"
"HD 1666 b","HD 1666",5.2180424,-19.9314823,117.90800000,12.70000000,0.9400000000,270.00000000000,436.47,6317.00,1.930000,2015,"Radial Velocity"
"HD 67087 b","HD 67087",121.9155672,31.5511553,76.52170000,13.10000000,1.0800000000,352.20000000000,365.67,6330.00,1.550000,2015,"Radial Velocity"
"Kepler-296 e","Kepler-296",286.5400278,49.4372614,167.00000000,1.53000000,0.1690000000,34.14211000000,337.00,3740.00,0.480000,2014,"Transit"
"Kepler-872 b","Kepler-872",295.4174725,43.6056117,879.68300000,1.99000000,0.0362000000,2.57885506800,1230.00,5902.00,1.080000,2016,"Transit"
"Kepler-871 b","Kepler-871",294.5270634,43.3681317,1976.05000000,3.74000000,0.1572000000,22.04590180000,640.00,5993.00,1.140000,2016,"Transit"
"Kepler-603 c","Kepler-603",294.2809679,42.2909295,1539.63000000,6.50000000,0.5343900000,127.90757740000,401.00,5808.00,1.010000,2016,"Transit"
"Kepler-908 b","Kepler-908",295.3225434,39.3764624,290.84300000,1.22000000,0.0252600000,1.34059746800,1783.00,5973.00,1.120000,2016,"Transit"
"Kepler-499 b","Kepler-499",295.1099549,43.9151012,556.72600000,2.17000000,0.0598000000,5.63252845300,844.00,5312.00,0.830000,2016,"Transit"
"Kepler-801 b","Kepler-801",286.0751815,44.6646277,440.42600000,2.00000000,0.0795000000,11.41928253000,419.00,4435.00,0.630000,2016,"Transit"
"Kepler-799 b","Kepler-799",287.1748966,44.8784754,1509.08400000,6.88000000,0.5167000000,133.46052350000,433.00,5681.00,0.930000,2016,"Transit"
"Kepler-870 b","Kepler-870",295.4025625,50.4785992,1259.46000000,2.78000000,0.1539000000,21.35876210000,691.00,5857.00,1.020000,2016,"Transit"
"Kepler-869 b","Kepler-869",289.4245955,50.9941198,939.45500000,3.61000000,0.2244000000,40.42877550000,494.00,5664.00,0.950000,2016,"Transit"
"Kepler-907 b","Kepler-907",285.4764959,41.6326615,352.00000000,1.20000000,0.1225000000,15.86621821000,879.00,6106.00,1.380000,2016,"Transit"
"Kepler-912 b","Kepler-912",298.1111779,41.7583240,2004.72000000,2.80000000,0.0339000000,2.53475627300,1218.00,5998.00,1.110000,2016,"Transit"
"Kepler-797 b","Kepler-797",297.2089078,41.7816450,1315.26000000,2.17000000,0.1810000000,27.07237711000,605.00,5680.00,0.950000,2016,"Transit"
"Kepler-867 b","Kepler-867",287.2852554,51.2499499,1195.54000000,4.64000000,0.5375000000,150.24212700000,327.00,5541.00,0.910000,2016,"Transit"
"Kepler-868 b","Kepler-868",282.3635315,46.6752384,1593.13000000,2.05000000,0.0575000000,5.03251791000,1047.00,5614.00,0.890000,2016,"Transit"
"Kepler-866 b","Kepler-866",290.1222112,43.0854070,646.66700000,1.63000000,0.0331000000,2.61703253600,996.00,4751.00,0.710000,2016,"Transit"
"Kepler-913 b","Kepler-913",297.5830564,41.9523531,991.61800000,2.06000000,0.1009000000,10.29672521000,1129.00,4687.00,0.610000,2016,"Transit"
"Kepler-910 b","Kepler-910",296.0472937,42.7429414,400.28900000,0.82000000,0.0375200000,2.36436901500,1752.00,6230.00,1.500000,2016,"Transit"
"Kepler-847 b","Kepler-847",283.5048144,49.4509371,513.10300000,1.18000000,0.0315000000,2.34323189500,1054.00,4940.00,0.770000,2016,"Transit"
"Kepler-846 b","Kepler-846",287.0570731,49.0460112,1127.12000000,2.48000000,0.1399000000,19.80792185000,624.00,5579.00,0.910000,2016,"Transit"
"Kepler-795 b","Kepler-795",291.0189951,38.5455728,492.12200000,1.68000000,0.1803000000,29.61934210000,580.00,5631.00,0.960000,2016,"Transit"
"Kepler-794 b","Kepler-794",288.1336793,38.9968923,931.19200000,2.11000000,0.1003600000,11.13125132000,952.00,5839.00,1.380000,2016,"Transit"
"Kepler-865 b","Kepler-865",297.7242257,43.5272796,586.13700000,2.49000000,0.1057000000,14.16399294000,694.00,5570.00,0.920000,2016,"Transit"
"Kepler-909 b","Kepler-909",289.5063796,45.3709728,309.59600000,1.47000000,0.1187300000,13.93290318000,852.00,6154.00,1.230000,2016,"Transit"
"Kepler-916 b","Kepler-916",290.9833818,45.9733334,830.71200000,1.76000000,0.1885000000,32.29687980000,503.00,5248.00,0.810000,2016,"Transit"
"Kepler-845 b","Kepler-845",290.9576363,49.2037262,431.05100000,2.04000000,0.0166800000,0.92785982100,1361.00,4913.00,0.750000,2016,"Transit"
"Kepler-844 b","Kepler-844",287.8578541,48.7739646,431.77600000,1.68000000,0.0298000000,2.61302085600,713.00,4128.00,0.570000,2016,"Transit"
"Kepler-792 b","Kepler-792",292.0068239,38.8207001,1425.47000000,1.96000000,0.0988000000,11.30119217000,852.00,5971.00,1.120000,2016,"Transit"
"Kepler-791 b","Kepler-791",293.5958044,39.0294267,1266.34000000,3.05000000,0.1256000000,14.55397590000,939.00,6383.00,1.470000,2016,"Transit"
"Kepler-862 b","Kepler-862",297.7792466,46.4926688,1039.03000000,2.21000000,0.0390000000,3.14866453400,1097.00,5333.00,0.840000,2016,"Transit"
"Kepler-861 b","Kepler-861",292.3539624,46.2262465,850.32700000,2.28000000,0.0463000000,3.94963137500,966.00,5047.00,0.780000,2016,"Transit"
"Kepler-930 b","Kepler-930",298.3144494,42.2473698,848.39600000,2.13000000,0.3459300000,71.45177750000,561.00,6335.00,1.400000,2016,"Transit"
"Kepler-842 b","Kepler-842",292.3285976,49.6535171,532.72600000,1.60000000,0.0204000000,1.21956827000,1252.00,4848.00,0.730000,2016,"Transit"
"Kepler-841 b","Kepler-841",284.2513637,48.8095962,998.96100000,5.23000000,0.4790000000,124.41983980000,416.00,5324.00,0.810000,2016,"Transit"
"Kepler-790 b","Kepler-790",286.9171489,38.8722123,703.16800000,2.18000000,0.1010000000,13.73469807000,634.00,5208.00,0.800000,2016,"Transit"
"Kepler-788 b","Kepler-788",290.0004154,38.5398551,1775.80000000,2.55000000,0.0835000000,8.39846269000,984.00,6159.00,1.230000,2016,"Transit"
"Kepler-860 b","Kepler-860",295.5772681,46.2547028,1056.36000000,3.24000000,0.0580000000,5.10137945400,1050.00,5836.00,1.060000,2016,"Transit"
"Kepler-924 b","Kepler-924",290.6685136,40.3977086,1053.04000000,3.07000000,0.3131800000,61.03701170000,610.00,6167.00,1.230000,2016,"Transit"
"Kepler-923 b","Kepler-923",294.1710831,40.0551372,1000.28000000,1.38000000,0.0759200000,6.93366476000,1104.00,5988.00,1.260000,2016,"Transit"
"Kepler-838 b","Kepler-838",285.4354695,45.9759590,1104.04000000,2.73000000,0.1266000000,15.74957994000,777.00,5770.00,0.960000,2016,"Transit"
"Kepler-837 b","Kepler-837",285.2467607,45.9501100,901.90700000,2.56000000,0.1144000000,16.56059504000,701.00,5403.00,0.810000,2016,"Transit"
"Kepler-787 b","Kepler-787",291.6924773,38.5729105,503.56800000,1.28000000,0.0159000000,0.92831049800,1115.00,4248.00,0.620000,2016,"Transit"
"Kepler-465 b","Kepler-465",284.5557853,46.0638865,553.07700000,2.95000000,0.0919500000,9.94067246600,996.00,6310.00,1.290000,2016,"Transit"
"Kepler-856 b","Kepler-856",289.6038379,46.3149097,1351.17000000,9.30000000,0.0787000000,8.02768059500,824.00,5535.00,0.930000,2016,"Transit"
"Kepler-890 b","Kepler-890",288.4357180,43.7634712,1712.12000000,8.89000000,0.2944000000,52.75875577000,540.00,5954.00,1.130000,2016,"Transit"
"Kepler-927 b","Kepler-927",289.3834807,41.3926651,831.68500000,1.72000000,0.0866000000,9.11499030000,906.00,5743.00,0.990000,2016,"Transit"
"Kepler-926 b","Kepler-926",289.6793396,40.7004265,921.36100000,2.31000000,0.2739000000,52.06886010000,524.00,5806.00,1.010000,2016,"Transit"
"Kepler-892 b","Kepler-892",283.1296399,43.8880983,570.72700000,2.81000000,0.1015000000,13.75210720000,556.00,4747.00,0.720000,2016,"Transit"
"Kepler-933 b","Kepler-933",289.5685257,43.5385438,1017.20000000,2.46000000,0.1041000000,14.20443009000,602.00,5346.00,0.840000,2016,"Transit"
"Kepler-826 b","Kepler-826",284.8601128,39.2405076,779.59600000,1.25000000,0.0520200000,4.48758907000,1305.00,6079.00,1.150000,2016,"Transit"
"Kepler-830 b","Kepler-830",295.0542380,42.7568316,1122.00000000,1.70000000,0.1033000000,11.29695137000,907.00,6037.00,1.110000,2016,"Transit"
"Kepler-829 b","Kepler-829",282.3328312,42.4638125,1073.76000000,2.11000000,0.0678000000,6.88337562000,857.00,5698.00,0.970000,2016,"Transit"
"Kepler-895 b","Kepler-895",289.2906978,51.4089936,540.13400000,1.54000000,0.0328000000,2.80624232800,771.00,4315.00,0.610000,2016,"Transit"
"Kepler-743 b","Kepler-743",295.5742300,42.8064255,278.98700000,1.21000000,0.0416600000,3.17926292100,1101.00,5486.00,0.850000,2016,"Transit"
"Kepler-823 b","Kepler-823",284.5825682,39.2201737,1389.27000000,1.57000000,0.0507000000,4.16809082000,1277.00,5643.00,0.960000,2016,"Transit"
"Kepler-487 c","Kepler-487",295.2872318,41.2220033,872.34300000,2.68000000,0.2186400000,38.65199760000,487.00,5444.00,0.880000,2016,"Transit"
"Kepler-898 b","Kepler-898",286.5854116,46.8708877,484.89100000,1.49000000,0.0545000000,5.87061910000,616.00,4223.00,0.620000,2016,"Transit"
"Kepler-899 b","Kepler-899",297.4825612,40.6807412,1246.43000000,2.68000000,0.1392000000,19.17891293000,640.00,5595.00,0.910000,2016,"Transit"
"Kepler-747 b","Kepler-747",288.4165196,41.0298175,3347.16000000,5.27000000,0.1916000000,35.61760587000,456.00,5096.00,0.780000,2016,"Transit"
"Kepler-821 b","Kepler-821",285.6173937,39.3794684,614.57100000,1.31000000,0.0290000000,1.92279873000,1215.00,5191.00,0.800000,2016,"Transit"
"Kepler-498 b","Kepler-498",290.3581592,44.5187225,938.84400000,3.03000000,0.0897000000,9.61375356000,931.00,5744.00,0.960000,2016,"Transit"
"Kepler-887 b","Kepler-887",290.0907893,39.8169085,886.58800000,1.84000000,0.1543100000,20.42228798000,785.00,6194.00,1.290000,2016,"Transit"
"Kepler-901 b","Kepler-901",291.1528056,40.8876814,253.86700000,1.37000000,0.0378000000,3.51749439400,704.00,4184.00,0.570000,2016,"Transit"
"Kepler-900 b","Kepler-900",296.1772720,46.9989635,487.52500000,2.08000000,0.0679000000,6.99130860000,716.00,4836.00,0.730000,2016,"Transit"
"Kepler-751 b","Kepler-751",294.8438103,44.0776872,760.43000000,2.46000000,0.1263000000,17.44490636000,679.00,5387.00,0.840000,2016,"Transit"
"Kepler-755 b","Kepler-755",296.8609348,41.0973178,399.03400000,1.76000000,0.0215600000,1.26909037400,1331.00,5043.00,0.770000,2016,"Transit"
"Kepler-820 b","Kepler-820",291.0201523,39.2206091,1387.20000000,6.09000000,0.5600400000,127.83380980000,554.00,6260.00,1.360000,2016,"Transit"
"Kepler-817 b","Kepler-817",296.0818498,39.1616140,1484.46000000,9.03000000,0.0493000000,3.99010622900,1124.00,5861.00,1.030000,2016,"Transit"
"Kepler-886 b","Kepler-886",286.2717162,43.5952037,711.29700000,1.52000000,0.0642800000,6.24146367000,1111.00,6098.00,1.160000,2016,"Transit"
"Kepler-885 b","Kepler-885",288.6615682,49.7371538,651.31800000,2.50000000,0.1440300000,18.11472949000,830.00,6187.00,1.350000,2016,"Transit"
"Kepler-904 b","Kepler-904",288.8229001,40.3890100,978.12500000,1.77000000,0.0417000000,3.02166863200,1332.00,6160.00,1.250000,2016,"Transit"
"Kepler-905 b","Kepler-905",290.0511468,46.7134077,529.26800000,1.41000000,0.0568900000,5.08274651700,928.00,5461.00,0.860000,2016,"Transit"
"Kepler-756 b","Kepler-756",290.6079736,41.2010940,852.00000000,1.12000000,0.0219000000,1.22486632200,1741.00,5282.00,0.790000,2016,"Transit"
"Kepler-757 b","Kepler-757",296.6804876,41.3865279,1068.68000000,1.36000000,0.0190000000,1.02267882100,1734.00,6014.00,1.130000,2016,"Transit"
"Kepler-815 b","Kepler-815",285.2211238,47.8813037,1259.28000000,4.11000000,0.0947300000,8.57503552000,1374.00,5028.00,3.420000,2016,"Transit"
"Kepler-852 b","Kepler-852",297.3915863,48.5606875,1619.03000000,2.54000000,0.2796700000,44.93098040000,565.00,6100.00,1.160000,2016,"Transit"
"Kepler-883 b","Kepler-883",286.4337260,50.3002266,627.45500000,1.78000000,0.1028800000,12.98495573000,818.00,6116.00,1.090000,2016,"Transit"
"Kepler-509 b","Kepler-509",289.6643940,48.7061650,332.44300000,2.49000000,0.2370200000,41.74600392000,584.00,6060.00,1.200000,2016,"Transit"
"Kepler-466 c","Kepler-466",295.6486585,48.4955191,530.12200000,1.25000000,0.0465800000,3.70921384600,1206.00,5927.00,1.050000,2016,"Transit"
"Kepler-502 b","Kepler-502",291.0801330,43.8601911,1591.04000000,4.77000000,0.0535000000,4.28686431000,1217.00,6125.00,1.220000,2016,"Transit"
"Kepler-758 b","Kepler-758",293.0846115,41.1354049,1502.32000000,2.48000000,0.1075400000,12.10971040000,1005.00,6228.00,1.420000,2016,"Transit"
"Kepler-813 b","Kepler-813",285.6626752,48.4353251,840.00000000,2.14000000,0.1439000000,19.12947337000,817.00,5743.00,0.930000,2016,"Transit"
"Kepler-811 b","Kepler-811",285.4241593,47.8345586,985.04100000,2.70000000,0.1591100000,23.58447697000,730.00,5747.00,1.240000,2016,"Transit"
"Kepler-882 b","Kepler-882",294.6500256,43.3356106,504.60500000,1.23000000,0.0474100000,3.98953966600,903.00,5476.00,0.870000,2016,"Transit"
"Kepler-880 b","Kepler-880",281.9712347,43.6727839,601.32400000,2.66000000,0.0915000000,7.71468975000,1622.00,6761.00,1.740000,2016,"Transit"
"Kepler-474 b","Kepler-474",292.3215174,43.8811723,841.49600000,3.06000000,0.0609200000,5.66067293500,1115.00,5785.00,1.080000,2016,"Transit"
"Kepler-760 b","Kepler-760",287.5931997,44.1794278,792.33600000,3.06000000,0.0808700000,8.70419416000,748.00,5322.00,0.850000,2016,"Transit"
"Kepler-810 b","Kepler-810",296.6148615,48.0825642,1458.59000000,1.93000000,0.0550000000,4.59725385000,1105.00,5803.00,1.040000,2016,"Transit"
"Kepler-809 b","Kepler-809",289.0836324,48.0180689,961.40500000,3.01000000,0.2901000000,55.63934000000,478.00,5734.00,0.980000,2016,"Transit"
"Kepler-877 b","Kepler-877",289.8591023,46.5227429,602.17600000,2.12000000,0.1301000000,18.45847097000,632.00,5261.00,0.810000,2016,"Transit"
"Kepler-750 c","Kepler-750",289.0968274,44.0043640,1296.02000000,1.62000000,0.0500900000,4.08899022000,1537.00,6160.00,1.230000,2016,"Transit"
"Kepler-255 d","Kepler-255",296.0642702,45.9767647,1052.53000000,1.32000000,0.0192000000,1.04562265800,1710.00,5431.00,0.860000,2016,"Transit"
"Kepler-775 b","Kepler-775",291.4332781,41.7033162,398.67600000,1.19000000,0.0183400000,0.97486892600,1612.00,5468.00,0.840000,2016,"Transit"
"Kepler-500 b","Kepler-500",295.9513472,43.8519884,807.48000000,2.58000000,0.0836100000,8.50832439800,909.00,5813.00,1.030000,2016,"Transit"
"Kepler-808 b","Kepler-808",291.5941514,48.4454907,321.00000000,1.46000000,0.0131400000,0.63133235300,1322.00,4653.00,0.710000,2016,"Transit"
"Kepler-875 b","Kepler-875",297.3012497,43.1418313,1242.62000000,2.90000000,0.1771000000,27.50737990000,569.00,5958.00,1.110000,2016,"Transit"
"Kepler-732 c","Kepler-732",283.7317274,45.9585288,174.82600000,1.27000000,0.0143000000,0.89304123600,893.00,3631.00,0.460000,2016,"Transit"
"Kepler-777 b","Kepler-777",282.7241098,44.3465098,443.10600000,1.47000000,0.0519000000,5.72812599000,569.00,4043.00,0.560000,2016,"Transit"
"Kepler-779 b","Kepler-779",285.6285208,44.3107855,283.15500000,0.92000000,0.0533000000,7.09714223000,425.00,3804.00,0.440000,2016,"Transit"
"Kepler-804 b","Kepler-804",293.3722109,44.7851812,649.65000000,1.94000000,0.1128700000,14.37457351000,779.00,5817.00,1.050000,2016,"Transit"
"Kepler-803 b","Kepler-803",299.2216728,44.6939033,639.77100000,3.79000000,0.2672100000,50.28638192000,543.00,5919.00,1.120000,2016,"Transit"
"Kepler-1049 b","Kepler-1049",287.3469567,47.7729078,162.00600000,0.95000000,0.0349000000,3.27346073600,625.00,3864.00,0.490000,2016,"Transit"
"Kepler-969 b","Kepler-969",288.3724989,47.9335642,390.35400000,2.07000000,0.1972600000,34.17317140000,465.00,5214.00,0.820000,2016,"Transit"
"Kepler-1137 b","Kepler-1137",287.1302407,48.6653470,921.77800000,2.20000000,0.1871000000,23.92107910000,1020.00,6807.00,1.840000,2016,"Transit"
"Kepler-975 b","Kepler-975",290.5485100,38.4952415,426.08800000,1.48000000,0.0289800000,1.97034245700,1599.00,4897.00,0.750000,2016,"Transit"
"Kepler-995 b","Kepler-995",284.6157154,39.1309980,609.63800000,2.70000000,0.1701000000,28.26731672000,517.00,5206.00,0.800000,2016,"Transit"
"Kepler-1054 b","Kepler-1054",290.6011085,44.5563604,1090.51000000,2.63000000,0.0554200000,4.30655689000,1177.00,6209.00,1.340000,2016,"Transit"
"Kepler-1033 b","Kepler-1033",283.8450963,44.6090251,1455.50000000,2.51000000,0.0761000000,7.56052806000,914.00,5547.00,0.920000,2016,"Transit"
"Kepler-1040 b","Kepler-1040",283.1137663,48.1312774,482.11900000,2.08000000,0.6724900000,201.12140000000,300.00,5694.00,0.960000,2016,"Transit"
"Kepler-1138 b","Kepler-1138",285.8993164,48.3072850,872.32800000,1.70000000,0.0415000000,3.17060005000,1080.00,5582.00,0.920000,2016,"Transit"
"Kepler-1139 b","Kepler-1139",287.9455985,39.2305281,495.15600000,1.19000000,0.0166400000,0.81316671900,1693.00,5550.00,0.910000,2016,"Transit"
"Kepler-1060 b","Kepler-1060",286.0252285,39.6309204,946.56500000,2.38000000,0.2495000000,46.87793670000,484.00,5797.00,0.990000,2016,"Transit"
"Kepler-1003 b","Kepler-1003",292.0204349,44.8762427,941.90200000,1.78000000,0.0433300000,3.55485691500,1157.00,6109.00,1.170000,2016,"Transit"
"Kepler-1055 b","Kepler-1055",290.4867838,44.9325410,389.39700000,1.23000000,0.0335000000,2.29503623300,1304.00,5723.00,0.940000,2016,"Transit"
"Kepler-998 b","Kepler-998",296.7541629,49.2087085,986.36400000,2.32000000,0.0626000000,5.65377733000,1020.00,6058.00,1.180000,2016,"Transit"
"Kepler-1017 b","Kepler-1017",283.4692990,40.1325185,552.05800000,1.99000000,0.0719600000,7.23400469000,831.00,5473.00,0.870000,2016,"Transit"
"Kepler-974 b","Kepler-974",285.0131082,40.2209547,134.31100000,1.57000000,0.0419000000,4.19449651400,577.00,3687.00,0.500000,2016,"Transit"
"Kepler-1045 b","Kepler-1045",284.1832668,45.0740897,942.48500000,2.69000000,0.1616000000,26.41045478000,512.00,5301.00,0.820000,2016,"Transit"
"Kepler-980 b","Kepler-980",294.6129869,45.0601740,961.46800000,2.67000000,0.0999300000,11.55102504000,845.00,5935.00,1.060000,2016,"Transit"
"Kepler-991 b","Kepler-991",297.0905543,49.6264867,389.56100000,2.54000000,0.3104000000,82.53425190000,260.00,4392.00,0.610000,2016,"Transit"
"Kepler-1072 b","Kepler-1072",292.0443891,46.3289723,982.71600000,1.58000000,0.0274200000,1.56906650200,1849.00,6199.00,1.320000,2016,"Transit"
"Kepler-490 b","Kepler-490",295.0256620,46.9559536,1523.00000000,11.65000000,0.0453000000,3.26869515400,1597.00,6045.00,1.120000,2016,"Transit"
"Kepler-1018 b","Kepler-1018",283.5967317,45.4078654,1010.01000000,2.58000000,0.2530000000,49.10135140000,498.00,5518.00,0.880000,2016,"Transit"
"Kepler-1004 b","Kepler-1004",297.3593427,49.7975464,1152.68000000,6.28000000,0.0679100000,5.28789787000,1661.00,4972.00,3.390000,2016,"Transit"
"Kepler-997 b","Kepler-997",289.2333767,49.9388952,467.56800000,1.36000000,0.0402200000,2.70730671600,1709.00,6150.00,1.560000,2016,"Transit"
"Kepler-1151 b","Kepler-1151",292.2477819,47.8784257,682.43600000,2.22000000,0.3197000000,65.64784240000,485.00,5470.00,0.850000,2016,"Transit"
"Kepler-1064 b","Kepler-1064",291.7415821,37.6888103,374.00000000,1.55000000,0.1183000000,16.54080322000,570.00,5153.00,0.790000,2016,"Transit"
"Kepler-971 b","Kepler-971",284.0945699,41.1828131,338.52200000,2.13000000,0.0867900000,9.59070716000,1087.00,5431.00,0.850000,2016,"Transit"
"Kepler-1051 b","Kepler-1051",295.1581062,40.8988186,829.34300000,3.40000000,0.1839500000,25.96200249000,850.00,6675.00,1.730000,2016,"Transit"
"Kepler-1007 b","Kepler-1007",295.9065297,45.8090893,365.00000000,1.44000000,0.0480000000,5.18500207300,652.00,4587.00,0.700000,2016,"Transit"
"Kepler-968 b","Kepler-968",285.6025889,50.1120401,290.32400000,2.00000000,0.0389000000,3.69298372800,745.00,4598.00,0.700000,2016,"Transit"
"Kepler-1145 b","Kepler-1145",295.3081524,43.0444026,691.96100000,1.40000000,0.0443000000,3.97076766000,958.00,5064.00,0.750000,2016,"Transit"
"Kepler-1147 b","Kepler-1147",292.5474753,41.6429221,1657.36000000,2.61000000,0.0961000000,10.62784997000,872.00,5941.00,1.140000,2016,"Transit"
"Kepler-1029 b","Kepler-1029",292.1328738,41.5474786,366.65600000,1.26000000,0.0470000000,4.41769647900,790.00,5030.00,0.770000,2016,"Transit"
"Kepler-996 b","Kepler-996",291.9127633,41.5335891,1216.58000000,1.98000000,0.0474000000,3.77059058400,1272.00,6014.00,1.140000,2016,"Transit"
"Kepler-966 b","Kepler-966",297.2705760,50.1218365,1027.80000000,4.13000000,0.3907000000,99.74762200000,391.00,5840.00,1.020000,2016,"Transit"
"Kepler-1047 b","Kepler-1047",288.6462564,50.7889645,817.64700000,2.09000000,0.2987100000,56.18868870000,503.00,5754.00,1.130000,2016,"Transit"
"Kepler-1149 b","Kepler-1149",294.1891824,45.1515263,1217.73000000,1.44000000,0.0473000000,3.73089898000,1128.00,5833.00,1.010000,2016,"Transit"
"Kepler-1148 b","Kepler-1148",290.9536059,45.7195545,625.69200000,1.69000000,0.0188000000,1.10446350900,1397.00,5054.00,0.770000,2016,"Transit"
"Kepler-1057 b","Kepler-1057",297.4521311,41.5580816,1201.82000000,3.36000000,0.1138000000,14.08827448000,724.00,5987.00,1.100000,2016,"Transit"
"Kepler-1059 b","Kepler-1059",289.2202147,41.7064385,713.16700000,1.73000000,0.0440000000,3.76419104800,908.00,4906.00,0.720000,2016,"Transit"
"Kepler-965 b","Kepler-965",298.5153169,41.8912305,582.82800000,3.38000000,0.5099800000,134.25272980000,393.00,5886.00,1.150000,2016,"Transit"
"Kepler-999 b","Kepler-999",299.6604865,46.1984679,545.06300000,2.34000000,0.0691800000,5.99185701700,1355.00,6237.00,1.650000,2016,"Transit"
"Kepler-1112 b","Kepler-1112",296.9687937,47.7514799,1671.28000000,3.02000000,0.1239000000,14.36267939000,918.00,6496.00,1.540000,2016,"Transit"
"Kepler-952 b","Kepler-952",285.3718781,41.9938697,1304.25000000,7.65000000,0.5183000000,130.35469190000,369.00,5730.00,0.990000,2016,"Transit"
"Kepler-479 b","Kepler-479",291.0218899,37.7698734,344.90100000,2.12000000,0.0963600000,12.49341307000,649.00,5247.00,0.810000,2016,"Transit"
"Kepler-934 b","Kepler-934",290.2884494,43.7552623,608.73800000,2.09000000,0.2658000000,55.67383090000,384.00,5001.00,0.770000,2016,"Transit"
"Kepler-977 b","Kepler-977",291.5161959,42.2480736,568.75100000,2.62000000,0.1620000000,26.85328322000,544.00,5315.00,0.830000,2016,"Transit"
"Kepler-1021 b","Kepler-1021",295.2048999,42.5596699,810.08200000,2.33000000,0.1034000000,13.47469571000,634.00,5431.00,0.860000,2016,"Transit"
"Kepler-979 b","Kepler-979",300.3712023,46.4081872,576.50300000,2.72000000,0.0753000000,8.08801350000,792.00,5310.00,0.830000,2016,"Transit"
"Kepler-982 b","Kepler-982",288.4176803,46.5904531,801.47900000,2.25000000,0.1277000000,15.77382210000,955.00,6139.00,1.290000,2016,"Transit"
"Kepler-936 b","Kepler-936",293.5777958,46.7362953,823.39900000,1.45000000,0.0954000000,10.56134221000,867.00,5482.00,0.890000,2016,"Transit"
"Kepler-938 b","Kepler-938",294.7890593,46.9839352,1182.05000000,2.22000000,0.2689000000,52.62984170000,544.00,5533.00,0.890000,2016,"Transit"
"Kepler-1006 b","Kepler-1006",295.7542063,42.5373065,1081.73800000,1.54000000,0.1464000000,19.76172042000,791.00,5328.00,0.740000,2016,"Transit"
"Kepler-1009 b","Kepler-1009",282.8598614,42.6658336,355.01900000,2.17000000,0.0796000000,11.35011917000,403.00,4027.00,0.570000,2016,"Transit"
"Kepler-976 b","Kepler-976",289.8696232,46.7296855,1012.41000000,3.96000000,0.4217000000,105.95641480000,324.00,5232.00,0.830000,2016,"Transit"
"Kepler-1052 b","Kepler-1052",295.3427300,46.6022134,943.44400000,2.93000000,0.2098800000,34.85382760000,522.00,5888.00,1.030000,2016,"Transit"
"Kepler-1120 b","Kepler-1120",290.9144516,42.2865522,615.23100000,1.38000000,0.0369000000,2.94902905200,1027.00,4904.00,0.740000,2016,"Transit"
"Kepler-1123 b","Kepler-1123",294.5177291,50.6703927,704.32300000,1.67000000,0.0497000000,4.33946454000,1061.00,5500.00,0.900000,2016,"Transit"
"Kepler-940 b","Kepler-940",294.2413053,47.2759642,1260.78000000,3.34000000,0.3059000000,59.62252570000,486.00,5769.00,0.960000,2016,"Transit"
"Kepler-1035 b","Kepler-1035",289.0422430,42.8824991,562.11600000,1.17000000,0.0388300000,2.71407755500,1301.00,5763.00,0.970000,2016,"Transit"
"Kepler-1027 b","Kepler-1027",287.5711746,42.8138159,405.10400000,0.89000000,0.0291100000,1.90780519900,1268.00,5436.00,0.820000,2016,"Transit"
"Kepler-986 b","Kepler-986",293.0940391,42.8964457,548.36400000,2.36000000,0.2913100000,56.43499380000,465.00,5642.00,0.980000,2016,"Transit"
"Kepler-1011 b","Kepler-1011",297.4015491,46.8239976,736.77900000,2.87000000,0.0633000000,5.75322197400,920.00,5416.00,0.880000,2016,"Transit"
"Kepler-1068 b","Kepler-1068",294.6481708,46.3923173,1473.61000000,3.63000000,0.1303800000,16.92344113000,702.00,5806.00,1.010000,2016,"Transit"
"Kepler-917 b","Kepler-917",299.0512562,47.9492677,3460.51000000,1.91000000,0.0378000000,2.97041437500,991.00,5418.00,0.760000,2016,"Transit"
"Kepler-918 b","Kepler-918",298.2007268,48.2677925,1025.03000000,1.74000000,0.0569000000,4.85386933000,1052.00,6028.00,1.140000,2016,"Transit"
"Kepler-978 b","Kepler-978",286.7107166,43.0433585,682.52200000,2.99000000,0.2726000000,49.62215090000,546.00,6002.00,1.090000,2016,"Transit"
"Kepler-1002 b","Kepler-1002",293.0794629,43.0736770,408.30300000,1.71000000,0.0564000000,4.33642933100,1453.00,6144.00,1.570000,2016,"Transit"
"Kepler-493 b","Kepler-493",295.3075252,38.8815716,1745.77000000,15.13000000,0.0439000000,3.00387658100,1438.00,6457.00,1.540000,2016,"Transit"
"Kepler-1128 b","Kepler-1128",293.0633150,39.4034052,1083.41000000,3.65000000,0.3020000000,61.61781670000,424.00,5543.00,0.910000,2016,"Transit"
"Kepler-920 b","Kepler-920",284.2969363,49.1585983,1001.68000000,2.42000000,0.0650000000,6.53192704000,907.00,5403.00,0.850000,2016,"Transit"
"Kepler-919 b","Kepler-919",298.1147862,48.4943834,1119.87000000,2.25000000,0.0981000000,11.04603384000,869.00,6113.00,1.210000,2016,"Transit"
"Kepler-921 b","Kepler-921",284.6162253,49.1907438,934.49000000,2.87000000,0.2716000000,51.30063400000,492.00,5663.00,0.910000,2016,"Transit"
"Kepler-1015 b","Kepler-1015",292.7573088,43.4268439,739.35700000,3.55000000,0.1345000000,16.00494214000,1040.00,6769.00,1.810000,2016,"Transit"
"Kepler-1005 b","Kepler-1005",286.2858998,43.3205085,567.80600000,1.50000000,0.0671700000,6.49801525000,1026.00,5782.00,1.060000,2016,"Transit"
"Kepler-972 b","Kepler-972",295.8286790,43.4254371,1198.03000000,4.65000000,0.0734000000,7.03932553000,1060.00,6146.00,1.220000,2016,"Transit"
"Kepler-1130 b","Kepler-1130",285.2074210,45.3843330,249.34300000,0.80000000,0.0596300000,5.45298175000,904.00,5403.00,0.810000,2016,"Transit"
"Kepler-1131 b","Kepler-1131",295.6514492,49.2612954,1030.70000000,1.59000000,0.0459000000,3.53232449000,1159.00,5851.00,1.040000,2016,"Transit"
"Kepler-1025 b","Kepler-1025",284.5102140,43.9615628,803.77600000,1.98000000,0.2160700000,37.32294930000,1654.00,6089.00,1.130000,2016,"Transit"
"Kepler-497 b","Kepler-497",290.7659557,38.9279468,1291.98000000,6.04000000,0.0457000000,3.57320367100,1210.00,5834.00,1.110000,2016,"Transit"
"Kepler-994 b","Kepler-994",289.0720752,47.4069180,188.15800000,1.60000000,0.0177000000,1.15116650600,957.00,3934.00,0.540000,2016,"Transit"
"Kepler-1132 b","Kepler-1132",286.3675188,48.4238906,867.93100000,2.35000000,0.2881000000,62.89162280000,384.00,5298.00,0.830000,2016,"Transit"
"Kepler-1069 b","Kepler-1069",290.9792378,47.9889097,695.96700000,1.60000000,0.1658700000,23.89902960000,823.00,5722.00,0.980000,2016,"Transit"
"Kepler-1034 b","Kepler-1034",286.1154093,37.9669464,654.54900000,2.26000000,0.0965000000,12.12400943000,675.00,5198.00,0.800000,2016,"Transit"
"Kepler-944 b","Kepler-944",293.6012911,42.3797910,1349.43000000,2.63000000,0.2288000000,43.31677370000,459.00,5409.00,0.830000,2016,"Transit"
"Kepler-942 b","Kepler-942",294.9550809,44.1499518,216.35400000,2.13000000,0.2273700000,44.96417488000,379.00,4861.00,0.750000,2016,"Transit"
"Kepler-946 b","Kepler-946",300.9295551,44.0286710,1137.29000000,1.93000000,0.1002000000,11.79162572000,857.00,5665.00,0.930000,2016,"Transit"
"HD 50554 c","HD 50554",103.6782730,24.2451409,31.16640000,1.31000000,0.0652000000,5.96936200000,1090.83,5968.00,1.146000,2026,"Transit"
"Kepler-992 b","Kepler-992",284.4304085,47.6416613,259.63900000,1.62000000,0.1337200000,20.16034462000,510.00,4944.00,0.740000,2016,"Transit"
"Kepler-1134 b","Kepler-1134",295.5678578,42.4781064,944.44500000,2.64000000,0.1242000000,17.13263989000,611.00,5281.00,0.810000,2016,"Transit"
"Kepler-1135 b","Kepler-1135",286.0029904,44.7565551,1314.64000000,1.85000000,0.3436000000,76.95785700000,451.00,5656.00,0.940000,2016,"Transit"
"Kepler-951 b","Kepler-951",287.7375794,38.1146488,382.50900000,5.59000000,0.3091000000,71.52530845000,340.00,4834.00,0.730000,2016,"Transit"
"Kepler-967 b","Kepler-967",286.5580128,38.4052418,568.54600000,2.35000000,0.1027000000,13.22713379000,638.00,5178.00,0.800000,2016,"Transit"
"Kepler-1013 b","Kepler-1013",290.2481023,44.4352935,422.24600000,2.15000000,0.1370000000,18.93054959000,766.00,4954.00,0.760000,2016,"Transit"
"Kepler-1233 b","Kepler-1233",297.3750954,46.6622201,1178.70000000,2.60000000,0.2630000000,45.12630420000,604.00,6198.00,1.250000,2016,"Transit"
"Kepler-1234 b","Kepler-1234",287.5220359,51.3759464,916.74900000,2.81000000,0.0960000000,11.94014029000,625.00,4967.00,0.760000,2016,"Transit"
"Kepler-523 b","Kepler-523",284.0611224,45.5068127,253.29500000,1.96000000,0.0615900000,5.83598311100,884.00,5515.00,0.860000,2016,"Transit"
"Gl 725 B c","Gl 725 B",280.6953530,59.6270600,6.84235700,1.66000000,0.1390000000,37.90000000000,215.00,3379.00,0.280000,2026,"Radial Velocity"
"Kepler-1180 b","Kepler-1180",295.8874773,43.1559952,1596.80000000,1.99000000,0.1246000000,16.86012860000,765.00,6077.00,1.140000,2016,"Transit"
"Kepler-1181 b","Kepler-1181",289.7473165,39.5234131,938.41700000,1.57000000,0.0621000000,4.89337519000,1374.00,6176.00,1.300000,2016,"Transit"
"Kepler-1189 b","Kepler-1189",298.4264116,47.9468194,782.85200000,1.77000000,0.0467000000,3.78858982000,1158.00,6012.00,1.160000,2016,"Transit"
"Kepler-1236 b","Kepler-1236",295.6247375,42.5458739,999.64000000,2.14000000,0.1803000000,31.05716180000,480.00,5337.00,0.820000,2016,"Transit"
"Kepler-1235 b","Kepler-1235",284.9030677,43.9540616,540.60400000,0.79000000,0.0483600000,4.16055856000,985.00,5541.00,0.900000,2016,"Transit"
"Kepler-518 b","Kepler-518",287.0900190,41.3737576,337.90100000,2.11000000,0.0799600000,8.51203587700,839.00,5842.00,0.880000,2016,"Transit"
"Kepler-1276 b","Kepler-1276",287.8570173,40.5471909,538.48100000,1.19000000,0.1086300000,12.57200950000,886.00,6188.00,1.210000,2016,"Transit"
"Kepler-1277 b","Kepler-1277",295.1025166,40.5723736,557.19300000,1.60000000,0.2185700000,40.83650120000,496.00,5578.00,0.920000,2016,"Transit"
"Kepler-1182 b","Kepler-1182",296.3079895,43.8213706,1545.39000000,2.41000000,0.0981000000,11.17394617000,796.00,5924.00,1.050000,2016,"Transit"
"Kepler-549 b","Kepler-549",283.0228527,47.2611431,635.14500000,2.57000000,0.2323600000,42.94956490000,487.00,5360.00,0.840000,2016,"Transit"
"Kepler-1237 b","Kepler-1237",295.6292745,44.6905815,1064.31000000,2.86000000,0.3778000000,84.57332260000,366.00,5472.00,0.900000,2016,"Transit"
"Kepler-1279 b","Kepler-1279",288.0955917,40.3659090,1494.22000000,1.75000000,0.1785000000,23.47741010000,738.00,6221.00,1.330000,2016,"Transit"
"Kepler-1280 b","Kepler-1280",293.5738933,45.3844919,1486.70000000,1.87000000,0.3398200000,66.55790570000,757.00,6227.00,1.320000,2016,"Transit"
"Kepler-1076 b","Kepler-1076",287.5902594,51.0606047,199.00000000,0.80000000,0.0611000000,6.14727918000,770.00,4868.00,0.740000,2016,"Transit"
"Kepler-1077 b","Kepler-1077",291.0336333,42.2678448,1101.42000000,2.77000000,0.2101000000,34.35118740000,576.00,5816.00,1.020000,2016,"Transit"
"Kepler-1193 b","Kepler-1193",288.1447323,51.2756446,802.11600000,1.32000000,0.0400400000,2.83265213400,1453.00,5908.00,1.210000,2016,"Transit"
"Kepler-1194 b","Kepler-1194",291.6994841,38.1452065,757.38200000,1.51000000,0.1212000000,16.22371307000,676.00,5590.00,0.920000,2016,"Transit"
"Kepler-1238 b","Kepler-1238",297.9057655,40.1628378,1632.13000000,1.93000000,0.0541000000,4.14787559000,1389.00,6386.00,1.480000,2016,"Transit"
"Kepler-1282 b","Kepler-1282",290.1761688,46.6983036,1103.29000000,1.55000000,0.0335000000,2.13194651300,1418.00,5504.00,0.890000,2016,"Transit"
"Kepler-1078 b","Kepler-1078",293.2005664,43.0500379,2481.71000000,1.90000000,0.0388000000,3.00725242000,1122.00,5612.00,0.920000,2016,"Transit"
"Kepler-1079 b","Kepler-1079",299.5495794,45.7696769,591.09800000,1.63000000,0.1092000000,13.24503188000,887.00,5758.00,1.360000,2016,"Transit"
"Kepler-1242 b","Kepler-1242",284.6062174,41.1963440,687.61500000,2.26000000,0.1039000000,13.62798432000,639.00,4895.00,0.740000,2016,"Transit"
"Kepler-1243 b","Kepler-1243",294.0093970,42.8807779,758.17000000,1.75000000,0.1256000000,16.83207290000,690.00,5667.00,0.940000,2016,"Transit"
"Kepler-1081 b","Kepler-1081",289.4447520,41.3179652,420.21500000,1.01000000,0.0466200000,3.85691854700,972.00,5345.00,0.840000,2016,"Transit"
"Kepler-1199 b","Kepler-1199",293.7258092,47.2469219,563.49300000,1.15000000,0.1130900000,15.04471980000,931.00,5889.00,1.170000,2016,"Transit"
"Kepler-1202 b","Kepler-1202",292.2906060,44.6532281,1175.38000000,2.94000000,0.1790000000,28.68513240000,547.00,5834.00,1.040000,2016,"Transit"
"Kepler-519 b","Kepler-519",299.3196708,41.3847447,246.61000000,2.10000000,0.1593200000,24.30789460000,532.00,5260.00,0.800000,2016,"Transit"
"Kepler-1284 b","Kepler-1284",291.2789549,47.6875766,882.32400000,1.21000000,0.0143000000,0.66407380600,1703.00,5123.00,0.790000,2016,"Transit"
"Kepler-1083 b","Kepler-1083",283.1618831,45.1983360,902.63300000,3.36000000,0.1899000000,33.41779930000,448.00,5049.00,0.770000,2016,"Transit"
"Kepler-1203 b","Kepler-1203",292.7734523,44.1780880,317.02200000,1.06000000,0.0114000000,0.58800076500,1188.00,4105.00,0.610000,2016,"Transit"
"Kepler-1204 b","Kepler-1204",289.4415238,42.4981476,1175.22000000,3.05000000,0.3877000000,85.73502850000,448.00,5825.00,1.030000,2016,"Transit"
"Kepler-1246 b","Kepler-1246",287.6572346,48.9822053,436.50500000,1.36000000,0.0848000000,11.32271513000,554.00,4611.00,0.690000,2016,"Transit"
"Kepler-1289 b","Kepler-1289",296.3887670,41.0405090,1053.57000000,1.52000000,0.0785000000,7.99019627000,1113.00,6080.00,1.170000,2016,"Transit"
"Kepler-1087 b","Kepler-1087",294.9789253,46.0056741,362.62300000,0.61000000,0.0155400000,0.69384285500,2161.00,5589.00,0.940000,2016,"Transit"
"Kepler-1086 b","Kepler-1086",295.2511870,45.8429537,466.08400000,2.44000000,0.1198000000,18.78425728000,433.00,4350.00,0.660000,2016,"Transit"
"Kepler-1088 b","Kepler-1088",281.5614578,42.4504087,280.62900000,1.42000000,0.1616300000,23.12748644000,667.00,5975.00,1.080000,2016,"Transit"
"Kepler-1206 b","Kepler-1206",295.9383737,49.7911337,762.01900000,1.64000000,0.0201000000,1.21699766300,1314.00,4877.00,0.750000,2016,"Transit"
"Kepler-1205 b","Kepler-1205",290.2796734,41.5150499,698.48500000,1.41000000,0.0196000000,1.07839035200,1667.00,5226.00,0.810000,2016,"Transit"
"Kepler-1249 b","Kepler-1249",296.8948517,44.3717429,1904.54000000,2.38000000,0.1670000000,24.33471270000,647.00,6202.00,1.280000,2016,"Transit"
"Kepler-1250 b","Kepler-1250",287.7938184,45.9802492,2126.85000000,1.92000000,0.0393000000,2.60754383400,1431.00,5717.00,0.980000,2016,"Transit"
"Kepler-1293 b","Kepler-1293",290.0258783,48.3359227,1028.16000000,0.97000000,0.0676300000,5.57654784000,1183.00,6241.00,1.280000,2016,"Transit"
"Kepler-513 b","Kepler-513",285.0416235,50.0753913,468.25800000,2.20000000,0.1779000000,28.86235584000,623.00,5849.00,1.060000,2016,"Transit"
"Kepler-1092 b","Kepler-1092",297.7232008,47.1126833,981.23300000,2.07000000,0.2996000000,58.60179250000,508.00,5862.00,1.000000,2016,"Transit"
"Kepler-1209 b","Kepler-1209",287.5849352,49.1547328,505.53100000,1.51000000,0.1751500000,25.36911600000,755.00,6210.00,1.380000,2016,"Transit"
"Kepler-1252 b","Kepler-1252",298.9503634,46.6928437,648.97900000,1.67000000,0.1078000000,15.05403290000,665.00,5949.00,1.090000,2016,"Transit"
"Kepler-1253 b","Kepler-1253",283.8852196,47.6371507,514.52400000,1.33000000,0.3144400000,68.88619150000,501.00,5850.00,1.100000,2016,"Transit"
"Kepler-1156 b","Kepler-1156",288.9240901,46.0575865,691.33100000,1.32000000,0.0970400000,11.89520511000,787.00,5778.00,1.000000,2016,"Transit"
"Kepler-1155 b","Kepler-1155",288.8206058,39.5228712,1128.72000000,2.03000000,0.2006000000,33.46974300000,609.00,5842.00,1.030000,2016,"Transit"
"Kepler-1093 b","Kepler-1093",284.9780251,41.4202077,1072.88000000,1.95000000,0.1754300000,25.08246260000,776.00,6166.00,1.200000,2016,"Transit"
"Kepler-1094 b","Kepler-1094",292.3012109,38.2669983,1291.01000000,3.18000000,0.3625000000,78.10002310000,480.00,6112.00,1.210000,2016,"Transit"
"Kepler-1213 b","Kepler-1213",289.4858423,50.9441967,807.81200000,1.19000000,0.0602600000,5.34982412000,1156.00,6050.00,1.210000,2016,"Transit"
"Kepler-1255 b","Kepler-1255",295.2392569,42.7264842,1617.07000000,2.32000000,0.2226000000,36.29193360000,694.00,6018.00,1.120000,2016,"Transit"
"Kepler-1256 b","Kepler-1256",291.4742443,44.6834119,891.19200000,1.49000000,0.1073300000,12.41277540000,933.00,6129.00,1.360000,2016,"Transit"
"Kepler-1160 b","Kepler-1160",287.8793899,43.3640752,1077.63000000,2.14000000,0.0755000000,7.97034958000,839.00,5519.00,0.890000,2016,"Transit"
"Kepler-1158 b","Kepler-1158",292.2339048,41.5751832,1484.25000000,2.34000000,0.1264300000,13.53962930000,1079.00,6203.00,1.950000,2016,"Transit"
"Kepler-1097 b","Kepler-1097",281.5941261,42.5963949,719.80200000,3.26000000,0.5791000000,187.74702900000,267.00,5211.00,0.790000,2016,"Transit"
"Kepler-1095 b","Kepler-1095",293.2624215,41.3650155,792.52200000,1.21000000,0.0514000000,4.27103091000,1108.00,5658.00,0.920000,2016,"Transit"
"Kepler-1217 b","Kepler-1217",289.1866841,50.9375614,1347.71000000,1.99000000,0.0326000000,2.03232507200,1542.00,5905.00,1.080000,2016,"Transit"
"Kepler-1216 b","Kepler-1216",287.4052661,45.9179790,1258.36000000,1.39000000,0.0519000000,4.37034536000,1191.00,5743.00,0.980000,2016,"Transit"
"Kepler-1257 b","Kepler-1257",296.0756231,45.6270165,1105.95000000,1.52000000,0.0376000000,2.66831376200,1252.00,5502.00,0.870000,2016,"Transit"
"Kepler-1260 b","Kepler-1260",295.5912652,42.5552261,1734.43000000,1.77000000,0.1444000000,19.11877530000,823.00,5961.00,1.080000,2016,"Transit"
"Kepler-1163 b","Kepler-1163",290.2358630,50.0300654,478.64700000,1.03000000,0.0686800000,6.11786898000,1211.00,6302.00,1.350000,2016,"Transit"
"Kepler-1100 b","Kepler-1100",291.8713535,44.0873907,693.61800000,1.75000000,0.0674500000,6.42200058000,1000.00,6247.00,1.340000,2016,"Transit"
"Kepler-1098 b","Kepler-1098",295.5026730,43.2326992,1049.19000000,1.30000000,0.0358000000,2.54307285500,1319.00,5794.00,0.990000,2016,"Transit"
"Kepler-1261 b","Kepler-1261",285.2324786,48.8066963,744.29400000,2.26000000,0.2390000000,48.43089910000,396.00,5006.00,0.770000,2016,"Transit"
"Kepler-1166 b","Kepler-1166",290.3484956,50.9028387,634.90600000,1.69000000,0.1975000000,33.24068820000,486.00,5446.00,0.860000,2016,"Transit"
"Kepler-1167 b","Kepler-1167",298.3026595,47.6939654,820.90500000,1.71000000,0.0175000000,1.00393373900,1419.00,4971.00,0.750000,2016,"Transit"
"Kepler-1103 b","Kepler-1103",287.3821348,49.4524247,1331.92000000,2.27000000,0.1533600000,19.79191978000,736.00,6092.00,1.150000,2016,"Transit"
"Kepler-1221 b","Kepler-1221",285.8223636,45.7118423,913.65000000,1.88000000,0.0906000000,12.00096042000,632.00,5194.00,0.820000,2016,"Transit"
"Kepler-522 b","Kepler-522",288.1539730,44.0688154,639.23900000,6.91000000,0.2502900000,38.58422849000,761.00,6392.00,1.980000,2016,"Transit"
"Kepler-1264 b","Kepler-1264",289.8844102,45.2115075,801.99300000,1.18000000,0.0183900000,0.96852602300,1677.00,5791.00,0.980000,2016,"Transit"
"Kepler-1169 b","Kepler-1169",294.9115874,46.4914718,522.82300000,0.94000000,0.0693100000,6.11009134000,1125.00,6191.00,1.230000,2016,"Transit"
"Kepler-1168 b","Kepler-1168",287.2977834,47.4554880,752.66600000,2.50000000,0.2663000000,55.82265390000,379.00,5157.00,0.820000,2016,"Transit"
"Kepler-1106 b","Kepler-1106",291.1451576,44.0624715,1090.70000000,1.65000000,0.0239000000,1.25275217400,2199.00,6104.00,1.170000,2016,"Transit"
"Kepler-1226 b","Kepler-1226",296.3768521,50.6214592,1125.72000000,1.45000000,0.1394500000,17.29234530000,809.00,5923.00,1.020000,2016,"Transit"
"Kepler-1266 b","Kepler-1266",285.8693277,42.7279996,849.31200000,2.58000000,0.1643100000,28.47474800000,489.00,5044.00,0.760000,2016,"Transit"
"Kepler-1268 b","Kepler-1268",287.8384190,43.1531776,1840.77000000,2.03000000,0.2383000000,40.99039860000,627.00,5904.00,1.090000,2016,"Transit"
"Kepler-1171 b","Kepler-1171",294.9589285,38.5915968,573.00000000,2.56000000,0.0284000000,1.44259224000,2700.00,7044.00,1.950000,2016,"Transit"
"Kepler-1172 b","Kepler-1172",290.4744875,37.7665499,1306.53000000,3.20000000,0.1680000000,26.02044230000,675.00,5558.00,0.890000,2016,"Transit"
"Kepler-1109 b","Kepler-1109",291.6462654,39.3966122,685.08700000,2.19000000,0.2466000000,37.64673840000,787.00,5893.00,1.060000,2016,"Transit"
"Kepler-1110 b","Kepler-1110",291.8080645,38.6226615,726.82800000,2.66000000,0.0754000000,9.69312032000,609.00,4781.00,0.700000,2016,"Transit"
"Kepler-1229 b","Kepler-1229",297.4868347,46.9966782,265.48200000,1.40000000,0.3006000000,86.82898900000,212.00,3784.00,0.510000,2016,"Transit"
"Kepler-436 c","Kepler-436",301.7207775,44.4120856,588.86700000,2.33000000,0.1145200000,16.79713874000,503.00,4685.00,0.710000,2016,"Transit"
"Kepler-1270 b","Kepler-1270",286.7156676,48.6452552,1095.05000000,3.32000000,0.0704500000,6.03356196000,1598.00,5047.00,3.380000,2016,"Transit"
"Kepler-804 c","Kepler-804",293.3722109,44.7851812,649.65000000,1.14000000,0.0865400000,9.65185017000,890.00,5817.00,1.050000,2016,"Transit"
"Kepler-1230 b","Kepler-1230",283.2645129,41.7114526,1364.22000000,2.71000000,0.0921000000,9.95661537000,946.00,5961.00,1.080000,2016,"Transit"
"Kepler-1271 b","Kepler-1271",286.3442954,37.4119347,831.99100000,1.48000000,0.0423300000,3.02559550000,1484.00,6143.00,1.230000,2016,"Transit"
"Kepler-1273 b","Kepler-1273",285.8032016,44.8733983,1114.24000000,2.49000000,0.1857000000,28.62565300000,573.00,5566.00,0.910000,2016,"Transit"
"Kepler-1177 b","Kepler-1177",286.6714813,49.4062964,1299.97000000,1.90000000,0.4301000000,106.24754700000,377.00,5712.00,0.970000,2016,"Transit"
"Kepler-1179 b","Kepler-1179",284.0974305,47.8104856,415.20500000,1.32000000,0.0349700000,2.68505749200,1137.00,5212.00,0.810000,2016,"Transit"
"Kepler-1152 b","Kepler-1152",290.4341483,44.1077802,215.23300000,0.87000000,0.0223000000,1.64680190800,806.00,3964.00,0.530000,2016,"Transit"
"Kepler-1186 b","Kepler-1186",288.4796333,47.1017438,1337.25000000,2.23000000,0.1281000000,16.07677615000,724.00,5635.00,0.930000,2016,"Transit"
"Kepler-535 b","Kepler-535",296.5666587,49.6961742,685.59900000,2.36000000,0.0601100000,4.90332155100,1247.00,6123.00,1.270000,2016,"Transit"
"Kepler-1411 b","Kepler-1411",286.3615236,42.9638889,1660.48000000,2.82000000,0.4001000000,86.11508880000,441.00,5664.00,0.920000,2016,"Transit"
"Kepler-1413 b","Kepler-1413",294.3416065,46.4987624,1167.49000000,1.82000000,0.1066000000,13.18296420000,661.00,5196.00,0.800000,2016,"Transit"
"Kepler-1317 b","Kepler-1317",291.6118842,42.1159787,728.30300000,1.56000000,0.0128000000,0.56887442700,1796.00,5144.00,0.790000,2016,"Transit"
"Kepler-1318 b","Kepler-1318",290.3763246,41.1507928,475.24800000,3.11000000,0.6085000000,213.25766300000,202.00,4598.00,0.700000,2016,"Transit"
"Kepler-1362 b","Kepler-1362",288.5385574,40.8771276,731.29800000,2.60000000,0.4626000000,136.20562600000,248.00,4857.00,0.740000,2016,"Transit"
"Kepler-536 b","Kepler-536",297.7363605,49.6371010,462.32200000,3.10000000,0.0283500000,1.82708229900,1877.00,5524.00,0.890000,2016,"Transit"
"Kepler-1415 b","Kepler-1415",285.1568015,47.8732512,1043.56000000,1.29000000,0.0141600000,0.63642408000,1846.00,5267.00,0.840000,2016,"Transit"
"Kepler-1320 b","Kepler-1320",288.4335977,40.3808519,647.42400000,1.70000000,0.0163000000,0.86838652800,1389.00,4817.00,0.740000,2016,"Transit"
"Kepler-1321 b","Kepler-1321",294.5285970,46.6408737,769.14600000,4.92000000,0.0781000000,11.12830484000,408.00,4094.00,0.530000,2016,"Transit"
"Kepler-1366 b","Kepler-1366",285.0648845,41.5548464,465.82600000,1.43000000,0.0273000000,2.16457096800,783.00,4070.00,0.600000,2016,"Transit"
"Kepler-903 c","Kepler-903",288.7710137,40.6641771,1369.24000000,2.53000000,0.3024900000,62.92285570000,462.00,5682.00,0.970000,2016,"Transit"
"Kepler-758 e","Kepler-758",293.0846115,41.1354049,1502.32000000,1.53000000,0.0829000000,8.19347190000,1144.00,6228.00,1.420000,2016,"Transit"
"Kepler-1417 b","Kepler-1417",290.9498966,40.6051970,991.84500000,1.00000000,0.1406200000,20.35052130000,695.00,5839.00,1.020000,2016,"Transit"
"Kepler-1322 b","Kepler-1322",293.2045009,45.4353919,1350.32000000,1.61000000,0.0183000000,0.96286738200,1666.00,5488.00,0.870000,2016,"Transit"
"Kepler-525 b","Kepler-525",296.1834239,47.3587776,992.85200000,2.63000000,0.1438600000,18.68404933000,832.00,5573.00,1.150000,2016,"Transit"
"Kepler-722 c","Kepler-722",290.2632874,44.5564051,1239.50000000,2.82000000,0.4471000000,105.14474900000,401.00,5863.00,1.050000,2016,"Transit"
"Kepler-1422 b","Kepler-1422",293.8902214,48.3360926,2465.84000000,2.02000000,0.1499000000,18.60519420000,833.00,6194.00,1.230000,2016,"Transit"
"Kepler-1327 b","Kepler-1327",289.0648073,50.4609183,678.06900000,1.80000000,0.1115100000,14.88801098000,831.00,5885.00,1.030000,2016,"Transit"
"Kepler-1368 b","Kepler-1368",294.7669795,41.6446434,1635.82000000,1.65000000,0.0153000000,0.67564948600,2085.00,5906.00,1.080000,2016,"Transit"
"Kepler-769 c","Kepler-769",292.7130925,38.3581685,1169.57000000,1.79000000,0.1297000000,15.98701740000,803.00,6186.00,1.280000,2016,"Transit"
"Kepler-770 c","Kepler-770",286.4904589,38.3748720,930.45700000,1.20000000,0.0309000000,1.47532231400,2740.00,5598.00,0.920000,2016,"Transit"
"Kepler-1430 b","Kepler-1430",289.6975391,43.3719581,875.52300000,1.18000000,0.0304000000,2.46050993000,969.00,4796.00,0.720000,2016,"Transit"
"Kepler-1431 b","Kepler-1431",292.6583919,49.8651522,1623.24000000,1.47000000,0.0648000000,5.86601526000,1064.00,5806.00,1.030000,2016,"Transit"
"Kepler-1328 b","Kepler-1328",284.6753857,44.4177225,813.54300000,0.98000000,0.0520000000,4.52158888000,1214.00,5780.00,0.990000,2016,"Transit"
"Kepler-1329 b","Kepler-1329",281.6476437,48.2709523,588.03700000,2.17000000,0.0747000000,9.33646594000,577.00,4500.00,0.690000,2016,"Transit"
"Kepler-527 b","Kepler-527",290.9579130,47.4062673,750.04000000,2.84000000,0.1164600000,13.28535633000,1157.00,6388.00,1.450000,2016,"Transit"
"Kepler-1371 b","Kepler-1371",288.8314251,47.5519753,515.33400000,0.73000000,0.0421400000,3.44620390000,1015.00,5361.00,0.830000,2016,"Transit"
"Kepler-770 d","Kepler-770",286.4904589,38.3748720,930.45700000,1.40000000,0.0616000000,4.15244722000,1941.00,5598.00,0.920000,2016,"Transit"
"Kepler-896 b","Kepler-896",282.4391402,43.7344291,2334.93000000,2.53000000,0.5637800000,144.54739600000,303.00,5262.00,0.810000,2016,"Transit"
"Kepler-1427 b","Kepler-1427",295.3496546,45.1145372,1220.00000000,1.10000000,0.0197000000,0.96897237600,1844.00,5793.00,1.010000,2016,"Transit"
"Kepler-1332 b","Kepler-1332",291.0286411,43.9137055,528.68500000,1.37000000,0.0991500000,11.87456832000,728.00,5581.00,0.900000,2016,"Transit"
"Kepler-1330 b","Kepler-1330",290.5767116,39.9568913,1720.48000000,1.65000000,0.0889000000,10.10769068000,879.00,5608.00,0.940000,2016,"Transit"
"Kepler-1373 b","Kepler-1373",285.7520229,39.2491731,1699.46000000,1.16000000,0.0259800000,1.29123275000,1887.00,6299.00,1.330000,2016,"Transit"
"Kepler-1374 b","Kepler-1374",291.3499783,45.1722521,1078.46000000,2.29000000,0.0918000000,10.65276707000,737.00,5323.00,0.810000,2016,"Transit"
"Kepler-1311 c","Kepler-1311",289.6512597,43.8244445,866.33100000,1.22000000,0.0375300000,2.53573424000,1671.00,5748.00,1.400000,2016,"Transit"
"Kepler-1428 b","Kepler-1428",297.6422563,49.5949580,1530.32000000,1.64000000,0.1105100000,10.67607169000,1049.00,6184.00,1.360000,2016,"Transit"
"Kepler-1429 b","Kepler-1429",285.3662532,49.0448172,1214.09000000,1.29000000,0.0550000000,4.48487493000,1199.00,5902.00,1.070000,2016,"Transit"
"Kepler-1335 b","Kepler-1335",284.8384394,42.0703371,621.85300000,1.45000000,0.0615000000,6.26406846000,809.00,4903.00,0.740000,2016,"Transit"
"Kepler-528 b","Kepler-528",295.6848595,47.7480914,784.23000000,2.08000000,0.1421900000,19.78297415000,708.00,5807.00,1.060000,2016,"Transit"
"Kepler-1321 c","Kepler-1321",294.5285970,46.6408737,769.14600000,2.40000000,0.0267000000,2.22649108600,697.00,4094.00,0.530000,2016,"Transit"
"Kepler-1433 b","Kepler-1433",287.3634559,49.4568649,1328.00000000,1.56000000,0.0516000000,4.13592271000,1226.00,6097.00,1.190000,2016,"Transit"
"Kepler-1337 b","Kepler-1337",287.0091176,46.7961229,601.62900000,2.41000000,0.1441000000,24.40025490000,437.00,4523.00,0.670000,2016,"Transit"
"Kepler-1339 b","Kepler-1339",283.7457695,48.3734690,371.04900000,0.71000000,0.0235600000,1.34155512700,1642.00,5586.00,0.930000,2016,"Transit"
"Kepler-1377 b","Kepler-1377",289.1954229,46.6516055,1146.10000000,1.25000000,0.0153000000,0.74092842200,1873.00,5218.00,0.820000,2016,"Transit"
"Kepler-1378 b","Kepler-1378",297.3734030,40.3663986,506.43400000,2.20000000,0.0885000000,11.95398936000,525.00,4407.00,0.670000,2016,"Transit"
"Kepler-1370 c","Kepler-1370",284.5656897,41.7784781,1004.10000000,1.27000000,0.0808400000,7.44142113000,1075.00,6202.00,1.290000,2016,"Transit"
"Kepler-1295 b","Kepler-1295",291.3978451,45.5885530,1174.46000000,1.55000000,0.0464000000,3.81371974000,1029.00,5486.00,0.890000,2016,"Transit"
"Kepler-1296 b","Kepler-1296",292.1251038,41.4077928,1551.54000000,0.91000000,0.0896000000,8.38398650000,1285.00,5359.00,0.830000,2016,"Transit"
"Kepler-1341 b","Kepler-1341",280.5116813,44.1593503,476.95700000,2.99000000,0.4726700000,132.99683220000,241.00,4662.00,0.720000,2016,"Transit"
"Kepler-529 b","Kepler-529",285.8884067,47.8803640,799.00800000,1.86000000,0.0309000000,1.98035766300,1662.00,6087.00,1.140000,2016,"Transit"
"Kepler-1380 b","Kepler-1380",288.1160421,42.4403832,2462.94000000,1.43000000,0.0917000000,10.31082450000,786.00,5570.00,0.940000,2016,"Transit"
"Kepler-1391 b","Kepler-1391",294.8309749,46.6595768,1038.35000000,1.68000000,0.3004500000,54.40923330000,513.00,5840.00,1.100000,2016,"Transit"
"Kepler-1392 b","Kepler-1392",288.7669819,46.3944497,1117.00000000,1.96000000,0.1189000000,15.14103970000,714.00,5479.00,0.850000,2016,"Transit"
"Kepler-1297 b","Kepler-1297",289.9564415,47.0203466,1439.47000000,0.97000000,0.0283000000,1.68189002000,1790.00,5818.00,0.990000,2016,"Transit"
"Kepler-1343 b","Kepler-1343",294.2944830,50.7253850,1756.71000000,1.93000000,0.0449000000,3.35183158000,1294.00,5759.00,0.930000,2016,"Transit"
"Kepler-1344 b","Kepler-1344",287.0862799,46.9457998,853.95900000,1.84000000,0.0550100000,4.76830490000,1219.00,5981.00,1.130000,2016,"Transit"
"Kepler-1383 b","Kepler-1383",297.9447714,42.1918449,1027.21000000,1.41000000,0.1139700000,13.90935830000,928.00,6370.00,1.440000,2016,"Transit"
"Kepler-1381 b","Kepler-1381",287.5357911,48.7277830,1197.04000000,2.25000000,0.1728000000,25.38426860000,649.00,5747.00,0.940000,2016,"Transit"
"Kepler-1393 b","Kepler-1393",284.4594558,40.1424756,544.45600000,0.80000000,0.0337000000,2.44357812000,1249.00,5697.00,0.920000,2016,"Transit"
"Kepler-1300 b","Kepler-1300",289.0330532,40.0869182,777.02500000,1.37000000,0.1600500000,22.24190920000,954.00,6130.00,1.790000,2016,"Transit"
"Kepler-616 c","Kepler-616",294.9891370,46.8383058,945.77500000,3.41000000,0.4024000000,90.41135560000,413.00,5753.00,0.970000,2016,"Transit"
"Kepler-1347 b","Kepler-1347",299.6595903,40.8438526,321.00000000,1.03000000,0.1040000000,14.00947528000,617.00,5193.00,0.790000,2016,"Transit"
"Kepler-1345 b","Kepler-1345",292.4779428,46.0228210,1355.02000000,2.36000000,0.2641200000,44.61695570000,693.00,6449.00,1.550000,2016,"Transit"
"Kepler-1385 b","Kepler-1385",282.6313559,46.4810220,688.79500000,0.85000000,0.0426200000,2.88879862000,1423.00,5732.00,1.290000,2016,"Transit"
"Kepler-1384 b","Kepler-1384",296.2151275,39.5270248,618.00000000,1.94000000,0.1126000000,15.36262753000,608.00,4919.00,0.740000,2016,"Transit"
"Kepler-1397 b","Kepler-1397",299.6758812,47.0758234,1198.25000000,1.72000000,0.2586100000,47.44995500000,551.00,6026.00,1.120000,2016,"Transit"
"Kepler-1398 b","Kepler-1398",294.8661073,48.6389923,852.20400000,0.90000000,0.0390900000,2.78815679000,1510.00,6126.00,1.180000,2016,"Transit"
"Kepler-1396 b","Kepler-1396",294.3363936,44.9182296,1066.46000000,2.07000000,0.1406000000,18.22064210000,786.00,6195.00,1.270000,2016,"Transit"
"Kepler-1302 b","Kepler-1302",290.9892462,50.3080640,634.58000000,1.43000000,0.0795000000,8.83922659000,778.00,5236.00,0.820000,2016,"Transit"
"Kepler-1304 b","Kepler-1304",285.2763652,39.4468274,2176.08000000,2.29000000,0.1202000000,16.12888530000,715.00,5259.00,0.810000,2016,"Transit"
"Kepler-1350 b","Kepler-1350",288.2506110,46.6794847,340.69100000,2.52000000,0.0413000000,4.49686040000,535.00,3827.00,0.530000,2016,"Transit"
"Kepler-1348 b","Kepler-1348",292.0874126,49.7887090,1213.82000000,1.94000000,0.1834000000,27.57227420000,636.00,5911.00,1.040000,2016,"Transit"
"Kepler-1387 b","Kepler-1387",292.4403029,43.2093456,455.35800000,0.93000000,0.0310000000,2.27952665600,1123.00,5046.00,0.770000,2016,"Transit"
"Kepler-1398 c","Kepler-1398",294.8661073,48.6389923,852.20400000,1.03000000,0.0508700000,4.13827595000,1324.00,6126.00,1.180000,2016,"Transit"
"Kepler-1400 b","Kepler-1400",286.2716827,45.4408055,752.23700000,1.62000000,0.0771000000,9.06689421000,725.00,5044.00,0.780000,2016,"Transit"
"Kepler-1307 b","Kepler-1307",292.8698348,46.7418679,1014.62000000,2.47000000,0.1369000000,18.01621096000,768.00,5884.00,1.080000,2016,"Transit"
"Kepler-1351 b","Kepler-1351",293.6084289,42.1978746,202.78200000,0.65000000,0.0156000000,0.91614076800,1212.00,4439.00,0.670000,2016,"Transit"
"Kepler-521 b","Kepler-521",298.8163801,43.9980203,830.63800000,3.18000000,0.1711600000,22.20813214000,803.00,6406.00,1.460000,2016,"Transit"
"Kepler-1390 b","Kepler-1390",298.6624419,48.2488659,723.43100000,1.18000000,0.0662000000,6.48021673000,934.00,5753.00,0.980000,2016,"Transit"
"Kepler-531 b","Kepler-531",286.5246582,48.6835481,252.76200000,2.78000000,0.1744600000,29.88485741000,453.00,4893.00,0.750000,2016,"Transit"
"Kepler-1389 b","Kepler-1389",285.7174414,44.7583487,497.09300000,1.77000000,0.3824900000,99.25309510000,300.00,5078.00,0.740000,2016,"Transit"
"Kepler-1401 b","Kepler-1401",287.4660334,40.7584200,1425.43000000,1.68000000,0.0975000000,11.20066445000,808.00,5964.00,1.100000,2016,"Transit"
"Kepler-1402 b","Kepler-1402",291.8478341,48.9681664,1493.64000000,0.76000000,0.0322000000,2.03387914000,1789.00,5416.00,0.870000,2016,"Transit"
"Kepler-1308 b","Kepler-1308",285.9287514,38.5207097,112.70500000,0.52000000,0.0250000000,2.10433811900,662.00,3468.00,0.340000,2016,"Transit"
"Kepler-1309 b","Kepler-1309",298.7351131,40.7641262,845.00000000,2.37000000,0.1679000000,28.84326470000,491.00,5235.00,0.800000,2016,"Transit"
"Kepler-1352 b","Kepler-1352",290.6937988,48.7014417,670.82900000,0.89000000,0.0288300000,1.87788274800,1701.00,6118.00,1.160000,2016,"Transit"
"Kepler-1353 b","Kepler-1353",295.7353911,42.5762317,593.38400000,1.80000000,0.1530000000,24.75439660000,491.00,4776.00,0.720000,2016,"Transit"
"Kepler-532 b","Kepler-532",298.6609094,48.6063022,312.79800000,2.57000000,0.1015100000,12.92491623000,620.00,5192.00,0.790000,2016,"Transit"
"Kepler-1403 b","Kepler-1403",290.8676391,38.9600779,2163.90000000,2.14000000,0.0640000000,5.19492202000,1238.00,6060.00,1.150000,2016,"Transit"
"Kepler-1405 b","Kepler-1405",295.6848822,39.2561274,1530.30000000,3.96000000,0.1778000000,28.22741840000,565.00,5925.00,1.070000,2016,"Transit"
"Kepler-1310 b","Kepler-1310",283.9200236,40.7400419,569.18500000,1.44000000,0.0145200000,0.67933627200,1883.00,5549.00,0.880000,2016,"Transit"
"Kepler-1312 b","Kepler-1312",292.9712801,41.0357494,299.10400000,2.10000000,0.0605300000,5.44832528600,978.00,5719.00,0.920000,2016,"Transit"
"Kepler-517 b","Kepler-517",293.6755138,41.2952061,289.90700000,2.67000000,0.2868200000,60.92832271000,467.00,5690.00,0.980000,2016,"Transit"
"Kepler-1356 b","Kepler-1356",290.9953825,43.2438792,845.22800000,1.53000000,0.0136000000,0.63400293700,1714.00,5106.00,0.780000,2016,"Transit"
"Kepler-1354 b","Kepler-1354",291.2451266,37.7590079,1119.45000000,2.97000000,0.3521000000,76.61337700000,466.00,6168.00,1.240000,2016,"Transit"
"Kepler-1050 c","Kepler-1050",282.9249847,48.6264015,490.48800000,1.48000000,0.1526400000,21.12845690000,935.00,6010.00,1.130000,2016,"Transit"
"Kepler-1407 b","Kepler-1407",283.9424274,41.4715535,1396.41000000,2.25000000,0.1502000000,20.07115040000,826.00,6010.00,1.150000,2016,"Transit"
"Kepler-1313 b","Kepler-1313",292.3885820,42.2332767,174.23400000,1.76000000,0.0461900000,3.83309117800,1012.00,5453.00,0.850000,2016,"Transit"
"Kepler-1359 b","Kepler-1359",289.5388180,41.8928154,614.85900000,2.83000000,0.2665700000,59.49709520000,369.00,4709.00,0.720000,2016,"Transit"
"Kepler-1360 b","Kepler-1360",300.3440482,45.6231826,1516.27000000,3.40000000,0.2866000000,40.52864130000,933.00,6778.00,1.830000,2016,"Transit"
"Kepler-1611 b","Kepler-1611",296.5120204,49.7277506,908.44400000,0.81000000,0.0586000000,5.17624290000,1243.00,5605.00,0.930000,2016,"Transit"
"Kepler-1463 b","Kepler-1463",294.4872785,42.0069064,1687.47000000,1.86000000,0.1694000000,25.15864000000,619.00,5679.00,0.950000,2016,"Transit"
"Kepler-1543 b","Kepler-1543",297.1242915,47.0369876,921.78400000,2.71000000,0.0867000000,6.96710269000,1774.00,6561.00,1.650000,2016,"Transit"
"Kepler-1578 b","Kepler-1578",288.3021104,47.7756227,1064.05000000,1.04000000,0.0252000000,1.45088690700,1700.00,5545.00,0.860000,2016,"Transit"
"Kepler-626 b","Kepler-626",288.6986828,39.7082044,635.64300000,2.29000000,0.1091300000,14.48585199000,784.00,5813.00,1.050000,2016,"Transit"
"Kepler-1465 b","Kepler-1465",289.8194222,51.9048541,359.49700000,1.77000000,0.1939000000,31.82771110000,668.00,4726.00,0.710000,2016,"Transit"
"Kepler-1466 b","Kepler-1466",289.8312418,44.6098415,631.94900000,1.55000000,0.1798100000,31.17504480000,585.00,5884.00,1.020000,2016,"Transit"
"Kepler-1546 b","Kepler-1546",297.5839183,41.5411993,931.95600000,3.13000000,0.1366000000,19.59749710000,671.00,5623.00,0.930000,2016,"Transit"
"Kepler-1548 b","Kepler-1548",287.4711817,46.0805706,872.27900000,2.64000000,0.4679000000,124.82867900000,350.00,5706.00,0.970000,2016,"Transit"
"Kepler-1613 b","Kepler-1613",289.8750066,43.4209318,1508.33000000,2.08000000,0.0275500000,1.51842990000,1926.00,6005.00,1.120000,2016,"Transit"
"Kepler-1468 c","Kepler-1468",293.5198289,41.2773671,1899.24000000,1.15000000,0.0466000000,3.54553021000,1448.00,5893.00,1.050000,2016,"Transit"
"Kepler-1582 b","Kepler-1582",289.3765441,41.1580845,78.89060000,1.49000000,0.0316000000,4.83817712000,354.00,3208.00,0.300000,2016,"Transit"
"Kepler-1469 b","Kepler-1469",293.8213286,39.3913385,1159.30000000,2.80000000,0.1466000000,21.86353010000,551.00,5507.00,0.890000,2016,"Transit"
"Kepler-633 b","Kepler-633",295.2173259,40.5921599,680.54000000,1.63000000,0.0818500000,8.50340718000,1021.00,5899.00,1.150000,2016,"Transit"
"Kepler-1550 b","Kepler-1550",287.7646113,38.2947076,1179.01000000,3.02000000,0.7681000000,225.58280900000,348.00,5991.00,1.110000,2016,"Transit"
"Kepler-1552 b","Kepler-1552",291.6768669,38.8749152,769.09600000,2.47000000,0.6011000000,184.77185300000,268.00,5202.00,0.780000,2016,"Transit"
"Kepler-1584 b","Kepler-1584",287.7626791,43.2743929,1416.31000000,1.61000000,0.1168000000,13.39970990000,886.00,6069.00,1.130000,2016,"Transit"
"Kepler-556 b","Kepler-556",290.5294799,38.9427306,674.59800000,2.24000000,0.0983300000,11.72292176000,766.00,5740.00,0.980000,2016,"Transit"
"Kepler-629 b","Kepler-629",289.4179128,39.9450757,372.05000000,1.38000000,0.0710700000,7.23858540000,816.00,5444.00,0.840000,2016,"Transit"
"Kepler-630 b","Kepler-630",293.4270647,39.9423967,839.78400000,3.18000000,0.5620100000,161.47439370000,343.00,5829.00,1.040000,2016,"Transit"
"Kepler-1470 b","Kepler-1470",288.6949475,39.8830802,590.60100000,1.07000000,0.1160000000,16.29509030000,574.00,4961.00,0.760000,2016,"Transit"
"Kepler-1475 b","Kepler-1475",295.9482766,44.7530960,1568.38000000,2.92000000,0.3730000000,82.17737400000,441.00,6214.00,1.280000,2016,"Transit"
"Kepler-1476 b","Kepler-1476",284.5320743,43.9898971,1002.74000000,1.67000000,0.0932000000,10.35863224000,860.00,5663.00,0.960000,2016,"Transit"
"Kepler-154 f","Kepler-154",289.7805393,49.8965624,915.21200000,1.50000000,0.0883200000,9.91935684000,838.00,5769.00,0.980000,2016,"Transit"
"Kepler-1165 b","Kepler-1165",286.9712284,44.7082669,1575.20000000,1.55000000,0.0914000000,9.47852200000,946.00,6080.00,1.180000,2016,"Transit"
"Kepler-1587 b","Kepler-1587",292.6777294,49.6638666,1026.48000000,1.33000000,0.0874700000,9.40604670000,981.00,5933.00,1.220000,2016,"Transit"
"Kepler-579 b","Kepler-579",295.0020771,39.9528613,530.76500000,2.00000000,0.0854000000,9.66857723000,730.00,5636.00,0.960000,2016,"Transit"
"Kepler-1619 b","Kepler-1619",285.7035950,44.4221528,734.85000000,0.76000000,0.1541300000,23.62259130000,797.00,5852.00,1.000000,2016,"Transit"
"Kepler-132 e","Kepler-132",283.2358100,41.3430370,349.54900000,1.18000000,0.4392700000,110.28693740000,414.00,6023.00,1.100000,2016,"Transit"
"Kepler-1471 b","Kepler-1471",289.6649171,50.0200612,978.67800000,1.41000000,0.0453000000,3.63899398000,1238.00,5660.00,0.930000,2016,"Transit"
"Kepler-1554 b","Kepler-1554",286.5760160,41.7415762,946.84700000,2.90000000,0.5952700000,198.08877400000,288.00,5297.00,0.810000,2016,"Transit"
"Kepler-541 b","Kepler-541",294.1496529,38.4582070,1060.68000000,3.36000000,0.0644700000,5.08005848000,1673.00,6166.00,2.060000,2016,"Transit"
"Kepler-1589 b","Kepler-1589",294.4418236,40.5716114,1513.14000000,1.09000000,0.0205000000,0.99166527400,2102.00,6166.00,1.250000,2016,"Transit"
"Kepler-686 b","Kepler-686",285.2138190,39.0274660,1490.94000000,12.15000000,0.0258000000,1.59474546300,1539.00,5649.00,0.920000,2016,"Transit"
"Kepler-1473 b","Kepler-1473",290.6365144,48.9961494,652.25300000,1.19000000,0.1160600000,14.42735510000,783.00,6046.00,1.090000,2016,"Transit"
"Kepler-1472 b","Kepler-1472",294.8526163,49.0574468,1479.14000000,1.90000000,0.2322000000,38.13128310000,613.00,6159.00,1.250000,2016,"Transit"
"Kepler-1474 b","Kepler-1474",294.6940261,45.8668090,1180.90000000,2.16000000,0.2108000000,36.43334520000,561.00,5870.00,1.040000,2016,"Transit"
"Kepler-1556 b","Kepler-1556",288.3969751,40.2131892,944.54000000,1.96000000,0.0829000000,8.82713457000,797.00,5608.00,0.950000,2016,"Transit"
"Kepler-542 b","Kepler-542",292.2149697,38.5485469,436.01600000,1.57000000,0.1070300000,13.14497566000,698.00,5526.00,0.900000,2016,"Transit"
"Kepler-1592 b","Kepler-1592",293.8506230,38.3977379,1639.47000000,1.54000000,0.0400000000,3.05710069000,1202.00,6213.00,1.280000,2016,"Transit"
"Kepler-1623 b","Kepler-1623",294.0826970,39.5560655,837.48100000,1.31000000,0.0518000000,4.36128348000,1000.00,5772.00,1.000000,2016,"Transit"
"Kepler-1622 b","Kepler-1622",297.3288329,47.8154590,796.47700000,1.47000000,0.1013600000,10.81187370000,922.00,6436.00,1.500000,2016,"Transit"
"Kepler-631 b","Kepler-631",296.8857240,40.2281717,761.96600000,2.90000000,0.1401700000,17.97979059000,828.00,6185.00,1.330000,2016,"Transit"
"Kepler-1477 b","Kepler-1477",281.2985305,42.6856727,680.82800000,1.18000000,0.0911000000,11.55530021000,674.00,5100.00,0.780000,2016,"Transit"
"Kepler-1478 b","Kepler-1478",293.1650085,41.7461840,1845.58000000,1.73000000,0.1681000000,26.08405940000,598.00,5904.00,1.060000,2016,"Transit"
"Kepler-1558 b","Kepler-1558",286.8194349,46.9117837,325.73700000,0.68000000,0.0427800000,3.50470358000,1019.00,5101.00,0.790000,2016,"Transit"
"Kepler-1557 b","Kepler-1557",293.8813592,46.8388172,1380.16000000,1.53000000,0.0490000000,3.74032496000,1287.00,6099.00,1.170000,2016,"Transit"
"Kepler-544 b","Kepler-544",294.0290734,39.0517893,963.18000000,2.12000000,0.1548200000,21.41616926000,748.00,6206.00,1.220000,2016,"Transit"
"Kepler-1442 b","Kepler-1442",291.2556226,48.8469171,608.68000000,3.93000000,0.4081400000,81.41629410000,522.00,6394.00,1.440000,2016,"Transit"
"Kepler-1435 b","Kepler-1435",291.1732806,44.9210836,704.21100000,0.86000000,0.0545600000,4.45343281000,1331.00,6356.00,1.320000,2016,"Transit"
"Kepler-1559 b","Kepler-1559",292.2866565,42.0725948,614.82700000,0.72000000,0.0183500000,0.97191542800,1609.00,5316.00,0.820000,2016,"Transit"
"Kepler-1596 b","Kepler-1596",285.5575066,49.3300866,2146.23000000,1.90000000,0.3237000000,66.37337900000,471.00,5706.00,0.920000,2016,"Transit"
"Kepler-403 d","Kepler-403",289.9214256,46.7445267,840.26900000,1.42000000,0.1217800000,13.61159129000,958.00,6209.00,1.450000,2016,"Transit"
"Kepler-1443 b","Kepler-1443",283.4357392,47.0667983,593.64600000,0.97000000,0.0378300000,2.41811321000,1602.00,6289.00,1.270000,2016,"Transit"
"Kepler-1438 b","Kepler-1438",289.2898190,40.6816262,1154.13000000,0.94000000,0.0346000000,2.31942009000,1490.00,5530.00,0.960000,2016,"Transit"
"Kepler-1562 b","Kepler-1562",294.4556567,46.7435353,2060.72000000,3.55000000,0.3308000000,64.27377520000,554.00,5760.00,1.050000,2016,"Transit"
"Kepler-1561 b","Kepler-1561",296.9235822,43.5664628,839.07600000,1.09000000,0.0194000000,1.00520700700,1682.00,5957.00,1.110000,2016,"Transit"
"Kepler-1598 b","Kepler-1598",288.4691070,46.7836464,619.86200000,0.95000000,0.0520700000,4.34195123000,1236.00,5940.00,1.090000,2016,"Transit"
"Kepler-1445 b","Kepler-1445",280.2495197,43.9150665,506.35700000,0.96000000,0.0958700000,10.60052251000,987.00,6150.00,1.260000,2016,"Transit"
"Kepler-511 b","Kepler-511",282.9455384,47.5749181,651.99900000,6.35000000,0.8567200000,296.63786500000,332.00,5770.00,1.200000,2016,"Transit"
"Kepler-1564 b","Kepler-1564",290.5861316,46.6427486,908.80500000,1.47000000,0.1327000000,18.05403810000,635.00,5528.00,0.900000,2016,"Transit"
"Kepler-1563 b","Kepler-1563",288.5735936,51.4727698,616.69700000,0.75000000,0.0442000000,3.43276598000,1134.00,5765.00,0.990000,2016,"Transit"
"Kepler-1565 b","Kepler-1565",297.9529793,40.8067876,629.93000000,1.19000000,0.0241000000,1.53818843700,1234.00,4940.00,0.730000,2016,"Transit"
"Kepler-1602 b","Kepler-1602",293.5808607,40.4275396,629.80400000,1.34000000,0.0974400000,11.17931605000,1159.00,6296.00,1.360000,2016,"Transit"
"Kepler-1448 b","Kepler-1448",287.8674123,50.5955846,768.90300000,1.61000000,0.1058000000,12.27065865000,811.00,5774.00,0.930000,2016,"Transit"
"Kepler-1449 b","Kepler-1449",288.2317293,50.5678345,2006.48000000,1.68000000,0.1176000000,13.22745280000,867.00,5979.00,1.100000,2016,"Transit"
"Kepler-1566 b","Kepler-1566",283.5875459,40.5749018,466.58600000,0.79000000,0.0119800000,0.53991523800,1871.00,5254.00,0.810000,2016,"Transit"
"Kepler-1567 b","Kepler-1567",286.6951530,40.2918894,1206.11000000,2.73000000,0.5520000000,153.97957800000,330.00,5655.00,0.930000,2016,"Transit"
"Kepler-597 b","Kepler-597",293.4700919,39.2528182,663.41800000,2.37000000,0.1091600000,13.02365861000,743.00,5683.00,0.950000,2016,"Transit"
"Kepler-1603 b","Kepler-1603",295.3298254,42.5349698,2712.58000000,1.29000000,0.0351000000,2.27163926000,1522.00,6241.00,1.310000,2016,"Transit"
"Kepler-1450 b","Kepler-1450",294.5536825,45.0813011,505.82900000,1.71000000,0.2401000000,54.50941660000,308.00,4524.00,0.680000,2016,"Transit"
"Kepler-1451 b","Kepler-1451",293.4464227,40.4098813,1058.72000000,3.35000000,0.2101000000,35.62223300000,523.00,5782.00,0.990000,2016,"Transit"
"Kepler-603 d","Kepler-603",294.2809679,42.2909295,1539.63000000,1.32000000,0.0711700000,6.21712920000,1098.00,5808.00,1.010000,2016,"Transit"
"Kepler-605 c","Kepler-605",287.2954015,43.2798677,556.58000000,0.86000000,0.0333600000,2.35895151500,1278.00,5462.00,0.880000,2016,"Transit"
"Kepler-1568 b","Kepler-1568",289.1826808,47.8733301,916.31300000,1.30000000,0.1515700000,20.92539200000,729.00,5956.00,1.190000,2016,"Transit"
"Kepler-1606 b","Kepler-1606",286.3782987,43.0732287,831.28700000,2.07000000,0.6421000000,196.43522400000,324.00,5422.00,0.860000,2016,"Transit"
"Kepler-1452 b","Kepler-1452",292.4227920,38.2662824,996.32000000,2.70000000,0.2576400000,42.91375100000,810.00,6101.00,2.060000,2016,"Transit"
"Kepler-1571 b","Kepler-1571",300.9354067,45.5964836,675.30300000,1.52000000,0.0428700000,3.38555488000,1476.00,6297.00,1.390000,2016,"Transit"
"Kepler-1570 b","Kepler-1570",299.8617842,45.8274232,918.99500000,1.07000000,0.1669900000,26.54895500000,836.00,5550.00,0.890000,2016,"Transit"
"Kepler-1572 b","Kepler-1572",281.8973341,46.7227061,946.60200000,0.94000000,0.0583800000,5.49548621000,1293.00,5618.00,0.950000,2016,"Transit"
"Kepler-1607 b","Kepler-1607",296.0598685,42.6560582,1286.10000000,0.92000000,0.1197800000,13.64736760000,913.00,6116.00,1.210000,2016,"Transit"
"Kepler-1609 b","Kepler-1609",290.1465356,39.6658026,1826.04000000,2.22000000,0.4679000000,114.34219000000,429.00,6132.00,1.270000,2016,"Transit"
"Kepler-1457 b","Kepler-1457",283.7705481,42.0272030,889.88500000,1.99000000,0.2639100000,51.11102430000,478.00,5866.00,1.010000,2016,"Transit"
"Kepler-1458 b","Kepler-1458",283.2115971,41.0380135,544.45000000,2.76000000,0.2486900000,47.98727640000,493.00,5653.00,0.940000,2016,"Transit"
"Kepler-217 d","Kepler-217",293.0377331,46.2775223,1104.64000000,1.32000000,0.0534000000,3.88689525000,1574.00,6341.00,1.760000,2016,"Transit"
"Kepler-625 c","Kepler-625",292.1504723,39.6375254,760.70800000,1.05000000,0.0537900000,4.16536510000,1048.00,5789.00,0.960000,2016,"Transit"
"Kepler-653 c","Kepler-653",282.2130447,46.7177898,595.63400000,0.78000000,0.0185500000,0.90037647600,2078.00,5665.00,1.190000,2016,"Transit"
"Kepler-1575 b","Kepler-1575",293.7432102,45.7615507,1246.92000000,1.31000000,0.0366000000,2.55314213000,1312.00,5667.00,0.920000,2016,"Transit"
"Kepler-578 b","Kepler-578",288.7549882,39.5636960,541.43200000,2.00000000,0.0266000000,1.61688369600,1774.00,5334.00,0.830000,2016,"Transit"
"Kepler-1461 b","Kepler-1461",285.8305091,43.1983770,679.10600000,2.03000000,0.1715000000,29.34947750000,451.00,4919.00,0.740000,2016,"Transit"
"Kepler-1541 b","Kepler-1541",283.7870875,48.0296019,416.69200000,1.16000000,0.0755500000,8.40691199000,1048.00,5282.00,0.810000,2016,"Transit"
"Kepler-1576 b","Kepler-1576",289.0739641,40.3660239,460.91000000,1.04000000,0.0721100000,6.98471973000,1059.00,5876.00,1.060000,2016,"Transit"
"Kepler-603 b","Kepler-603",294.2809679,42.2909295,1539.63000000,2.65000000,0.1605200000,21.05358596000,731.00,5808.00,1.010000,2016,"Transit"
"Kepler-640 b","Kepler-640",296.0322000,42.1317392,557.78700000,2.56000000,0.1541800000,22.24813967000,609.00,5653.00,0.940000,2016,"Transit"
"Kepler-722 b","Kepler-722",290.2632874,44.5564051,1239.50000000,2.63000000,0.0514000000,4.09357325200,1182.00,5863.00,1.050000,2016,"Transit"
"Kepler-634 b","Kepler-634",291.1950900,40.7027352,888.02700000,1.89000000,0.0576500000,5.16950177000,1309.00,6075.00,1.240000,2016,"Transit"
"Kepler-701 b","Kepler-701",288.9941800,41.6333125,774.15200000,2.84000000,0.0895000000,10.35533177000,777.00,5343.00,0.840000,2016,"Transit"
"Kepler-709 b","Kepler-709",292.1052720,42.3803077,664.84300000,2.92000000,0.1173000000,16.08524954000,613.00,5071.00,0.770000,2016,"Transit"
"Kepler-1625 b","Kepler-1625",295.4293220,39.8865068,2310.11000000,6.06000000,0.8776200000,287.37894900000,350.00,5677.00,0.940000,2016,"Transit"
"Kepler-1501 b","Kepler-1501",289.9185890,42.0014280,749.06000000,1.56000000,0.1159200000,14.55645330000,787.00,6229.00,1.300000,2016,"Transit"
"Kepler-1500 b","Kepler-1500",288.8834740,39.7446547,1217.82000000,1.20000000,0.1236000000,15.03301050000,928.00,5845.00,1.000000,2016,"Transit"
"Kepler-1522 b","Kepler-1522",289.8432347,52.0702094,814.12500000,1.73000000,0.0288000000,1.84788917100,1374.00,5706.00,0.930000,2016,"Transit"
"Kepler-702 b","Kepler-702",293.8781041,41.6617245,992.07100000,9.17000000,0.0880000000,10.52629406300,713.00,5419.00,0.860000,2016,"Transit"
"Kepler-641 b","Kepler-641",291.8235292,42.5161945,969.91800000,1.85000000,0.0895000000,9.48961571000,926.00,5713.00,1.130000,2016,"Transit"
"Kepler-1626 b","Kepler-1626",296.5004384,40.7212069,1368.83000000,2.02000000,0.0537000000,4.13962966000,1352.00,6826.00,1.850000,2016,"Transit"
"Kepler-609 b","Kepler-609",292.2203009,44.6999902,1065.82000000,3.35000000,0.0682000000,6.52121066600,932.00,5971.00,1.140000,2016,"Transit"
"Kepler-724 b","Kepler-724",293.4548441,44.7927823,853.11900000,3.29000000,0.0433000000,3.31494633800,1155.00,5437.00,0.860000,2016,"Transit"
"Kepler-1504 b","Kepler-1504",289.7119947,50.1282265,2435.94000000,2.13000000,0.3704000000,82.30400300000,485.00,5393.00,0.810000,2016,"Transit"
"Kepler-1505 b","Kepler-1505",292.0020614,41.7869639,495.14800000,0.93000000,0.1829800000,30.86093660000,525.00,5686.00,0.860000,2016,"Transit"
"Kepler-1524 b","Kepler-1524",293.8853557,39.5198348,381.77300000,3.54000000,0.3392000000,70.96746030000,438.00,6179.00,1.250000,2016,"Transit"
"Kepler-495 b","Kepler-495",285.9307362,39.0981201,658.92400000,5.23000000,0.0427000000,3.41303622100,1200.00,5346.00,0.830000,2016,"Transit"
"Kepler-710 b","Kepler-710",291.9641255,42.6961308,1448.34000000,1.88000000,0.0524000000,4.34728552700,1174.00,5611.00,0.910000,2016,"Transit"
"Kepler-540 b","Kepler-540",290.6249953,44.8737757,390.37400000,2.71000000,0.5882200000,172.70497840000,355.00,5946.00,1.080000,2016,"Transit"
"Kepler-1644 b","Kepler-1644",285.4750512,48.0348356,629.27000000,1.88000000,0.1420000000,21.09077580000,606.00,5499.00,0.860000,2016,"Transit"
"Kepler-1507 b","Kepler-1507",288.5616269,46.5361247,320.47800000,0.84000000,0.1194600000,16.05062130000,630.00,5410.00,0.850000,2016,"Transit"
"Kepler-1506 b","Kepler-1506",290.1498822,41.4645625,2366.02000000,1.32000000,0.1168000000,14.03291540000,783.00,5676.00,0.930000,2016,"Transit"
"Kepler-1086 c","Kepler-1086",295.2511870,45.8429537,466.08400000,2.94000000,0.5030000000,161.51633450000,211.00,4350.00,0.660000,2016,"Transit"
"Kepler-604 b","Kepler-604",292.3159795,42.6262429,1026.49000000,2.59000000,0.1735000000,25.85501786000,637.00,5890.00,1.030000,2016,"Transit"
"Kepler-1627 b","Kepler-1627",284.0566675,41.5767277,317.43700000,3.69000000,0.0643000000,7.20283653000,794.00,5445.00,0.840000,2016,"Transit"
"Kepler-1510 b","Kepler-1510",298.9591432,48.2578295,1696.25000000,3.36000000,0.4089000000,84.70392100000,537.00,6200.00,1.280000,2016,"Transit"
"Kepler-1511 b","Kepler-1511",288.4211892,43.1797730,1475.60000000,1.68000000,0.1753000000,23.23827920000,903.00,6064.00,1.290000,2016,"Transit"
"Kepler-1526 b","Kepler-1526",285.1197266,38.8664618,555.57400000,2.43000000,0.0418000000,3.90863200500,787.00,4601.00,0.690000,2016,"Transit"
"Kepler-643 b","Kepler-643",290.3272423,42.8982283,1063.58000000,10.16000000,0.1348500000,16.33889626000,963.00,4908.00,2.520000,2016,"Transit"
"Kepler-642 b","Kepler-642",293.8345542,42.6249480,781.58200000,2.90000000,0.0563100000,4.41745855000,1810.00,6570.00,1.660000,2016,"Transit"
"Kepler-711 b","Kepler-711",297.4600468,42.8398172,624.57500000,3.41000000,0.1429000000,23.58914398000,487.00,5222.00,0.800000,2016,"Transit"
"Kepler-726 b","Kepler-726",291.7172776,44.8873466,762.08100000,3.26000000,0.1406000000,21.80451088000,543.00,5452.00,0.850000,2016,"Transit"
"Kepler-401 d","Kepler-401",290.0827494,50.8634361,965.56000000,2.27000000,0.6688600000,184.25640500000,380.00,6184.00,1.290000,2016,"Transit"
"Kepler-1512 b","Kepler-1512",289.2744976,44.4704056,162.00000000,1.18000000,0.1369300000,20.35972599000,322.00,4372.00,0.670000,2016,"Transit"
"Kepler-1528 b","Kepler-1528",287.4029864,46.5740084,817.53400000,1.46000000,0.0296000000,1.79111020500,1549.00,5857.00,1.030000,2016,"Transit"
"Kepler-1529 b","Kepler-1529",289.8707469,41.0407482,661.01400000,2.10000000,0.0525000000,5.33905686000,817.00,5048.00,0.770000,2016,"Transit"
"Kepler-1388 d","Kepler-1388",283.3360156,47.1744499,453.79500000,2.86000000,0.1260000000,20.95681580000,363.00,4098.00,0.610000,2016,"Transit"
"Kepler-622 b","Kepler-622",284.4784454,40.9331723,284.76100000,2.13000000,0.0978000000,14.28226676000,446.00,4201.00,0.610000,2016,"Transit"
"Kepler-1530 b","Kepler-1530",288.1624396,48.1651530,489.87600000,1.64000000,0.0355300000,2.59044340000,1484.00,5477.00,0.880000,2016,"Transit"
"Kepler-1530 c","Kepler-1530",288.1624396,48.1651530,489.87600000,1.65000000,0.0574400000,5.32274060000,1167.00,5477.00,0.880000,2016,"Transit"
"Kepler-1632 b","Kepler-1632",294.4948769,43.9135575,716.76000000,2.47000000,0.6762000000,448.30355800000,369.00,6137.00,1.190000,2016,"Transit"
"Kepler-1631 b","Kepler-1631",294.6325781,43.8076687,1305.99000000,1.35000000,0.0511000000,4.09513932000,1122.00,5679.00,0.950000,2016,"Transit"
"Kepler-1534 b","Kepler-1534",292.3953730,43.8691326,1107.00000000,1.89000000,0.0599000000,5.71668872000,955.00,5442.00,0.860000,2016,"Transit"
"Kepler-1531 b","Kepler-1531",285.1466220,39.3708055,666.33400000,1.11000000,0.0220400000,1.13854337600,2537.00,6260.00,1.270000,2016,"Transit"
"Kepler-1093 c","Kepler-1093",284.9780251,41.4202077,1072.88000000,1.96000000,0.4103700000,89.72229200000,508.00,6166.00,1.200000,2016,"Transit"
"Kepler-714 b","Kepler-714",282.6994685,43.2727437,2083.37000000,9.67000000,0.0832000000,8.09888798600,986.00,5995.00,1.120000,2016,"Transit"
"Kepler-1633 b","Kepler-1633",288.5151733,44.9232545,1114.91000000,1.58000000,0.3875000000,186.40427100000,925.00,6256.00,1.320000,2016,"Transit"
"Kepler-713 b","Kepler-713",295.6513819,43.0297781,1089.87000000,2.48000000,0.0748000000,7.41114100000,905.00,5785.00,0.990000,2016,"Transit"
"Kepler-1480 b","Kepler-1480",291.9998055,49.3018321,500.89200000,1.67000000,0.1525000000,22.12679948000,721.00,5156.00,0.810000,2016,"Transit"
"Kepler-1479 b","Kepler-1479",285.7119953,49.7067574,728.66800000,1.83000000,0.1134100000,14.53261362000,746.00,5796.00,0.980000,2016,"Transit"
"Kepler-1481 b","Kepler-1481",289.4390075,49.7312226,459.07600000,1.23000000,0.0590000000,5.94220998000,797.00,4908.00,0.750000,2016,"Transit"
"Kepler-990 c","Kepler-990",297.9381813,46.8813194,802.16300000,1.53000000,0.0123200000,0.53835430800,2386.00,5948.00,1.080000,2016,"Transit"
"Kepler-969 c","Kepler-969",288.3724989,47.9335642,390.35400000,0.99000000,0.0265000000,1.68293460400,1270.00,5214.00,0.820000,2016,"Transit"
"Kepler-489 b","Kepler-489",290.8332412,38.1841851,369.64500000,7.72000000,0.1210900000,17.27629611900,538.00,5014.00,0.760000,2016,"Transit"
"Kepler-1532 b","Kepler-1532",296.9027840,41.1981424,798.24600000,1.35000000,0.0206000000,1.09366355900,1681.00,5559.00,0.880000,2016,"Transit"
"Kepler-605 b","Kepler-605",287.2954015,43.2798677,556.58000000,1.44000000,0.0424400000,3.38353806600,1133.00,5462.00,0.880000,2016,"Transit"
"Kepler-1635 b","Kepler-1635",285.3490542,45.5561768,1069.45000000,3.64000000,1.1266400000,469.63111000000,200.00,5347.00,0.850000,2016,"Transit"
"Kepler-1483 b","Kepler-1483",295.4097409,42.1507935,1273.78000000,1.52000000,0.0958000000,9.50851560000,1131.00,6337.00,1.400000,2016,"Transit"
"Kepler-545 b","Kepler-545",290.5663221,40.6920756,818.00100000,2.69000000,0.1124800000,13.24934059000,806.00,5882.00,1.070000,2016,"Transit"
"Kepler-636 b","Kepler-636",293.5920614,41.0950891,310.30100000,4.45000000,0.1185000000,16.08066114700,614.00,5203.00,0.800000,2016,"Transit"
"Kepler-1016 c","Kepler-1016",294.6136890,45.9846265,1402.82000000,3.68000000,0.4351900000,105.65513690000,407.00,5821.00,1.000000,2016,"Transit"
"Kepler-1535 b","Kepler-1535",286.6136850,38.8919507,897.73300000,2.55000000,0.5329000000,138.94420000000,384.00,6021.00,1.110000,2016,"Transit"
"Kepler-600 b","Kepler-600",283.8330588,41.9786358,619.72300000,2.90000000,0.1536000000,23.67517607000,528.00,5279.00,0.810000,2016,"Transit"
"Kepler-717 b","Kepler-717",292.9655071,43.3463450,2805.48000000,2.42000000,0.0520000000,4.40840023000,1139.00,5485.00,0.850000,2016,"Transit"
"Kepler-1485 b","Kepler-1485",298.0954404,44.7370612,615.66000000,1.47000000,0.1473200000,19.91577250000,728.00,6087.00,1.120000,2016,"Transit"
"Kepler-1484 b","Kepler-1484",292.6842738,38.1262604,2879.83000000,2.11000000,0.1939000000,30.45491360000,624.00,5730.00,0.920000,2016,"Transit"
"Kepler-1486 b","Kepler-1486",290.5903907,45.4396955,1769.14000000,2.32000000,0.2846000000,54.64957590000,538.00,5965.00,1.120000,2016,"Transit"
"Kepler-342 e","Kepler-342",292.6780488,46.7266813,781.61100000,0.88000000,0.0290900000,1.64422461300,1897.00,6366.00,1.340000,2016,"Transit"
"Kepler-582 b","Kepler-582",297.5037180,41.0570326,613.17900000,3.68000000,0.1254000000,18.49235668000,603.00,5564.00,0.910000,2016,"Transit"
"Kepler-1129 c","Kepler-1129",291.6044965,41.3093275,1183.88000000,2.73000000,0.3536700000,76.53695860000,503.00,5831.00,1.000000,2016,"Transit"
"Kepler-1538 b","Kepler-1538",283.3456110,45.2743573,1125.30000000,2.82000000,0.6095000000,175.13881900000,346.00,5837.00,1.030000,2016,"Transit"
"Kepler-644 b","Kepler-644",295.4757022,43.4931119,1318.05000000,3.15000000,0.0464100000,3.17391710300,1655.00,6747.00,1.810000,2016,"Transit"
"Kepler-1487 b","Kepler-1487",295.4980737,38.6444499,1014.62000000,2.13000000,0.0898000000,7.31946363000,1682.00,6541.00,1.630000,2016,"Transit"
"Kepler-581 b","Kepler-581",295.4326552,40.6481874,703.75800000,2.63000000,0.2259000000,40.60698210000,521.00,5772.00,1.000000,2016,"Transit"
"Kepler-1516 b","Kepler-1516",291.4945795,44.5234227,1358.95000000,1.75000000,0.0718000000,7.25931979000,967.00,5904.00,1.070000,2016,"Transit"
"Kepler-1047 c","Kepler-1047",288.6462564,50.7889645,817.64700000,0.99000000,0.0441300000,3.18897601000,1309.00,5754.00,1.130000,2016,"Transit"
"Kepler-1409 b","Kepler-1409",290.0847389,51.2086144,694.89000000,1.04000000,0.0155300000,0.76486492600,1733.00,5160.00,0.790000,2016,"Transit"
"Kepler-585 b","Kepler-585",286.5284924,43.8733751,585.18700000,2.83000000,0.0384100000,2.75235975300,1178.00,5593.00,0.930000,2016,"Transit"
"Kepler-1488 b","Kepler-1488",286.6464265,49.9377735,905.82500000,1.86000000,0.2415300000,39.81899320000,650.00,5820.00,1.310000,2016,"Transit"
"Kepler-697 b","Kepler-697",283.8643937,41.3463859,1277.33000000,4.13000000,0.0471000000,3.70987064500,1151.00,5513.00,0.880000,2016,"Transit"
"Kepler-1425 b","Kepler-1425",294.9510368,43.0124348,863.87300000,0.94000000,0.1143500000,14.45413020000,676.00,5718.00,0.950000,2016,"Transit"
"Kepler-1350 c","Kepler-1350",288.2506110,46.6794847,340.69100000,1.73000000,0.0222000000,1.76678906200,730.00,3827.00,0.530000,2016,"Transit"
"Kepler-719 b","Kepler-719",295.5360628,43.8844116,2497.51000000,8.52000000,0.0556000000,5.00731777900,998.00,5777.00,0.980000,2016,"Transit"
"Kepler-1491 b","Kepler-1491",293.6297645,45.7406293,2065.59000000,1.51000000,0.1270000000,16.58617620000,821.00,5728.00,0.990000,2016,"Transit"
"Kepler-1492 b","Kepler-1492",288.5970695,41.0363254,331.55300000,1.49000000,0.1262000000,16.75255007000,801.00,4712.00,0.720000,2016,"Transit"
"Kepler-698 b","Kepler-698",288.5099994,41.3017465,1995.57000000,3.68000000,0.1255000000,16.32976218000,727.00,5612.00,0.910000,2016,"Transit"
"Kepler-1454 b","Kepler-1454",284.2233265,48.8317229,780.56600000,1.88000000,0.2447000000,47.03194790000,492.00,5448.00,0.860000,2016,"Transit"
"Kepler-460 c","KIC 5437945",288.4749028,40.6512848,1274.01000000,5.52000000,0.7531800000,220.13033570000,389.00,6146.00,1.260000,2016,"Transit"
"Kepler-720 b","Kepler-720",298.6356478,44.1709388,1065.37000000,8.41000000,0.0539000000,4.70832654200,1162.00,5618.00,0.920000,2016,"Transit"
"Kepler-547 b","Kepler-547",286.1185888,44.3452063,378.97200000,4.00000000,0.0580000000,6.01038428900,768.00,4828.00,0.730000,2016,"Transit"
"Kepler-1494 b","Kepler-1494",282.6573891,43.1625334,1285.48000000,3.07000000,0.3982000000,91.08048200000,415.00,5659.00,0.940000,2016,"Transit"
"Kepler-1520 b","Kepler-1520",290.9662102,51.5047656,607.91700000,5.77000000,0.0129000000,0.65355357200,1437.00,4677.00,0.710000,2016,"Transit"
"Kepler-1065 c","Kepler-1065",294.5113190,38.7904648,1122.48000000,1.60000000,0.0344000000,2.37030743000,1256.00,5635.00,0.930000,2016,"Transit"
"Kepler-707 b","Kepler-707",290.0075640,42.1164698,591.77600000,1.33000000,0.0325000000,2.23749275100,1160.00,5099.00,0.760000,2016,"Transit"
"Kepler-602 b","Kepler-602",296.0318985,42.1418634,1159.31000000,2.09000000,0.1224000000,15.28469497000,852.00,6062.00,1.130000,2016,"Transit"
"Kepler-606 b","Kepler-606",292.4273700,44.3812406,1215.11000000,3.31000000,0.1700000000,24.31575992000,683.00,6161.00,1.220000,2016,"Transit"
"Kepler-721 b","Kepler-721",284.4305132,44.4803776,926.59800000,2.64000000,0.0583000000,5.39202538800,850.00,5075.00,0.780000,2016,"Transit"
"Kepler-937 c","Kepler-937",294.1688142,46.7146161,1571.46000000,2.67000000,0.5545000000,153.34336400000,377.00,6095.00,1.220000,2016,"Transit"
"Kepler-638 b","Kepler-638",284.9194213,41.6172093,991.21400000,1.83000000,0.0669500000,6.07972888000,1111.00,5382.00,0.930000,2016,"Transit"
"Kepler-1073 c","Kepler-1073",294.1527259,38.2330886,809.89700000,1.64000000,0.0483000000,4.02582254000,1169.00,5792.00,1.000000,2016,"Transit"
"MOA-2010-BLG-353L b","MOA-2010-BLG-353L",271.3039170,-27.2932333,6430.00000000,11.10000000,1.7200000000,,,,,2015,"Microlensing"
"HATS-30 b","HATS-30",5.6185250,-59.9425892,342.14000000,13.17057500,0.0435400000,3.17435160000,1414.00,5943.00,1.061000,2016,"Transit"
"K2-84 c","K2-84",55.8093566,16.6344396,284.87600000,2.03000000,0.1768000000,27.86000000000,625.08,5652.00,0.930000,2016,"Transit"
"K2-88 b","K2-88",54.7514566,19.1199667,110.56100000,1.23000000,0.0345000000,4.61220000000,464.60,3537.00,0.256000,2016,"Transit"
"Kepler-615 b","Kepler-615",282.4506927,46.3213671,330.00000000,1.74000000,0.0850000000,10.35584657000,620.00,4655.00,0.690000,2016,"Transit"
"Kepler-506 b","Kepler-506",284.6351885,40.7198296,228.43900000,2.73000000,0.0743700000,6.88340550000,1080.00,6236.00,1.190000,2016,"Transit"
"Kepler-668 b","Kepler-668",285.4992845,49.2772713,784.61800000,2.70000000,0.0768000000,8.35390639000,790.00,5352.00,0.820000,2016,"Transit"
"Kepler-669 b","Kepler-669",291.9361615,49.2539473,2063.41000000,4.83000000,0.0529000000,4.12554686900,1243.00,6038.00,1.200000,2016,"Transit"
"HATS-15 b","HATS-15",311.0920041,-19.4375266,1139.55000000,12.38594500,0.0271200000,1.74748753000,1505.00,5311.00,0.922000,2016,"Transit"
"HATS-16 b","HATS-16",358.5588439,-30.0130385,757.04400000,14.57170000,0.0374400000,2.68650200000,1592.00,5738.00,1.238000,2016,"Transit"
"K2-89 b","K2-89",57.0671234,20.4594885,86.03860000,0.61500000,0.0146200000,1.09602600000,830.07,3691.00,0.318000,2016,"Transit"
"K2-91 b","K2-91",63.2182348,24.2047218,62.57850000,1.10000000,0.0164000000,1.41954900000,726.81,3622.00,0.284000,2016,"Transit"
"Kepler-737 b","Kepler-737",291.8629793,46.4291614,205.11800000,1.96000000,0.1422000000,28.59915399000,298.00,3813.00,0.480000,2016,"Transit"
"Kepler-670 b","Kepler-670",297.0154644,49.2252988,939.74400000,13.18000000,0.0383000000,2.81650485200,1219.00,5709.00,0.990000,2016,"Transit"
"Kepler-671 b","Kepler-671",294.2657519,49.3140933,1168.26000000,2.69000000,0.0503000000,4.28095858800,1012.00,5624.00,0.950000,2016,"Transit"
"K2-5 c","K2-5",169.3034598,-1.8778254,202.94300000,2.26000000,0.0818000000,10.93241000000,456.00,3930.00,0.570000,2015,"Transit"
"K2-5 b","K2-5",169.3034598,-1.8778254,202.94300000,1.91000000,0.0532000000,5.73594000000,565.00,3930.00,0.570000,2015,"Transit"
"Kepler-223 c","Kepler-223",298.3183909,47.2794824,1859.71000000,3.44000000,0.0911700000,9.84564000000,947.00,5803.00,1.720000,2014,"Transit"
"WASP-98 b","WASP-98",58.4290113,-34.3282716,281.74200000,12.82309600,0.0376200000,2.96264036000,1171.00,5473.00,0.741000,2014,"Transit"
"Kepler-223 b","Kepler-223",298.3183909,47.2794824,1859.71000000,2.99000000,0.0752500000,7.38449000000,1042.00,5803.00,1.720000,2014,"Transit"
"Kepler-672 b","Kepler-672",291.7219993,49.4808492,1033.93000000,2.50000000,0.2163000000,38.37746230000,529.00,5627.00,0.920000,2016,"Transit"
"Kepler-571 b","Kepler-571",286.5510448,49.4187310,723.87500000,2.64000000,0.0546000000,4.79859938800,978.00,5527.00,0.900000,2016,"Transit"
"K2-16 b","K2-16",175.0972238,4.5574311,334.96700000,2.02000000,0.0667000000,7.61880000000,658.00,4742.00,0.660000,2015,"Transit"
"K2-16 c","K2-16",175.0972238,4.5574311,334.96700000,2.54000000,0.1229000000,19.07863000000,485.00,4742.00,0.660000,2015,"Transit"
"K2-8 c","K2-8",169.7935178,-0.2844389,403.51300000,2.41000000,0.0532000000,5.06416000000,801.00,4870.00,0.740000,2016,"Transit"
"Kepler-223 d","Kepler-223",298.3183909,47.2794824,1859.71000000,5.24000000,0.1195600000,14.78869000000,827.00,5803.00,1.720000,2014,"Transit"
"Kepler-653 b","Kepler-653",282.2130447,46.7177898,595.63400000,1.95000000,0.1194500000,14.70748976000,819.00,5665.00,1.190000,2016,"Transit"
"Kepler-742 b","Kepler-742",283.8659676,46.7896522,489.25300000,3.24000000,0.0744000000,8.36086823800,690.00,4642.00,0.710000,2016,"Transit"
"Kepler-673 b","Kepler-673",290.7857595,50.0540561,918.21000000,6.54000000,0.0455000000,3.72873109300,1023.00,5355.00,0.840000,2016,"Transit"
"Kepler-154 d","Kepler-154",289.7805393,49.8965624,915.21200000,3.84000000,0.1435400000,20.54981883000,657.00,5769.00,0.980000,2016,"Transit"
"HD 87646 b","HD 87646",151.6695435,17.8949795,73.58352000,12.40000000,0.1170000000,13.48100000000,1012.70,5770.00,1.550000,2016,"Radial Velocity"
"Kepler-80 e","Kepler-80",296.1125759,39.9787451,369.45100000,1.60000000,0.0491000000,4.64489000000,629.00,4540.00,0.678000,2014,"Transit"
"Kepler-654 b","Kepler-654",297.0683931,46.8342497,974.12400000,2.07000000,0.1166400000,13.72465129000,831.00,5865.00,1.110000,2016,"Transit"
"Kepler-148 d","Kepler-148",289.7861626,46.8588176,791.16300000,8.68000000,0.2607000000,51.84688575000,413.00,5172.00,0.810000,2016,"Transit"
"Kepler-676 b","Kepler-676",296.2220259,50.2873626,295.19600000,3.04000000,0.0798000000,11.59822172000,396.00,3701.00,0.490000,2016,"Transit"
"OGLE-2012-BLG-0026L b","OGLE-2012-BLG-0026L",263.5779170,-27.1427500,4019.00000000,7.72000000,4.0000000000,,,,,2012,"Microlensing"
"WASP-85 A b","WASP-85 A",175.9080328,6.5637842,141.88700000,13.89916000,0.0390000000,2.65567770000,1452.00,6112.00,0.935000,2016,"Transit"
"Kepler-80 f","Kepler-80",296.1125759,39.9787451,369.45100000,1.21000000,0.0175000000,0.98678730000,1054.00,4540.00,0.678000,2016,"Transit"
"Kepler-656 b","Kepler-656",288.3278778,47.3815380,890.35200000,3.12000000,0.0223100000,1.26025909400,1569.00,5281.00,0.820000,2016,"Transit"
"Kepler-655 b","Kepler-655",297.2590664,46.8431650,752.56200000,2.71000000,0.2569700000,46.40633580000,588.00,6170.00,1.240000,2016,"Transit"
"Kepler-678 b","Kepler-678",295.4552577,50.4945093,1826.15000000,5.14000000,0.0732000000,7.27503724000,833.00,5520.00,0.910000,2016,"Transit"
"Kepler-572 b","Kepler-572",291.2211720,50.5813487,504.66700000,2.58000000,0.1192000000,17.20523483000,553.00,5212.00,0.790000,2016,"Transit"
"WASP-114 b","WASP-114",327.6656953,10.4629385,523.33700000,15.00885100,0.0285100000,1.54877430000,2043.00,5940.00,1.430000,2016,"Transit"
"WASP-113 b","WASP-113",224.8728589,46.9600996,435.15600000,15.79348100,0.0588500000,4.54216874538,1496.00,5890.00,1.608000,2016,"Transit"
"HD 59686 A b","HD 59686 A",112.9518629,17.0857195,89.27210000,12.70000000,1.0860000000,299.36000000000,783.08,4658.00,13.200000,2016,"Radial Velocity"
"Kepler-679 b","Kepler-679",296.0213374,50.5678019,922.24400000,3.01000000,0.0983000000,12.39358604000,677.00,5403.00,0.840000,2016,"Transit"
"Kepler-680 b","Kepler-680",291.6223810,50.6181793,1492.48000000,2.42000000,0.0469000000,3.68992629100,1147.00,5890.00,1.110000,2016,"Transit"
"K2-47 b","K2-47",168.5825696,2.7805614,349.88100000,1.89000000,0.1779000000,31.63720000000,503.72,5054.00,0.760000,2016,"Transit"
"K2-48 b","K2-48",176.1233077,3.2723812,313.76400000,2.24000000,0.1344000000,20.50650000000,550.56,4899.00,0.730000,2016,"Transit"
"Kepler-617 b","Kepler-617",283.7407247,47.5161237,173.35400000,1.32000000,0.0219000000,1.68269614800,750.00,3712.00,0.480000,2016,"Transit"
"Kepler-588 b","Kepler-588",284.2572531,47.6889081,1209.40000000,2.63000000,0.0520000000,4.22162535700,1176.00,5835.00,1.000000,2016,"Transit"
"Kepler-573 b","Kepler-573",289.5211955,51.2374057,771.47100000,2.79000000,0.1452700000,22.18329658000,646.00,5746.00,1.020000,2016,"Transit"
"Kepler-681 b","Kepler-681",289.3997364,51.2502428,686.92300000,3.08000000,0.1635000000,26.39435646000,489.00,5021.00,0.760000,2016,"Transit"
"K2-49 b","K2-49",177.3202331,3.4755183,457.12500000,1.93000000,0.0309000000,2.77065000000,768.28,4175.00,0.450000,2016,"Transit"
"K2-58 b","K2-58",333.8218395,-14.0498570,181.74600000,2.68000000,0.0692000000,7.05254000000,920.17,5413.00,0.860000,2016,"Transit"
"Kepler-1600 b","Kepler-1600",291.3993802,38.7877563,1030.81000000,3.13000000,0.9814100000,386.37054800000,209.00,5214.00,0.820000,2016,"Transit"
"Kepler-727 b","Kepler-727",294.8469333,45.0344155,831.84200000,2.53000000,0.0546000000,5.15448441700,964.00,5441.00,0.860000,2016,"Transit"
"Kepler-589 b","Kepler-589",280.6414331,47.7520581,612.80300000,2.27000000,0.1196000000,16.54964934000,656.00,5296.00,0.830000,2016,"Transit"
"Kepler-660 b","Kepler-660",288.1382985,47.7245642,568.43100000,2.57000000,0.0759000000,9.27358194000,649.00,4779.00,0.710000,2016,"Transit"
"K2-58 c","K2-58",333.8218395,-14.0498570,181.74600000,1.62000000,0.0350000000,2.53726000000,1293.86,5413.00,0.860000,2016,"Transit"
"K2-58 d","K2-58",333.8218395,-14.0498570,181.74600000,1.71000000,0.1517000000,22.88270000000,621.48,5413.00,0.860000,2016,"Transit"
"Kepler-560 b","Kepler-560",300.2066441,45.0182402,109.30800000,1.72000000,0.0899000000,18.47764449000,298.00,3556.00,0.330000,2016,"Transit"
"Kepler-550 b","Kepler-550",297.7001786,47.8637046,531.94400000,4.42000000,0.0747000000,8.60010410900,760.00,5322.00,0.830000,2016,"Transit"
"Kepler-496 b","Kepler-496",291.6408978,41.2411044,605.27400000,2.32000000,0.0747000000,8.30864937000,747.00,5293.00,0.820000,2016,"Transit"
"KELT-10 b","KELT-10",284.5483823,-47.0033072,188.40400000,15.68139100,0.0525000000,4.16627390000,1377.00,5948.00,1.209000,2016,"Transit"
"Kepler-712 c","Kepler-712",294.9096739,42.9351987,872.49300000,4.85000000,0.6647900000,226.89047000000,236.00,5148.00,0.780000,2016,"Transit"
"K2-59 c","K2-59",338.9425500,-14.0277270,311.31300000,2.30000000,0.0905000000,11.29540000000,692.77,5055.00,0.731000,2016,"Transit"
"K2-59 b","K2-59",338.9425500,-14.0277270,311.31300000,2.41000000,0.1354000000,20.69210000000,566.37,5055.00,0.731000,2016,"Transit"
"Kepler-650 b","Kepler-650",289.0009451,45.1542968,884.37800000,2.96000000,0.0421000000,3.03214558800,1507.00,5849.00,1.350000,2016,"Transit"
"Kepler-728 b","Kepler-728",291.0923621,45.1155087,1765.23000000,3.34000000,0.0625000000,5.74347726500,982.00,5660.00,0.930000,2016,"Transit"
"Kepler-663 b","Kepler-663",297.8082232,47.9466342,1063.09000000,2.60000000,0.0559000000,4.99678284000,917.00,5264.00,0.820000,2016,"Transit"
"Kepler-1629 b","Kepler-1629",280.2066276,43.7743281,336.09000000,0.77000000,0.0485000000,3.87595807000,1081.00,5776.00,1.010000,2016,"Transit"
"K2-64 b","K2-64",332.4138478,-11.4286687,499.89100000,2.07000000,0.0619000000,6.53044000000,877.23,5312.00,0.726000,2016,"Transit"
"K2-63 b","K2-63",333.4267738,-12.0663429,517.53400000,3.22000000,0.1627000000,20.25700000000,1033.44,6771.00,1.630000,2016,"Transit"
"Kepler-729 b","Kepler-729",286.3600604,45.4142664,1921.15000000,3.58000000,0.0432000000,3.16635371400,1273.00,5633.00,0.910000,2016,"Transit"
"Kepler-487 b","Kepler-487",295.2872318,41.2220033,872.34300000,11.42000000,0.1181900000,15.35876840300,662.00,5444.00,0.880000,2016,"Transit"
"Kepler-618 b","Kepler-618",286.2498525,48.0609256,1221.96000000,2.60000000,0.0449000000,3.59576964500,1296.00,5860.00,1.080000,2016,"Transit"
"WASP-129 b","WASP-129",176.2990518,-42.0639575,301.46200000,10.42437000,0.0628000000,5.74814500000,1100.00,5900.00,0.900000,2016,"Transit"
"WASP-133 b","WASP-133",314.5754375,-35.7966224,559.08400000,13.56289000,0.0345000000,2.17642300000,1790.00,5700.00,1.440000,2016,"Transit"
"K2-69 b","K2-69",335.7596816,-10.4886817,180.69700000,2.32000000,0.0591000000,7.06599000000,573.61,4127.00,0.491000,2016,"Transit"
"K2-68 b","K2-68",334.0195539,-10.5673649,168.65200000,1.58000000,0.0708000000,8.05428000000,706.64,4746.00,0.675000,2016,"Transit"
"Kepler-590 b","Kepler-590",296.3855467,48.2334177,1421.81000000,4.02000000,0.0647000000,5.85296257000,1056.00,6000.00,1.150000,2016,"Transit"
"Kepler-664 b","Kepler-664",288.7549029,48.2262030,1210.12000000,2.66000000,0.0374000000,2.52559331500,1406.00,5754.00,1.020000,2016,"Transit"
"MOA-2013-BLG-605L b","MOA-2013-BLG-605L",272.0192570,-29.7315826,850.00000000,1.62000000,0.9300000000,,,,,2016,"Microlensing"
"K2-75 b","K2-75",338.8448960,-7.4698950,561.93000000,2.67000000,0.0810000000,7.81420000000,1268.65,5995.00,1.560000,2016,"Transit"
"K2-71 b","K2-71",341.7248656,-9.8816109,153.19200000,2.15000000,0.0559000000,6.98541000000,533.27,4006.00,0.426000,2016,"Transit"
"Kepler-591 b","Kepler-591",286.0240520,48.4317290,785.13700000,3.39000000,0.3554000000,81.16942990000,436.00,5677.00,0.940000,2016,"Transit"
"HATS-25 b","HATS-25",207.9076746,-23.7812403,471.15800000,14.12334000,0.0516300000,4.29864320000,1277.00,5715.00,1.107000,2016,"Transit"
"HATS-26 b","HATS-26",144.9268593,-28.5856004,861.84300000,19.61575000,0.0473500000,3.30238810000,1918.00,6071.00,2.040000,2016,"Transit"
"K2-80 b","K2-80",59.0374860,13.5590288,200.80200000,2.01000000,0.1350000000,19.09180000000,666.05,5441.00,0.870000,2016,"Transit"
"K2-75 c","K2-75",338.8448960,-7.4698950,561.93000000,2.77000000,0.1429000000,18.31100000000,955.14,5995.00,1.560000,2016,"Transit"
"Kepler-736 b","Kepler-736",285.3913092,46.1809293,1005.43000000,2.93000000,0.0428000000,3.60147201000,996.00,5217.00,0.810000,2016,"Transit"
"Kepler-735 b","Kepler-735",284.6888328,46.1721391,695.05900000,2.95000000,0.0965000000,11.51516988000,657.00,5107.00,0.800000,2016,"Transit"
"Kepler-569 b","Kepler-569",283.5072190,48.5526330,638.30100000,3.16000000,0.1978400000,34.18890521000,526.00,5616.00,0.930000,2016,"Transit"
"Kepler-592 b","Kepler-592",285.7907395,48.6832431,1153.13000000,2.39000000,0.0397000000,2.82019240800,1367.00,5913.00,1.040000,2016,"Transit"
"HATS-27 b","HATS-27",193.5524603,-46.5877159,816.98800000,16.81350000,0.0611000000,4.63703800000,1659.00,6438.00,1.740000,2016,"Transit"
"K2-83 c","K2-83",59.9013782,15.5587994,125.52900000,1.48300000,0.0713100000,9.99767000000,459.75,3910.00,0.424000,2016,"Transit"
"K2-84 b","K2-84",55.8093566,16.6344396,284.87600000,2.41000000,0.0665000000,6.42150000000,1019.22,5652.00,0.930000,2016,"Transit"
"Kepler-562 b","Kepler-562",290.1196007,46.2737393,992.76900000,5.21000000,0.1333000000,18.00931443600,658.00,5575.00,0.900000,2016,"Transit"
"Kepler-651 b","Kepler-651",287.3327284,46.2034366,509.40800000,2.37000000,0.1407800000,21.38521506000,574.00,5522.00,0.870000,2016,"Transit"
"Kepler-593 b","Kepler-593",294.9513923,48.6511709,973.76000000,2.87000000,0.1508000000,21.21708973000,706.00,5967.00,1.100000,2016,"Transit"
"Kepler-570 b","Kepler-570",290.4376111,48.7918597,568.14800000,2.45000000,0.0497000000,4.30166200300,1009.00,5496.00,0.900000,2016,"Transit"
"MOA-2016-BLG-227L b","MOA-2016-BLG-227L",271.4737550,-27.7142868,6500.00000000,13.20000000,1.3900000000,,,,,2017,"Microlensing"
"Kepler-1650 b","Kepler-1650",297.7292296,42.8666919,134.39700000,0.96000000,0.0167000000,1.53818001000,602.00,3410.00,0.334000,2017,"Transit"
"K2-178 b","K2-178",52.8888524,22.4348186,214.75300000,3.55790985,,8.74781800000,840.29,5525.00,0.887267,2018,"Transit"
"K2-72 c","K2-72",334.6227504,-9.6120084,66.43210000,1.16000000,0.0780000000,15.18903400000,333.81,3360.47,0.330989,2016,"Transit"
"WASP-53 b","WASP-53",31.9091639,-20.6618430,201.33800000,12.03846600,0.0410100000,3.30984430000,1053.00,4953.00,0.798000,2017,"Transit"
"K2-60 b","K2-60",338.6062312,-13.7318044,491.87000000,7.65574700,0.0450000000,3.00265000000,1400.00,5500.00,1.120000,2016,"Transit"
"Kepler-1651 b","Kepler-1651",283.6282602,48.3908081,66.40740000,1.84000000,0.0692000000,9.87863917000,393.00,3713.00,0.503000,2017,"Transit"
"BD+03 2562 b","BD+03 2562",177.5647268,2.7601075,1070.63000000,12.70000000,1.3000000000,481.90000000000,985.04,4095.00,32.350000,2017,"Radial Velocity"
"K2-72 e","K2-72",334.6227504,-9.6120084,66.43210000,1.29000000,0.1060000000,24.15886800000,286.34,3360.47,0.330989,2016,"Transit"
"K2-72 d","K2-72",334.6227504,-9.6120084,66.43210000,1.01000000,0.0500000000,7.76017800000,416.92,3360.47,0.330989,2016,"Transit"
"K2-81 b","K2-81",57.4854562,14.5020556,252.31800000,1.97000000,0.0590000000,6.10232500000,739.23,4674.13,0.634663,2016,"Transit"
"WASP-81 b","WASP-81",304.2079924,3.2939492,398.50500000,16.01766100,0.0390800000,2.71647620000,1623.00,5870.00,1.283000,2017,"Transit"
"HD 177565 b","HD 177565",286.7175787,-37.8122394,16.91790000,4.00000000,0.2460000000,44.50500000000,539.21,5627.00,0.971489,2017,"Radial Velocity"
"MOA-2012-BLG-505L b","MOA-2012-BLG-505L",268.1430970,-32.0400925,7210.00000000,2.48000000,0.9000000000,,,,,2017,"Microlensing"
"K2-201 c","K2-201",293.5607117,-23.1312775,197.93200000,3.28568401,,22.77987800000,,5507.00,0.878161,2018,"Transit"
"K2-201 b","K2-201",293.5607117,-23.1312775,197.93200000,1.40006712,,1.05979000000,,5507.00,0.878161,2018,"Transit"
"GJ 1148 b","GJ 1148",175.4326081,42.7515862,11.01430000,11.90000000,0.1660000000,41.38000000000,232.94,3287.00,0.358519,2010,"Radial Velocity"
"HD 17674 b","HD 17674",42.7684964,30.2865981,44.42640000,13.90000000,1.4200000000,623.80000000000,259.52,5904.00,1.180000,2017,"Radial Velocity"
"HATS-22 b","HATS-22",174.0098693,-29.5433642,229.51800000,10.68217700,0.0502500000,4.72281240000,858.00,4803.00,0.689000,2017,"Transit"
"TYC 4282-00605-1 b","TYC 4282-00605-1",343.8721029,62.2391907,464.12800000,12.40000000,0.4220000000,101.54000000000,1285.10,4300.00,16.210000,2017,"Radial Velocity"
"K2-206 b","K2-206",11.2564264,0.5931866,244.44300000,2.79522879,,18.29454900000,,5043.00,0.758046,2018,"Transit"
"K2-207 b","K2-207",11.6996481,0.6406182,363.06400000,2.60585269,,12.48749000000,,5522.00,0.928158,2018,"Transit"
"K2-132 b","K2-132",182.1662666,-8.7472172,609.81800000,14.57170000,0.0916000000,9.17510000000,1586.00,4840.00,3.850000,2017,"Transit"
"WASP-153 b","WASP-153",279.2624729,40.0186905,610.17600000,17.37395000,0.0480000000,3.33260900000,1700.00,5914.00,1.730000,2017,"Transit"
"HATS-23 b","HATS-23",286.3667500,-50.0673496,639.00400000,20.84874000,0.0339700000,2.16051560000,1654.00,5780.00,1.199000,2017,"Transit"
"HD 219134 b","HD 219134",348.3372026,57.1696255,6.53127000,1.60200000,0.0387600000,3.09292600000,1015.00,4699.00,0.778000,2015,"Radial Velocity"
"HD 40956 b","HD 40956",91.6628015,63.4538750,116.59300000,13.20000000,1.4000000000,578.60000000000,580.56,4869.00,8.560000,2017,"Radial Velocity"
"Ross 128 b","Ross 128",176.9376036,0.7992898,3.37454000,1.11000000,0.0496000000,9.86580000000,301.00,3192.00,0.196700,2017,"Radial Velocity"
"K2-219 b","K2-219",12.8452963,8.8675474,325.40000000,1.34762583,,3.90128700000,,5753.00,1.189232,2018,"Transit"
"OGLE-2013-BLG-1721L b","OGLE-2013-BLG-1721L",268.1265560,-30.2926941,6300.00000000,14.10000000,2.6000000000,,,,,2017,"Microlensing"
"HD 34445 c","HD 34445",79.4207483,7.3527156,46.09070000,8.42000000,0.7181000000,214.67000000000,390.12,5836.00,1.380000,2017,"Radial Velocity"
"HD 219134 d","HD 219134",348.3372026,57.1696255,6.53127000,1.61000000,0.2370000000,46.85900000000,410.50,4699.00,0.778000,2015,"Radial Velocity"
"HD 219134 f","HD 219134",348.3372026,57.1696255,6.53127000,1.31000000,0.1463000000,22.71700000000,522.60,4699.00,0.778000,2015,"Radial Velocity"
"OGLE-2016-BLG-1190L b","OGLE-2016-BLG-1190L",269.7179260,-27.6135559,6770.00000000,12.30000000,2.1700000000,1220.00000000000,,,,2017,"Microlensing"
"HD 113996 b","HD 113996",196.7948740,27.6244384,116.33400000,12.70000000,1.6000000000,610.20000000000,798.69,4181.00,25.110000,2017,"Radial Velocity"
"K2-213 b","K2-213",13.1403998,3.5077702,389.70200000,1.51398464,,8.13087000000,,5794.00,1.204240,2018,"Transit"
"K2-215 b","K2-215",18.4700795,6.1238647,403.96400000,2.12381238,,8.26964800000,,5704.00,0.974398,2018,"Transit"
"HD 34445 d","HD 34445",79.4207483,7.3527156,46.09070000,6.07000000,0.4817000000,117.87000000000,476.32,5836.00,1.380000,2017,"Radial Velocity"
"HD 34445 g","HD 34445",79.4207483,7.3527156,46.09070000,13.60000000,6.3600000000,5700.00000000000,131.09,5836.00,1.380000,2017,"Radial Velocity"
"Kepler-20 g","Kepler-20",287.6979913,42.3385782,282.56300000,4.71000000,0.2055000000,34.94000000000,524.00,5495.00,0.963900,2016,"Radial Velocity"
"NGC 2682 Sand 978 b","NGC 2682 Sand 978",132.8228085,11.7562959,821.91800000,13.30000000,,511.21000000000,,4200.00,21.017414,2017,"Radial Velocity"
"Kepler-80 g","Kepler-80",296.1125759,39.9787451,369.45100000,1.13000000,,14.64558000000,418.00,4540.00,0.678000,2017,"Transit"
"K2-217 b","K2-217",11.2983678,6.4815879,381.87800000,3.57854073,,14.07452400000,,5967.00,1.333718,2018,"Transit"
"K2-218 b","K2-218",12.8096130,6.8464327,394.08300000,2.56948149,,8.67988500000,,5757.00,1.008231,2018,"Transit"
"GJ 3293 c","GJ 3293",67.1484425,-25.1713396,20.19030000,4.87000000,0.3617500000,122.61960000000,176.62,3466.00,0.404000,2015,"Radial Velocity"
"GJ 3293 b","GJ 3293",67.1484425,-25.1713396,20.19030000,5.19000000,0.1433900000,30.59870000000,280.54,3466.00,0.404000,2015,"Radial Velocity"
"Wolf 1061 b","Wolf 1061",247.5748276,-12.6676866,4.30592000,1.21000000,0.0375000000,4.88690000000,461.10,3342.00,0.307000,2015,"Radial Velocity"
"K2-80 d","K2-80",59.0374860,13.5590288,200.80200000,2.55211506,,28.86725300000,,5377.00,0.841458,2018,"Transit"
"Kepler-1652 b","Kepler-1652",294.3660313,49.9150219,252.00000000,1.60000000,0.1654000000,38.09722000000,268.00,3638.00,0.382000,2017,"Transit"
"Wolf 1061 c","Wolf 1061",247.5748276,-12.6676866,4.30592000,1.66000000,0.0890000000,17.87190000000,299.30,3342.00,0.307000,2015,"Radial Velocity"
"PSR J2322-2650 b","PSR J2322-2650",350.6443481,-26.8495331,230.00000000,13.90000000,0.0102000000,0.32296399700,,,,2017,"Pulsar Timing"
"HATS-50 b","HATS-50",300.4280761,-26.0775640,756.74200000,12.66617000,0.0504600000,3.82970150000,1275.39,5990.00,1.117000,2017,"Transit"
"tau Cet f","tau Cet",26.0093029,-15.9337987,3.60304000,1.81000000,1.3340000000,636.13000000000,201.97,5310.00,0.830000,2017,"Radial Velocity"
"WASP-91 b","WASP-91",357.8464340,-70.1528621,149.94200000,11.54527000,0.0370000000,2.79858100000,1160.00,4920.00,0.860000,2017,"Transit"
"HD 9174 b","HD 9174",22.5043352,-19.6052945,81.48930000,13.70000000,2.2000000000,1179.00000000000,234.30,5577.00,1.670000,2016,"Radial Velocity"
"HD 68402 b","HD 68402",121.3474609,-74.4100732,78.42930000,12.60000000,2.1800000000,1103.00000000000,196.26,5950.00,1.020000,2016,"Radial Velocity"
"GJ 3138 b","GJ 3138",32.2977385,-16.3392495,28.47120000,1.18000000,0.0197000000,1.22003000000,902.98,3717.00,0.500000,2017,"Radial Velocity"
"MOA-2012-BLG-006L b","MOA-2012-BLG-006L",270.4429630,-29.1087780,5300.00000000,12.60000000,10.2000000000,,,,,2017,"Microlensing"
"WASP-105 b","WASP-105",24.1678686,-50.6593080,169.27200000,10.76064000,0.0750000000,7.87288000000,900.00,5070.00,0.900000,2017,"Transit"
"HD 147873 c","HD 147873",246.4380471,-33.5672217,109.05500000,13.30000000,1.3600000000,491.54000000000,373.68,5972.00,2.290000,2016,"Radial Velocity"
"HD 128356 b","HD 128356",219.2702793,-25.8031728,26.15480000,13.90000000,0.8700000000,298.20000000000,232.36,4875.00,0.850000,2016,"Radial Velocity"
"GJ 3138 d","GJ 3138",32.2977385,-16.3392495,28.47120000,3.23000000,0.6980000000,257.80000000000,151.70,3717.00,0.500000,2017,"Radial Velocity"
"TYC 3318-01333-1 b","TYC 3318-01333-1",45.5825716,49.7441421,490.61000000,13.10000000,1.4140000000,562.00000000000,470.43,4776.00,5.900000,2018,"Radial Velocity"
"GJ 625 b","GJ 625",246.3557854,54.3033625,6.47249000,1.49000000,0.0783610000,14.62800000000,335.59,3499.00,0.310000,2017,"Radial Velocity"
"GJ 3323 c","GJ 3323",75.4868824,-6.9485133,5.37484000,1.32000000,0.1264000000,40.54000000000,147.80,3159.00,0.119000,2017,"Radial Velocity"
"BD+48 740 b","BD+48 740",40.7425426,48.9300579,666.58900000,13.50000000,1.7000000000,733.00000000000,538.94,4534.00,10.330000,2018,"Radial Velocity"
"K2-21 b","K2-21",340.3037846,-14.4893256,83.64480000,1.84000000,0.0760000000,9.32503800000,500.00,4222.06,0.646783,2015,"Transit"
"K2-4 b","K2-4",174.7455392,-3.9055746,231.82800000,2.10000000,0.0780000000,10.00341700000,563.00,4014.73,0.569359,2015,"Transit"
"K2-21 c","K2-21",340.3037846,-14.4893256,83.64480000,2.49000000,0.1070000000,15.50192000000,420.00,4222.06,0.646783,2015,"Transit"
"WASP-141 b","WASP-141",71.8244347,-17.1151736,516.54300000,13.56289000,0.0469000000,3.31065100000,1540.00,5900.00,1.370000,2016,"Transit"
"K2-31 b","K2-31",245.4405531,-23.5482730,110.52700000,11.88154000,0.0220000000,1.25785000000,1688.00,5280.00,0.780000,2016,"Transit"
"GJ 3293 e","GJ 3293",67.1484425,-25.1713396,20.19030000,1.63000000,0.0820800000,13.25430000000,370.79,3466.00,0.404000,2017,"Radial Velocity"
"GJ 3293 d","GJ 3293",67.1484425,-25.1713396,20.19030000,2.67000000,0.1939400000,48.13450000000,241.22,3466.00,0.404000,2017,"Radial Velocity"
"K2-149 b","K2-149",9.8217519,7.2769939,123.67600000,1.64000000,0.0830000000,11.33200000000,472.41,3745.00,0.568000,2018,"Transit"
"KELT-21 b","KELT-21",304.8000322,32.5810446,470.87800000,17.77747400,0.0522400000,3.61276470000,2051.00,7598.00,1.638000,2018,"Transit"
"K2-125 b","K2-125",204.1418754,-14.9478195,124.15600000,2.18000000,0.1210000000,21.75026400000,321.22,3654.47,0.402049,2017,"Transit"
"V830 Tau b","V830 Tau",68.2918259,24.5619241,130.11100000,14.00000000,0.0570000000,4.92700000000,1213.95,4250.00,2.000000,2016,"Radial Velocity"
"HATS-31 b","HATS-31",191.7028214,-24.4273897,773.97400000,18.38276000,0.0478000000,3.37796000000,1823.00,6050.00,1.870000,2016,"Transit"
"Kepler-150 f","Kepler-150",288.2341025,40.5208970,891.09200000,3.64000000,1.2400000000,637.20930000000,227.77,5528.00,0.905339,2017,"Transit"
"Qatar-3 b","Qatar-3",359.1519716,36.2129562,735.60100000,12.28506400,0.0378300000,2.50792040000,1681.00,6007.00,1.272000,2017,"Transit"
"K2-160 b","K2-160",184.0545174,-3.5530888,315.36300000,3.17824034,,3.70587100000,,5649.00,0.913754,2018,"Transit"
"K2-128 b","K2-128",204.4376666,-8.5970858,114.63700000,1.42000000,0.0560000000,5.67581900000,803.10,4469.51,0.777569,2017,"Transit"
"HATS-34 b","HATS-34",0.7744866,-62.4693167,508.84200000,16.02887000,0.0316600000,2.10616070000,1445.00,5380.00,0.980000,2016,"Transit"
"KELT-18 b","KELT-18",216.5238248,59.4442735,321.37600000,17.59813000,0.0455000000,2.87175180000,2085.00,6670.00,1.908000,2017,"Transit"
"K2-163 b","K2-163",182.3292517,-0.5393421,208.52900000,2.46610713,,6.67311700000,,4937.00,0.762201,2018,"Transit"
"K2-165 b","K2-165",184.9004881,0.9683270,134.59100000,1.27443657,,2.35499200000,,5185.00,0.803827,2018,"Transit"
"K2-35 c","K2-35",170.1031027,1.2858679,252.59600000,1.93000000,0.0550000000,5.60835200000,766.00,4402.71,0.619575,2016,"Transit"
"HATS-35 b","HATS-35",296.6884420,-63.5656488,514.55500000,16.40997600,0.0319900000,1.82099930000,2037.00,6300.00,1.433000,2016,"Transit"
"OGLE-2016-BLG-1195L b","OGLE-2016-BLG-1195L",268.8479310,-30.2072506,3910.00000000,1.11000000,1.1600000000,,,,,2017,"Microlensing"
"K2-175 b","K2-175",52.5035514,17.5841081,247.26600000,2.03803688,,9.52598800000,,5909.00,1.420038,2018,"Transit"
"K2-165 c","K2-165",184.9004881,0.9683270,134.59100000,1.55409035,,4.38274500000,,5185.00,0.803827,2018,"Transit"
"K2-116 b","K2-116",336.1523363,-11.5793181,49.38550000,0.69000000,0.0480000000,4.65541100000,783.03,4348.35,0.669400,2017,"Transit"
"K2-102 b","K2-102",130.0558953,19.7787519,188.17500000,1.30000000,,9.91561500000,,4695.00,0.710000,2016,"Transit"
"XO-6 b","XO-6",94.7929552,73.8275672,235.47900000,23.20263000,0.0815000000,3.76500070000,1577.00,6720.00,1.930000,2016,"Transit"
"HD 6434 b","HD 6434",16.1663441,-39.4904909,42.35800000,14.20000000,0.1400000000,21.99800000000,786.83,5769.00,1.120000,2003,"Radial Velocity"
"HD 68988 b","HD 68988",124.5935429,61.4608518,60.84470000,13.40000000,0.0700000000,6.27711000000,1179.39,5932.00,1.190000,2001,"Radial Velocity"
"HD 220074 b","HD 220074",350.0599827,61.9701062,324.54000000,12.20000000,1.6000000000,672.09998000000,1069.88,3787.00,54.920000,2012,"Radial Velocity"
"WASP-58 b","WASP-58",274.7012534,45.1722194,290.40400000,16.02887000,0.0562000000,5.01718000000,1270.00,5800.00,1.220000,2012,"Transit"
"K2-231 b","K2-231",289.0918242,-15.7712178,321.21500000,2.50000000,,13.84190100000,,5695.00,0.950000,2018,"Transit"
"HATS-39 b","HATS-39",112.4192251,-29.9379163,878.52100000,17.59813000,0.0600700000,4.57763480000,1645.00,6572.00,1.621000,2018,"Transit"
"HD 137388 b","HD 137388",233.9150820,-80.2044169,40.48410000,9.32000000,0.8900000000,330.00000000000,248.42,5181.00,0.880000,2011,"Radial Velocity"
"HD 13931 b","HD 13931",34.1979991,43.7722065,47.39630000,13.20000000,5.1500000000,4218.00000000000,139.38,5867.00,1.250000,2009,"Radial Velocity"
"HD 7199 b","HD 7199",17.6979344,-66.1886947,36.15310000,,1.3600000000,615.00000000000,218.73,5371.00,0.970000,2011,"Radial Velocity"
"HD 75289 b","HD 75289",131.9181715,-41.7377748,29.11580000,14.20000000,0.0500000000,3.50927000000,1260.00,6117.00,1.230000,1999,"Radial Velocity"
"WASP-72 b","WASP-72",41.0400779,-30.1690785,434.75400000,14.45961000,0.0371100000,2.21673000000,2210.00,6250.00,2.180000,2012,"Transit"
"HATS-40 b","HATS-40",100.5712467,-29.7767800,1342.29000000,17.71022000,0.0499700000,3.26427360000,2101.00,6460.00,2.260000,2018,"Transit"
"HATS-41 b","HATS-41",103.5173558,-27.0504156,737.66800000,14.90797000,0.0583000000,4.19364900000,1710.00,6424.00,1.710000,2018,"Transit"
"HD 142022 A b","HD 142022 A",242.5481731,-84.2317494,34.28020000,12.90000000,2.9300000000,1928.00000000000,155.74,5421.00,1.040000,2005,"Radial Velocity"
"HD 145377 b","HD 145377",242.9019658,-27.0781199,53.48840000,12.80000000,0.4500000000,103.95000000000,442.98,6014.00,1.050000,2008,"Radial Velocity"
"HD 76700 b","HD 76700",133.4782248,-66.8004747,60.88310000,9.60000000,0.0500000000,3.97097000000,1424.61,5644.00,1.370000,2002,"Radial Velocity"
"HD 82886 b","HD 82886",143.9383526,34.7805902,127.06100000,13.30000000,1.5800000000,705.00000000000,435.78,4953.00,5.260000,2011,"Radial Velocity"
"HD 24040 b","HD 24040",57.5962104,17.4752873,46.62240000,12.90000000,4.9200000000,3668.00000000000,143.81,5802.00,1.300000,2006,"Radial Velocity"
"HD 222155 b","HD 222155",354.5025617,48.9960191,50.60780000,13.40000000,5.1400000000,3999.00000000000,164.93,5701.00,1.850000,2011,"Radial Velocity"
"HD 158996 b","HD 158996",259.9051092,80.1364033,283.65900000,12.30000000,2.1000000000,820.20000000000,960.27,4069.00,50.300000,2018,"Radial Velocity"
"KPS-1 b","KPS-1",165.1671980,64.9638452,262.70600000,11.54527000,0.0269000000,1.70629100000,1459.00,5165.00,0.907000,2018,"Transit"
"HD 154672 b","HD 154672",257.5206970,-56.4498041,63.04840000,12.80000000,0.6000000000,163.94000000000,410.76,5743.00,1.320000,2008,"Radial Velocity"
"KELT-6 b","KELT-6",195.9818362,30.6401450,240.72600000,14.57170000,0.0793900000,7.84570000000,1313.00,6102.00,1.730000,2014,"Transit"
"HAT-P-49 b","HAT-P-49",305.4413294,26.6926759,350.35100000,17.82231000,0.0437800000,2.69155000000,2131.00,6820.00,2.060000,2014,"Transit"
"K2-155 c","K2-155",65.4696140,21.3532633,72.79980000,2.60000000,0.0946000000,13.85000000000,583.00,4258.00,0.580000,2018,"Transit"
"HD 158038 b","HD 158038",261.4395312,27.3030721,94.86250000,13.50000000,1.5000000000,521.00000000000,405.91,4860.00,4.500000,2011,"Radial Velocity"
"HR 810 b","HR 810",40.6417178,-50.7993484,17.31810000,12.70000000,0.9200000000,302.79999000000,329.57,6167.00,1.130000,1999,"Radial Velocity"
"BD-13 2130 b","BD-13 2130",114.2884692,-13.9066703,925.21400000,12.50000000,1.6600000000,714.29999000000,744.77,4545.00,19.170000,2007,"Radial Velocity"
"HD 285507 b","HD 285507",61.7556630,15.3349441,45.02930000,13.80000000,0.0600000000,6.08810000000,736.35,4503.00,0.690000,2013,"Radial Velocity"
"WASP-117 b","WASP-117",36.7758112,-50.2844247,157.96300000,11.88154000,0.0945900000,10.02165000000,1001.00,6040.00,1.220000,2014,"Transit"
"K2-155 d","K2-155",65.4696140,21.3532633,72.79980000,1.90000000,0.1937000000,40.71800000000,381.00,4258.00,0.580000,2018,"Transit"
"HD 16175 b","HD 16175",39.2577379,42.0624526,59.85900000,12.80000000,2.1200000000,990.00000000000,259.78,5981.00,1.720000,2009,"Radial Velocity"
"HD 16141 b","HD 16141",38.8323674,-3.5624887,37.78610000,10.90000000,0.3600000000,75.52300000000,562.87,5757.00,1.480000,2000,"Radial Velocity"
"WASP-11 b","WASP-11",47.3689472,30.6733817,124.73000000,12.44199000,0.0435000000,3.72247000000,992.00,4800.00,0.890000,2008,"Transit"
"WASP-13 b","WASP-13",140.1029654,33.8823291,227.53700000,13.67498000,0.0536200000,4.35301000000,1531.00,5950.00,1.370000,2009,"Transit"
"WASP-95 b","WASP-95",337.4578243,-48.0030988,137.54400000,13.78707000,0.0341600000,2.18467000000,1570.00,5830.00,1.230000,2014,"Transit"
"WASP-97 b","WASP-97",24.6051389,-55.7720006,151.06800000,12.77826000,0.0330300000,2.07276000000,1555.00,5640.00,1.080000,2014,"Transit"
"11 UMi b","11 UMi",229.2745954,71.8239428,125.32100000,12.30000000,1.5300000000,516.21997000000,896.43,4213.00,29.790000,2009,"Radial Velocity"
"BD-08 2823 b","BD-08 2823",150.1971964,-9.5165689,41.33420000,,0.0600000000,5.60000000000,798.86,4816.00,0.710000,2009,"Radial Velocity"
"HD 1690 b","HD 1690",5.3055886,-8.2811442,752.61500000,12.50000000,1.3600000000,533.00000000000,841.73,4374.00,21.660000,2010,"Radial Velocity"
"WASP-14 b","WASP-14",218.2766247,21.8946875,161.99700000,15.46842000,0.0370000000,2.24375000000,1872.00,6475.00,1.400000,2008,"Transit"
"WASP-101 b","WASP-101",98.3511016,-23.4860860,201.22400000,16.02887000,0.0505700000,3.58572000000,1560.00,6380.00,1.310000,2014,"Transit"
"BD-10 3166 b","BD-10 3166",164.6191243,-10.7704227,84.40690000,14.10000000,0.0400000000,3.48777000000,1240.38,5393.00,0.910000,2000,"Radial Velocity"
"GJ 86 b","GJ 86",32.6224785,-50.8209945,10.78360000,12.90000000,0.1100000000,15.76491000000,661.12,5182.00,0.770000,1999,"Radial Velocity"
"WASP-22 b","WASP-22",52.8180374,-23.8197924,317.65200000,13.78707000,0.0470000000,3.53269000000,1502.00,6000.00,1.240000,2010,"Transit"
"HD 95127 b","HD 95127",164.8961152,43.8144094,676.57900000,12.40000000,1.2800000000,482.00000000000,1151.28,4218.00,41.010000,2015,"Radial Velocity"
"WASP-82 b","WASP-82",72.6605916,1.8938365,275.66400000,18.15858000,0.0447000000,2.70579000000,2190.00,6480.00,2.100000,2015,"Transit"
"HD 204941 b","HD 204941",323.0966714,-20.9579570,28.71650000,10.10000000,2.5500000000,1733.00000000000,134.04,5026.00,0.780000,2011,"Radial Velocity"
"WASP-29 b","WASP-29",357.8791976,-39.9071215,87.59530000,8.63093000,0.0457000000,3.92273000000,970.00,4800.00,0.790000,2010,"Transit"
"WASP-26 b","WASP-26",4.6030424,-15.2674044,252.75900000,13.56289000,0.0400000000,2.75660000000,1650.00,6034.00,1.220000,2010,"Transit"
"K2-164 b","K2-164",171.9336590,-0.0628488,375.67000000,3.24925008,,17.35506600000,,5791.00,2.196069,2018,"Transit"
"K2-169 b","K2-169",337.0442461,-14.5993376,235.86700000,1.27328671,,6.38080300000,,5548.00,0.919053,2018,"Transit"
"HAT-P-22 b","HAT-P-22",155.6814593,50.1287115,81.76470000,12.89035000,0.0414000000,3.21222000000,1463.00,5302.00,1.110000,2010,"Transit"
"HAT-P-24 b","HAT-P-24",108.8251171,14.2626064,415.34400000,14.57170000,0.0465100000,3.35524000000,1637.00,6373.00,1.380000,2010,"Transit"
"HD 212301 b","HD 212301",336.8803957,-77.7183219,54.23040000,14.20000000,0.0300000000,2.24571000000,1870.75,6239.00,1.160000,2005,"Radial Velocity"
"WASP-38 b","WASP-38",243.9597194,10.0324103,136.24000000,13.78707000,0.0752200000,6.87188000000,1250.00,6180.00,1.520000,2010,"Transit"
"K2-170 b","K2-170",335.4506923,-14.5933554,392.87200000,1.41817537,,7.57654400000,,5748.00,0.981614,2018,"Transit"
"K2-171 b","K2-171",332.3407712,-13.4288624,606.12800000,2.68657205,,5.62846600000,,5250.00,1.717458,2018,"Transit"
"HAT-P-29 b","HAT-P-29",33.1310921,51.7787754,313.57600000,13.11453000,0.0667000000,5.72319000000,1281.00,6087.00,1.300000,2011,"Transit"
"HD 213240 b","HD 213240",337.7506266,-49.4341037,40.87070000,12.80000000,1.8900000000,882.70001000000,257.70,5979.00,1.510000,2001,"Radial Velocity"
"HD 215497 b","HD 215497",341.6527140,-56.5997984,40.54680000,,0.0500000000,3.93404000000,1015.96,5110.00,0.850000,2009,"Radial Velocity"
"WASP-41 b","WASP-41",190.6188034,-30.6398176,163.37100000,12.32990000,0.0402200000,3.05240000000,1244.00,5545.00,0.830000,2011,"Transit"
"WASP-48 b","WASP-48",291.1623865,55.4730273,454.14400000,16.81350000,0.0344400000,2.14363000000,2035.00,5920.00,1.580000,2011,"Transit"
"K2-172 b","K2-172",335.3081368,-12.5569819,249.74200000,1.66608079,,14.31694100000,,5569.00,0.868889,2018,"Transit"
"K2-172 c","K2-172",335.3081368,-12.5569819,249.74200000,3.20569097,,29.62682000000,,5569.00,0.868889,2018,"Transit"
"K2-190 b","K2-190",205.3630485,-13.1608686,160.67900000,1.35673729,,10.09885800000,,5631.00,0.912206,2018,"Transit"
"HAT-P-5 b","HAT-P-5",274.4055335,36.6214617,303.33600000,13.56289000,0.0407300000,2.78849000000,1517.00,5960.00,1.120000,2007,"Transit"
"HAT-P-6 b","HAT-P-6",354.7740917,42.4659866,275.35800000,16.58932000,0.0523900000,3.85298000000,1675.00,6570.00,1.620000,2007,"Transit"
"HD 218566 b","HD 218566",347.2974170,-2.2611645,28.82740000,9.32000000,0.6900000000,225.70000000000,253.15,4730.00,0.850000,2010,"Radial Velocity"
"HD 240237 b","HD 240237",348.9259334,58.0432233,933.37700000,12.20000000,1.9200000000,745.70001000000,1153.09,3926.00,71.230000,2011,"Radial Velocity"
"XO-1 b","XO-1",240.5492745,28.1696248,163.55300000,12.77826000,0.0488000000,3.94153000000,1210.00,5750.00,0.880000,2006,"Transit"
"XO-4 b","XO-4",110.3880285,58.2681094,272.65500000,14.01125000,0.0552400000,4.12508000000,1630.00,6397.00,1.450000,2010,"Transit"
"K2-191 b","K2-191",201.6391407,-12.8066737,287.18800000,1.57889322,,2.85864600000,,5176.00,0.839696,2018,"Transit"
"K2-200 b","K2-200",202.2512060,-4.6100532,184.13100000,1.36439870,,2.84988300000,,5233.00,0.791736,2018,"Transit"
"HD 101930 b","HD 101930",175.8756080,-58.0053798,30.02740000,10.60000000,0.3000000000,70.46000000000,417.04,5108.00,0.860000,2005,"Radial Velocity"
"HD 2638 b","HD 2638",7.4990038,-5.7649600,54.96210000,14.30000000,0.0400000000,3.44420000000,1212.27,5186.00,0.940000,2005,"Radial Velocity"
"HD 30562 b","HD 30562",72.1529519,-5.6751152,26.15970000,13.60000000,2.3400000000,1157.00000000000,235.27,5882.00,1.610000,2009,"Radial Velocity"
"KELT-2 A b","KELT-2 A",92.6640226,30.9571333,134.05800000,15.13215000,0.0549700000,4.11379000000,2080.00,6327.00,1.930000,2012,"Transit"
"Pr0201 b","Pr0201",130.4324005,20.2268164,180.64000000,14.20000000,0.0600000000,4.42640000000,1303.39,6174.00,1.150000,2012,"Radial Velocity"
"K2-173 b","K2-173",60.3752402,15.6251296,228.64100000,1.60826194,,5.86869900000,,5580.00,0.843154,2018,"Transit"
"HD 102195 b","HD 102195",176.4254063,2.8209912,29.33860000,14.20000000,0.0500000000,4.11377000000,1035.17,5301.00,0.820000,2006,"Radial Velocity"
"HD 102117 b","HD 102117",176.2097267,-58.7040134,39.57920000,8.47000000,0.1500000000,20.81330000000,780.86,5655.00,1.230000,2005,"Radial Velocity"
"HD 330075 b","HD 330075",237.4054997,-49.9639199,45.29890000,14.30000000,0.0400000000,3.38773000000,990.00,5000.00,0.840000,2004,"Radial Velocity"
"HD 34445 b","HD 34445",79.4207483,7.3527156,46.09070000,13.90000000,2.0700000000,1049.00000000000,231.47,5879.00,1.380000,2009,"Radial Velocity"
"HD 77338 b","HD 77338",135.3022475,-25.5282343,45.93500000,4.12000000,0.0600000000,5.73610000000,1035.54,5341.00,0.970000,2012,"Radial Velocity"
"HAT-P-40 b","HAT-P-40",335.5129199,45.4573423,464.46900000,17.03768000,0.0608000000,4.45724000000,1770.00,6080.00,1.940000,2012,"Transit"
"HD 215152 c","HD 215152",340.8380941,-6.4020685,21.59740000,,0.0673930000,7.28243000000,783.20,4935.00,0.730000,2018,"Radial Velocity"
"HD 215152 d","HD 215152",340.8380941,-6.4020685,21.59740000,,0.0879900000,10.86499000000,685.43,4935.00,0.730000,2018,"Radial Velocity"
"HD 103197 b","HD 103197",178.2201971,-50.2927911,57.14630000,5.83000000,0.2500000000,47.84000000000,474.97,5250.00,0.880000,2011,"Radial Velocity"
"HD 108874 b","HD 108874",187.6126029,22.8794399,59.51750000,13.60000000,1.0400000000,394.48123000000,271.33,5600.00,1.050000,2002,"Radial Velocity"
"HD 40979 b","HD 40979",91.1253346,44.2597855,34.08830000,12.90000000,0.8500000000,264.14999000000,354.69,6165.00,1.210000,2002,"Radial Velocity"
"HD 4203 b","HD 4203",11.1722288,20.4483925,81.37950000,13.30000000,1.1700000000,431.88000000000,297.28,5596.00,1.420000,2001,"Radial Velocity"
"WASP-49 b","WASP-49",91.0897193,-16.9653901,194.55300000,12.44199000,0.0379000000,2.78174000000,1400.00,5600.00,0.970000,2012,"Transit"
"UKIRT-2017-BLG-001L b","UKIRT-2017-BLG-001L",266.6540830,-29.2113609,6300.00000000,13.70000000,4.1800000000,,,,,2018,"Microlensing"
"HD 121504 b","HD 121504",209.3199062,-56.0404085,41.65920000,13.60000000,0.3300000000,63.33000000000,523.32,6027.00,1.070000,2003,"Radial Velocity"
"HD 47186 b","HD 47186",99.0367212,-27.6234285,37.45740000,5.02000000,0.0500000000,4.08450000000,1267.79,5657.00,1.080000,2008,"Radial Velocity"
"WASP-66 b","WASP-66",158.2250301,-34.9899074,500.25800000,15.69260000,0.0546000000,4.08605000000,1569.70,6600.00,1.760000,2012,"Transit"
"WASP-67 b","WASP-67",295.7438485,-19.9497314,189.46900000,12.89035000,0.0517900000,4.61442000000,1003.00,5200.00,0.880000,2012,"Transit"
"K2-197 b","K2-197",202.3934779,-7.3739779,247.63700000,2.56000000,0.0806000000,8.35788100000,848.00,5667.00,0.930000,2018,"Transit"
"HD 185269 b","HD 185269",294.2987668,28.4995140,51.99170000,13.80000000,0.0770000000,6.83776000000,1455.61,5923.00,2.000000,2006,"Radial Velocity"
"HD 181342 b","HD 181342",290.2674078,-23.6196996,120.39100000,13.20000000,1.5920000000,564.10000000000,410.15,4945.00,4.710000,2009,"Radial Velocity"
"K2-240 b","K2-240",227.8493710,-17.8754464,72.91050000,2.00000000,0.0513000000,6.03400000000,586.00,3810.00,0.540000,2018,"Transit"
"CoRoT-20 c","CoRoT-20",97.7204249,0.2268931,844.06100000,12.20000000,2.9000000000,1675.00000000000,168.16,5880.00,1.020000,2018,"Radial Velocity"
"HD 89345 b","HD 89345",154.6710977,10.1288464,132.34500000,7.39794000,0.1066000000,11.81430000000,1089.00,5576.00,1.747000,2018,"Transit"
"WASP-158 b","WASP-158",4.1463468,-10.9764226,524.99300000,11.99363000,0.0517000000,3.65633300000,1590.00,6350.00,1.390000,2018,"Transit"
"HD 200964 b","HD 200964",316.6664183,3.8033357,72.59220000,13.50000000,1.5650000000,606.30000000000,425.95,4982.00,4.920000,2010,"Radial Velocity"
"K2-238 b","K2-238",347.7043164,-7.8575592,537.96300000,14.57170000,0.0460000000,3.20466000000,1587.00,5630.00,1.590000,2018,"Transit"
"WASP-162 b","WASP-162",168.2929079,-17.6577794,310.84100000,11.20900000,0.0871000000,9.62468000000,910.00,5300.00,1.110000,2018,"Transit"
"WASP-168 b","WASP-168",96.7446427,-46.8213635,303.94100000,16.81350000,0.0519000000,4.15365800000,1340.00,6000.00,1.120000,2018,"Transit"
"HD 28678 b","HD 28678",67.8560643,4.5752495,189.90800000,13.50000000,1.1800000000,380.20000000000,561.84,4972.00,6.480000,2011,"Radial Velocity"
"HD 30856 b","HD 30856",72.5745099,-24.3689282,131.19900000,13.50000000,1.8500000000,847.00000000000,364.02,4895.00,4.400000,2011,"Radial Velocity"
"OGLE-2014-BLG-1722L c","OGLE-2014-BLG-1722L",268.7523800,-31.4690552,6400.00000000,11.00000000,1.7000000000,,,,,2018,"Microlensing"
"K2-244 b","K2-244",183.4686492,-3.8318097,212.90200000,1.75000000,0.1418000000,21.06884000000,638.00,5677.00,0.920000,2018,"Transit"
"K2-266 b","K2-266",157.9356855,0.9372782,77.55860000,3.30000000,0.0130600000,0.65852400000,1515.00,4285.00,0.703000,2018,"Transit"
"K2-266 c","K2-266",157.9356855,0.9372782,77.55860000,0.70500000,0.0679000000,7.81400000000,664.50,4285.00,0.703000,2018,"Transit"
"WASP-173 A b","WASP-173 A",354.1686959,-34.6113042,232.98000000,13.45080000,0.0248000000,1.38665318000,1880.00,5800.00,1.110000,2018,"Transit"
"OGLE-2011-BLG-0173L b","OGLE-2011-BLG-0173L",269.3157350,-28.2338619,6100.00000000,9.01000000,8.0000000000,,,,,2018,"Microlensing"
"HD 5319 b","HD 5319",13.7558096,0.7893425,121.40500000,13.50000000,1.5700000000,637.10000000000,377.72,4871.00,4.060000,2007,"Radial Velocity"
"K2-159 b","K2-159",180.5408896,-3.5809053,170.99800000,2.26000000,0.1013000000,12.42205000000,684.00,5425.00,0.830000,2018,"Transit"
"K2-266 e","K2-266",157.9356855,0.9372782,77.55860000,2.73000000,0.1249000000,19.48200000000,490.10,4285.00,0.703000,2018,"Transit"
"K2-266 d","K2-266",157.9356855,0.9372782,77.55860000,2.93000000,0.1035000000,14.69700000000,538.30,4285.00,0.703000,2018,"Transit"
"WASP-147 b","WASP-147",359.1915117,-22.1532316,436.09800000,12.49803500,0.0549000000,4.60273000000,1404.00,5702.00,1.429000,2018,"Transit"
"WASP-160 B b","WASP-160 B",87.6795610,-27.6233218,288.32600000,12.21781000,0.0452000000,3.76849520000,1119.00,5298.00,0.868000,2018,"Transit"
"HD 95089 c","HD 95089",164.6987480,1.7290087,136.95700000,13.10000000,3.3300000000,1785.00000000000,292.91,4918.00,5.080000,2016,"Radial Velocity"
"K2-166 b","K2-166",185.1880932,2.2823788,476.88200000,2.19000000,0.0858000000,8.52695000000,1140.00,5960.00,1.610000,2018,"Transit"
"HATS-36 b","HATS-36",291.4787013,-23.2028183,856.43600000,12.92000000,0.0523000000,4.17518600000,1203.00,5950.00,1.100000,2018,"Transit"
"WASP-165 b","WASP-165",357.5806472,-17.0775947,602.23600000,14.12334000,0.0482300000,3.46550900000,1624.00,5599.00,1.750000,2018,"Transit"
"HD 96063 b","HD 96063",166.1853484,-2.5132966,140.06500000,13.70000000,1.1100000000,362.50000000000,500.75,5020.00,4.750000,2011,"Radial Velocity"
"K2-228 b","K2-228",187.2947047,-6.8342028,129.46000000,1.21000000,0.0338000000,2.69828000000,914.00,4715.00,0.650000,2018,"Transit"
"K2-283 b","K2-283",13.1943679,9.6929181,402.91500000,3.52000000,0.0291000000,1.92103600000,1186.00,5060.00,0.820000,2018,"Transit"
"K2-151 b","K2-151",19.3047733,9.5012663,69.47980000,1.49000000,0.0373000000,3.83547600000,566.00,3695.00,0.450000,2018,"Transit"
"K2-281 b","K2-281",16.2274724,7.2692169,458.13900000,8.18000000,0.0773000000,8.68772100000,665.00,4812.00,0.760000,2018,"Transit"
"K2-216 b","K2-216",11.4802354,6.3470302,115.46100000,1.75000000,0.0280000000,2.17480000000,1103.00,4503.00,0.720000,2018,"Transit"
"HD 5319 c","HD 5319",13.7558096,0.7893425,121.40500000,13.80000000,1.9300000000,872.20000000000,340.67,4871.00,4.060000,2014,"Radial Velocity"
"K2-230 b","K2-230",191.3631170,-6.5760510,540.77300000,1.96000000,0.0409000000,2.86041000000,1529.00,5945.00,1.390000,2018,"Transit"
"K2-188 b","K2-188",129.8137008,23.3574367,446.82100000,1.35000000,0.0289000000,1.74216900000,1692.00,5977.00,1.190000,2018,"Transit"
"GJ 96 b","GJ 96",35.5624031,47.8802075,11.93150000,4.67000000,0.2910000000,73.94000000000,257.81,3785.00,0.580612,2018,"Radial Velocity"
"KMT-2016-BLG-1820L b","KMT-2016-BLG-1820L",268.7647400,-29.5169201,6260.00000000,12.90000000,1.0800000000,,,,,2018,"Microlensing"
"HD 94834 b","HD 94834",164.3126363,24.1429374,98.16090000,13.70000000,2.7400000000,1576.00000000000,286.45,4798.00,4.200000,2018,"Radial Velocity"
"K2-153 b","K2-153",183.8088709,2.0208765,143.12500000,2.00000000,0.0614000000,7.51574000000,497.00,3845.00,0.530000,2018,"Transit"
"HATS-11 b","HATS-11",289.4007603,-22.3900092,944.60300000,18.03000000,0.0507000000,3.61918800000,1596.00,6563.00,1.540000,2016,"Transit"
"KMT-2016-BLG-2142L b","KMT-2016-BLG-2142L",268.1120000,-29.3845615,7010.00000000,12.20000000,0.8300000000,,,,,2018,"Microlensing"
"MOA-2015-BLG-337L b","MOA-2015-BLG-337L",271.9487000,-28.1702785,7100.00000000,6.42000000,0.2400000000,,,,,2018,"Microlensing"
"K2-241 b","K2-241",181.2386829,-6.8052985,149.46400000,2.55000000,0.1567000000,26.81990000000,507.00,5262.00,0.750000,2018,"Transit"
"K2-117 c","K2-117",133.8557342,10.4692176,101.63200000,2.06000000,0.0492000000,5.44401700000,537.00,3778.00,0.510000,2017,"Transit"
"K2-284 b","K2-284",79.1407971,20.2549034,107.27200000,2.78000000,0.0477100000,4.79506900000,653.00,4140.00,0.607000,2018,"Transit"
"MOA-2016-BLG-319L b","MOA-2016-BLG-319L",268.7422180,-29.7504635,6800.00000000,14.10000000,0.9500000000,,,,,2018,"Microlensing"
"HD 12648 b","HD 12648",34.7480718,85.7365329,182.19200000,13.40000000,0.5400000000,133.60001000000,1053.23,4835.00,11.020000,2015,"Radial Velocity"
"K2-243 b","K2-243",181.1211419,-4.8991358,266.86400000,2.17000000,0.1087000000,11.54182000000,1035.00,6570.00,1.390000,2018,"Transit"
"K2-117 b","K2-117",133.8557342,10.4692176,101.63200000,2.03000000,0.0189000000,1.29160000000,868.00,3778.00,0.510000,2017,"Transit"
"K2-312 c","HD 80653",140.3390845,14.3678691,109.86000000,12.80000000,1.8820000000,871.32000000000,229.00,5959.00,1.199000,2023,"Radial Velocity"
"K2-245 b","K2-245",185.1815630,-1.5909138,456.06400000,4.34000000,0.0959000000,11.89307000000,923.00,5793.00,1.250000,2018,"Transit"
"K2-270 c","K2-270",131.2665588,13.5497322,280.51800000,2.95000000,0.0497000000,4.40002800000,848.00,4877.00,0.770000,2018,"Transit"
"HATS-59 b","HATS-59",170.3243250,-22.3881770,642.88400000,12.62133400,0.0611200000,5.41608100000,1128.00,5670.00,1.036000,2018,"Transit"
"KELT-15 b","KELT-15",117.4149764,-52.1204471,324.68300000,19.50366000,0.0461300000,3.32944000000,1642.00,6003.00,1.780000,2016,"Transit"
"K2-247 b","K2-247",188.8935189,-10.0692793,258.11300000,2.12000000,0.0304000000,2.25021000000,979.00,4667.00,0.690000,2018,"Transit"
"EPIC 211945201 b","EPIC 211945201",136.5741931,19.4020565,181.69000000,5.76000000,0.1493000000,19.49221000000,817.00,6069.00,1.390000,2018,"Transit"
"CoRoT-21 b","CoRoT-21",101.0526207,-0.2991544,1398.83419686,14.57170000,0.0417000000,2.72474000000,2044.44,6200.00,1.950000,2012,"Transit"
"70 Vir b","70 Vir",202.1064898,13.7763085,17.90110000,12.60000000,0.4810000000,116.68800000000,525.24,5495.00,1.890000,1996,"Radial Velocity"
"K2-39 b","K2-39",338.3682095,-9.0229405,307.47000000,6.27704000,0.0570800000,4.60543000000,1670.00,4881.00,2.970000,2016,"Transit"
"K2-248 b","K2-248",182.8173343,-9.4141696,406.25400000,2.57000000,0.0699000000,7.17256000000,886.00,5528.00,0.920000,2018,"Transit"
"K2-276 b","K2-276",125.9528309,22.6339399,488.15200000,3.77000000,0.1291000000,18.71826900000,583.00,5139.00,0.850000,2018,"Transit"
"HD 102956 b","HD 102956",177.8436988,57.6406584,121.89000000,13.80000000,0.0807000000,6.49470000000,1804.96,4985.00,4.550000,2010,"Radial Velocity"
"HD 108863 b","HD 108863",187.5826081,21.9480993,164.74200000,13.30000000,1.3200000000,437.70000000000,490.51,4878.00,5.740000,2011,"Radial Velocity"
"HATS-46 b","HATS-46",6.7026401,-56.3161021,453.80800000,10.12172700,0.0536700000,4.74237290000,1054.00,5495.00,0.853000,2018,"Transit"
"HATS-7 b","HATS-7",208.8567465,-21.2078587,240.70700000,6.31066700,0.0401200000,3.18531500000,1084.00,4985.00,0.815000,2015,"Transit"
"K2-252 b","K2-252",182.3663818,-8.3096141,228.83900000,1.74000000,0.1041000000,13.81513000000,639.00,5152.00,0.820000,2018,"Transit"
"K2-188 c","K2-188",129.8137008,23.3574367,446.82100000,2.83000000,0.0785000000,7.81025300000,1026.00,5977.00,1.190000,2018,"Transit"
"HD 131496 b","HD 131496",223.3461495,18.2352618,131.84900000,13.40000000,2.0100000000,896.00000000000,347.30,4846.00,4.440000,2011,"Radial Velocity"
"HD 1502 b","HD 1502",4.8214389,14.0546830,190.95300000,13.20000000,1.2620000000,428.50000000000,458.89,4947.00,4.670000,2011,"Radial Velocity"
"NGTS-3 A b","NGTS-3 A",94.4447595,-35.7063640,743.97200000,16.58932000,0.0230000000,1.67537280000,1434.44,5600.00,0.930000,2018,"Transit"
"K2-254 b","K2-254",185.5507926,-4.7172908,227.77500000,1.63000000,0.0448000000,4.09639000000,791.00,4629.00,0.670000,2018,"Transit"
"K2-192 b","K2-192",206.5823122,-11.5563527,221.75300000,1.52000000,0.0490000000,4.16281700000,939.00,5222.00,0.810000,2018,"Transit"
"K2-239 c","K2-239",160.5941265,4.4413751,31.08490000,1.00000000,0.0576000000,7.77500000000,427.00,3420.00,0.360000,2018,"Transit"
"K2-258 b","K2-258",187.6314027,-1.1609171,661.87300000,3.00000000,0.1490000000,19.09210000000,831.00,6351.00,1.310000,2018,"Transit"
"HD 70642 b","HD 70642",125.3661079,-39.7044432,29.27600000,13.00000000,3.3180000000,2124.54000000000,150.52,5732.00,0.984000,2003,"Radial Velocity"
"HATS-69 b","HATS-69",289.2974275,-60.8917599,414.53700000,10.59250500,0.0321100000,2.22525770000,1295.70,5137.00,0.878500,2018,"Transit"
"HD 202696 b","HD 202696",319.2250346,27.2582799,188.54600000,,1.5660000000,517.80000000000,492.46,5040.00,6.430000,2019,"Radial Velocity"
"HD 202696 c","HD 202696",319.2250346,27.2582799,188.54600000,,2.3420000000,946.60000000000,402.69,5040.00,6.430000,2019,"Radial Velocity"
"KMT-2017-BLG-1038L b","KMT-2017-BLG-1038L",266.1709170,-25.1430306,6000.00000000,13.40000000,1.8000000000,,,,,2019,"Microlensing"
"HD 117618 b","HD 117618",203.1066418,-47.2719049,37.77810000,8.59000000,0.1800000000,25.80000000000,745.79,5990.00,1.200000,2004,"Radial Velocity"
"NGTS-4 b","NGTS-4",89.5988945,-30.8117992,280.55500000,3.18000000,0.0190000000,1.33735080000,1650.00,5143.00,0.840000,2019,"Transit"
"K2-295 b","K2-295",19.6101417,6.8167277,232.80100000,10.05447300,0.0451000000,4.02486700000,852.00,4444.00,0.700000,2018,"Transit"
"HIP 79098 AB b","HIP 79098 AB",242.1821202,-23.6855244,145.79800000,12.10000000,345.0000000000,,2450.00,9193.75,,2019,"Imaging"
"Kepler-730 b","Kepler-730",285.5547895,45.5788420,1935.04000000,12.32990000,0.0694000000,6.49168280800,1219.00,5620.00,1.411000,2016,"Transit"
"K2-133 c","K2-133",70.1493775,25.0098135,75.17030000,1.60300000,0.0434100000,4.86784000000,570.60,3655.00,0.455000,2017,"Transit"
"K2-133 d","K2-133",70.1493775,25.0098135,75.17030000,2.00300000,0.0748700000,11.02454000000,734.00,3655.00,0.455000,2017,"Transit"
"HAT-P-25 b","HAT-P-25",48.4354731,25.1973548,300.38400000,12.72221500,0.0466000000,3.65281514000,1182.00,5519.00,0.919000,2012,"Transit"
"HD 89744 b","HD 89744",155.5433193,41.2289354,38.63640000,12.60000000,0.9170000000,256.78000000000,462.62,6291.00,2.132570,1999,"Radial Velocity"
"HD 65216 c","HD 65216",118.4209646,-63.6466892,35.12050000,13.40000000,5.7500000000,5370.00000000000,105.87,5612.00,0.880000,2013,"Radial Velocity"
"K2-133 e","K2-133",70.1493775,25.0098135,75.17030000,1.73000000,0.1346000000,26.58410000000,296.00,3655.00,0.455000,2019,"Transit"
"EPIC 201497682 b","EPIC 201497682",168.9366786,0.4880606,253.02600000,0.69200000,,2.13174000000,,4991.00,0.554000,2019,"Transit"
"OGLE-2015-BLG-1670L b","OGLE-2015-BLG-1670L",268.1587917,-28.5519167,6700.00000000,4.42000000,2.6200000000,,,,,2019,"Microlensing"
"K2-290 c","K2-290",234.8578846,-20.1988975,272.90900000,11.27625400,0.3050000000,48.36685000000,676.00,6302.00,1.511000,2019,"Transit"
"HAT-P-34 b","HAT-P-34",303.1954355,18.1047776,249.32500000,13.41717300,0.0677400000,5.45265400000,1520.00,6442.00,1.530000,2011,"Transit"
"EPIC 201754305 d","K2-16",175.0972238,4.5574311,334.96700000,1.03000000,,2.71578000000,,4761.00,0.544000,2019,"Transit"
"EPIC 201833600 c","K2-50",169.4836540,5.9882890,257.44300000,1.00000000,,3.96151000000,,4326.00,0.634000,2019,"Transit"
"HAT-P-36 b","HAT-P-36",188.2662048,44.9153672,294.41900000,14.31389300,0.0241000000,1.32734683000,1780.97,5620.00,1.041000,2011,"Transit"
"K2-52 b","K2-52",246.6114157,-24.9699462,1038.41000000,18.00000000,0.0540000000,3.53505500000,2004.00,7147.00,2.192000,2016,"Transit"
"K2-53 b","K2-53",244.1419684,-20.4005984,138.01800000,2.60000000,0.0980000000,12.20772000000,665.00,5263.00,0.807000,2016,"Transit"
"K2-293 b","K2-293",351.6064952,-6.0279068,392.25100000,2.45000000,,13.12250000000,750.00,5532.00,0.947000,2019,"Transit"
"TOI-172 b","TOI-172",316.6318791,-26.6928654,342.83100000,10.81668500,0.0914000000,9.47725000000,1198.00,5645.00,1.777000,2019,"Transit"
"EPIC 206024342 b","EPIC 206024342",331.2771441,-14.1218019,369.88800000,1.70000000,,4.50756000000,,5724.00,0.823000,2019,"Transit"
"EPIC 206032309 b","EPIC 206032309",341.2404563,-13.9011223,161.36500000,1.01000000,,2.87814000000,,3489.00,0.373440,2019,"Transit"
"HAT-P-9 b","HAT-P-9",110.1685157,37.1405946,455.20300000,15.61413700,0.0528700000,3.92281072000,1540.00,6350.00,1.338000,2008,"Transit"
"HATS-24 b","HATS-24",268.8907069,-61.7474000,494.18200000,15.63655500,0.0238000000,1.34849780000,2166.00,6125.00,1.120000,2017,"Transit"
"K2-90 b","K2-90",59.1527391,22.4724517,134.18800000,2.60000000,0.0960000000,13.73331400000,502.00,4484.00,0.619000,2016,"Transit"
"K2-294 b","K2-294",352.0516724,-7.6037856,373.07800000,1.66000000,,2.50387000000,1425.00,5612.00,1.200000,2019,"Transit"
"GJ 685 b","GJ 685",263.8960378,61.6793482,14.31550000,2.95000000,0.1344000000,24.16000000000,368.84,3816.00,0.540000,2019,"Radial Velocity"
"EPIC 206317286 b","EPIC 206317286",337.6178427,-7.9724560,314.35000000,0.96000000,,1.58252000000,,4752.00,0.669000,2019,"Transit"
"K2-308 b","K2-308",78.3391194,16.4141986,1314.53000000,9.91600000,,3.38628000000,1213.76,6100.00,1.240000,2019,"Transit"
"Kepler-9 c","Kepler-9",285.5739904,38.4008192,628.25700000,8.08000000,0.2270000000,38.98530000000,523.00,5774.00,0.958000,2010,"Transit"
"K2-124 b","K2-124",133.6410515,23.1329509,140.38500000,2.90000000,0.0490000000,6.41365100000,442.00,3570.00,0.388000,2017,"Transit"
"HD 92788 b","HD 92788",160.7021351,-2.1847173,34.65380000,13.00000000,0.9700000000,325.80300000000,300.27,5744.00,1.140000,2000,"Radial Velocity"
"Kepler-25 c","Kepler-25",286.6383905,39.4879038,243.24900000,5.21700000,0.1117000000,12.72070000000,934.00,6354.00,1.316000,2011,"Transit"
"WASP-33 b","WASP-33",36.7127375,37.5504441,121.94400000,17.85593700,0.0239000000,1.21987000000,2781.70,7430.00,1.444000,2010,"Transit"
"HD 134060 c","HD 134060",227.6847587,-61.4223747,24.01250000,5.91000000,2.3928000000,1291.56460000000,200.67,5966.00,1.164285,2019,"Radial Velocity"
"WASP-177 b","WASP-177",334.7969885,-1.8344301,176.81800000,17.71022000,0.0395700000,3.07172200000,1142.00,5017.00,0.885000,2019,"Transit"
"WASP-181 b","WASP-181",26.7932253,3.1329325,437.49500000,13.27145600,0.0542700000,4.51950640000,1186.00,5839.00,0.965000,2019,"Transit"
"Kepler-25 b","Kepler-25",286.6383905,39.4879038,243.24900000,2.74800000,0.0695000000,6.23829700000,1185.00,6354.00,1.316000,2011,"Transit"
"WASP-161 b","WASP-161",126.3378248,-11.5009889,343.08000000,12.81188700,0.0673000000,5.40604250000,1557.00,6400.00,1.712000,2018,"Transit"
"WASP-163 b","WASP-163",256.5375549,-10.4130071,261.38600000,13.47321800,0.0266000000,1.60968840000,1638.00,5500.00,1.015000,2018,"Transit"
"HD 20781 b","HD 20781",50.0139757,-28.7841175,35.97150000,1.21000000,0.0529000000,5.31350000000,1006.10,5256.00,0.833609,2019,"Radial Velocity"
"HD 20003 b","HD 20003",46.9090081,-72.3219221,41.83160000,3.43000000,0.0974000000,11.84820000000,814.93,5494.00,0.921637,2019,"Radial Velocity"
"Kepler-47 c","Kepler-47",295.2978883,46.9204303,1025.02000000,4.65000000,0.9638000000,303.22700000000,267.82,5636.00,0.936000,2012,"Transit"
"Gl 49 b","Gl 49",15.6687321,62.3454386,9.85280000,2.24000000,0.0905000000,13.85080000000,435.99,3805.00,0.511000,2019,"Radial Velocity"
"HD 21693 b","HD 21693",51.8040469,-58.3232726,33.25500000,2.80000000,0.1455000000,22.67860000000,656.39,5430.00,0.914378,2019,"Radial Velocity"
"HD 20781 c","HD 20781",50.0139757,-28.7841175,35.97150000,2.17000000,0.1004000000,13.89050000000,730.30,5256.00,0.833609,2019,"Radial Velocity"
"Kepler-47 d","Kepler-47",295.2978883,46.9204303,1025.02000000,7.04000000,0.6992000000,187.36600000000,314.44,5636.00,0.936000,2019,"Transit"
"LSPM J2116+0234 b","LSPM J2116+0234",319.1147513,2.5807711,17.62970000,3.71000000,0.0876000000,14.43990000000,371.68,3475.00,0.431000,2019,"Radial Velocity"
"K2-285 e","K2-285",349.3843458,1.3001522,154.96100000,1.95000000,0.1804100000,14.76289000000,500.90,4975.00,0.787000,2018,"Transit"
"K2-285 d","K2-285",349.3843458,1.3001522,154.96100000,2.48000000,0.1178000000,10.45582000000,619.90,4975.00,0.787000,2018,"Transit"
"HD 31527 b","HD 31527",73.9096193,-23.2413163,38.44730000,3.22000000,0.1254000000,16.55350000000,832.20,5898.00,1.073694,2019,"Radial Velocity"
"HD 31527 d","HD 31527",73.9096193,-23.2413163,38.44730000,3.46000000,0.8098000000,271.67370000000,327.48,5898.00,1.073694,2019,"Radial Velocity"
"HD 21749 c","GJ 143",51.7501882,-63.5001660,16.32000000,0.89200000,0.0695000000,7.78993000000,701.00,4640.00,0.695000,2019,"Transit"
"HD 114729 b","HD 114729",198.1833997,-31.8746756,37.80630000,13.90000000,2.0670000000,1121.79000000000,237.89,5844.00,1.473000,2002,"Radial Velocity"
"K2-286 b","K2-286",233.3698192,-16.7737113,76.14860000,2.10000000,0.1768000000,27.35900000000,347.00,3926.00,0.620000,2018,"Transit"
"Qatar-9 b","Qatar-9",160.7480950,60.9641194,213.77100000,11.30988100,0.0234000000,1.54073100000,1134.00,4309.00,0.696000,2019,"Transit"
"NGTS-5 b","NGTS-5",221.0582692,5.6053735,306.77900000,12.73342400,0.0382000000,3.35698660000,952.00,4987.00,0.739000,2019,"Transit"
"HD 126525 b","HD 126525",216.8852514,-51.9329118,37.65060000,10.30000000,1.8370000000,960.41000000000,198.47,5638.00,0.979000,2018,"Radial Velocity"
"HD 117207 b","HD 117207",202.3368806,-35.5713041,32.35470000,13.40000000,3.7870000000,2621.75000000000,147.20,5732.00,1.074000,2004,"Radial Velocity"
"HD 143361 b","HD 143361",240.4588405,-44.4350575,68.51460000,12.90000000,1.9880000000,1039.15000000000,180.26,5507.00,0.916000,2008,"Radial Velocity"
"K2-288 B b","K2-288 B",55.4442857,18.2684913,65.61380000,1.90000000,0.1640000000,31.39346300000,226.36,3341.00,0.320000,2018,"Transit"
"HATS-60 b","HATS-60",341.3640336,-14.9917747,486.47400000,12.92397700,0.0470800000,3.56082900000,1528.00,5688.00,1.460000,2018,"Transit"
"HD 20781 e","HD 20781",50.0139757,-28.7841175,35.97150000,3.83000000,0.3374000000,85.50730000000,398.38,5256.00,0.833609,2019,"Radial Velocity"
"HD 45184 c","HD 45184",96.1820205,-28.7806402,21.95320000,2.91000000,0.1100000000,13.13540000000,884.78,5869.00,1.075139,2019,"Radial Velocity"
"HD 152079 b","HD 152079",253.3732313,-46.3333582,87.88880000,13.20000000,4.1870000000,2918.92000000000,147.84,5907.00,1.128000,2009,"Radial Velocity"
"HATS-62 b","HATS-62",312.4493079,-24.3035060,523.06700000,11.82549500,0.0416300000,3.27688370000,1237.00,5416.00,0.933000,2018,"Transit"
"HATS-63 b","HATS-63",67.4185820,-28.1972149,623.23200000,13.52926300,0.0402600000,3.05665270000,1398.30,5627.00,1.070000,2018,"Transit"
"HATS-70 b","HATS-70",109.1045212,-31.2443947,1458.83000000,15.51325600,0.0363200000,1.88823780000,2730.00,7930.00,1.881000,2019,"Transit"
"K2-264 b","K2-264",131.3583524,19.6984010,185.60500000,2.23100000,0.0502300000,5.84000200000,496.00,3660.00,0.473000,2018,"Transit"
"KMT-2016-BLG-1107L b","KMT-2016-BLG-1107L",266.4177500,-26.0318000,6651.00000000,13.10000000,0.3420000000,,,,,2019,"Microlensing"
"HD 103949 b","HD 103949",179.5479558,-23.9241221,26.49970000,3.35000000,0.4390000000,120.87800000000,302.65,4792.00,0.753113,2019,"Radial Velocity"
"HIP 35173 b","HIP 35173",109.0449329,-3.6661273,33.15620000,3.61000000,0.2170000000,41.51600000000,444.34,4881.00,0.773404,2019,"Radial Velocity"
"HD 23127 b","HD 23127",54.8491271,-60.0772290,93.85550000,13.50000000,2.3700000000,1211.17000000000,223.40,5843.00,1.490000,2006,"Radial Velocity"
"HD 25171 b","HD 25171",58.9574779,-65.1863239,55.61460000,13.90000000,2.9710000000,1802.29000000000,190.04,6125.00,1.230000,2010,"Radial Velocity"
"HATS-65 b","HATS-65",292.9397825,-26.7402021,493.32000000,16.82470900,0.0449700000,3.10516100000,1634.00,6277.00,1.310000,2018,"Transit"
"HATS-66 b","HATS-66",101.3948048,-33.8816918,1477.98000000,15.81589900,0.0471400000,3.14143910000,1998.00,6626.00,1.841000,2018,"Transit"
"HD 1397 b","HD 1397",4.4471631,-66.3589285,79.57020000,11.50043400,0.1097000000,11.53533000000,1228.30,5521.00,2.336000,2018,"Transit"
"HD 64114 b","HD 64114",117.9825560,-11.0337221,31.52620000,4.41000000,0.2460000000,45.79100000000,518.51,5676.00,0.882858,2019,"Radial Velocity"
"HD 206255 b","HD 206255",325.5917768,-50.0935884,75.23630000,6.47000000,0.4610000000,96.04500000000,596.48,5635.00,2.221489,2019,"Radial Velocity"
"HD 38801 b","HD 38801",86.9963141,-8.3280256,91.43490000,12.50000000,1.6230000000,685.25000000000,287.80,5338.00,2.029000,2009,"Radial Velocity"
"HATS-67 b","HATS-67",180.2087883,-46.1364201,960.10900000,18.88716500,0.0303200000,1.60917880000,2193.00,6594.00,1.441000,2018,"Transit"
"HATS-68 b","HATS-68",15.0060770,-58.9047242,603.95500000,13.80948800,0.0507100000,3.58622020000,1741.00,6147.00,1.748000,2018,"Transit"
"Gl 378 b","Gl 378",150.5865513,48.0824515,14.95450000,3.66000000,0.0394350000,3.82200000000,830.00,3879.00,0.560000,2019,"Radial Velocity"
"WASP-190 b","WASP-190",7.7095292,-40.5734613,542.25100000,12.89035000,0.0663000000,5.36775300000,1500.00,6400.00,1.600000,2019,"Transit"
"Kepler-1610 c","Kepler-1610",295.9049795,45.4054296,864.33100000,2.09000000,0.2323000000,44.98518850000,433.00,5295.00,0.800000,2023,"Transit"
"XO-7 b","XO-7",277.4780753,85.2333208,234.14900000,15.38995700,0.0442100000,2.86414240000,1743.00,6250.00,1.480000,2019,"Transit"
"HATS-55 b","HATS-55",114.2833819,-32.7554188,609.83800000,14.02245900,0.0541200000,4.20420010000,1367.00,6214.00,1.126000,2019,"Transit"
"Kepler-1996 c","Kepler-1996",285.2537555,46.5822183,440.56100000,2.81000000,0.3608000000,92.72972480000,276.00,4580.00,0.675000,2023,"Transit"
"Kepler-1988 b","Kepler-1988",298.6738034,43.7955099,513.42600000,1.53000000,0.1038000000,11.49500229000,1105.00,6033.00,1.788000,2023,"Transit"
"TOI-813 b","TOI-813",72.6940102,-60.9054608,263.14500000,6.71000000,0.4230000000,83.89110000000,610.00,5907.00,1.940000,2020,"Transit"
"GJ 433 b","GJ 433",173.8619194,-32.5436302,9.06456000,2.33000000,0.0620000000,7.37050000000,473.94,3461.00,0.500000,2013,"Radial Velocity"
"HATS-58 A b","HATS-58 A",186.7873036,-48.9784105,403.59100000,12.27385500,0.0579800000,4.21808960000,1721.00,7175.00,1.433000,2019,"Transit"
"HR 5183 b","HR 5183",206.7357992,6.3498994,31.46070000,13.10000000,18.0000000000,27000.00000000000,171.00,5794.00,1.530000,2019,"Radial Velocity"
"Kepler-1991 b","Kepler-1991",285.0360506,45.0709909,855.82000000,1.47000000,0.1065000000,13.26079792000,760.00,5478.00,1.053000,2023,"Transit"
"Kepler-1471 c","Kepler-1471",289.6649171,50.0200612,978.67800000,1.88000000,0.0981000000,11.60448810000,841.00,5533.00,1.166000,2023,"Transit"
"GJ 180 b","GJ 180",73.4600970,-17.7761940,11.94070000,2.43000000,0.0920000000,17.13300000000,344.43,3371.00,0.413049,2014,"Radial Velocity"
"WASP-169 b","WASP-169",127.3872297,-12.9447683,627.06600000,14.61653600,0.0681000000,5.61141180000,1604.00,6110.00,2.011000,2019,"Transit"
"Kepler-1998 b","Kepler-1998",283.4291536,47.5923973,340.96500000,0.60000000,0.0405000000,3.03267135000,1187.00,5640.00,0.921000,2023,"Transit"
"Kepler-164 e","Kepler-164",287.7808115,47.6298453,890.75800000,4.24000000,0.4025000000,94.88690200000,429.00,5888.00,1.097000,2023,"Transit"
"Kepler-1994 b","Kepler-1994",297.1487941,46.2969247,241.99100000,0.51000000,0.0530000000,4.61225043000,1032.00,5495.00,0.961000,2023,"Transit"
"Kepler-1984 b","Kepler-1984",291.2850446,40.7300225,,6.81000000,0.0238000000,1.99281233900,675.00,3638.00,0.420000,2023,"Transit"
"GJ 433 d","GJ 433",173.8619194,-32.5436302,9.06456000,2.14000000,0.1780000000,36.05900000000,279.71,3461.00,0.500000,2020,"Radial Velocity"
"GJ 3082 b","GJ 3082",18.6432425,-53.9407751,16.61860000,2.79000000,0.0790000000,11.94900000000,457.53,3910.00,0.465216,2020,"Radial Velocity"
"WASP-175 b","WASP-175",166.3187996,-34.1227453,539.36000000,13.54047200,0.0440300000,3.06529070000,1571.00,6229.00,1.204000,2019,"Transit"
"Kepler-619 d","Kepler-619",290.8490899,48.4159782,900.67800000,4.17000000,0.1021000000,11.67894236000,830.00,6122.00,0.964000,2023,"Transit"
"Kepler-1126 c","Kepler-1126",285.6919550,45.6893993,635.73600000,1.45000000,0.6193000000,199.66876000000,305.00,5678.00,0.921000,2023,"Transit"
"EPIC 249893012 b","EPIC 249893012",228.2482353,-16.7246474,321.29600000,1.95000000,0.0470000000,3.59510000000,1616.00,5430.00,1.710000,2020,"Transit"
"Kepler-1661 b","Kepler-1661",285.1670927,41.9669383,410.60700000,3.87000000,0.6330000000,175.06000000000,243.00,5100.00,0.762000,2020,"Transit"
"OGLE-2016-BLG-1067L b","OGLE-2016-BLG-1067L",273.2045000,-27.0126389,3730.00000000,14.30000000,1.7000000000,,,,,2019,"Microlensing"
"Kepler-1987 c","Kepler-1987",295.8254663,42.9433716,595.68300000,1.33000000,0.0427000000,3.64830183000,860.00,4769.00,0.714000,2023,"Transit"
"Kepler-1985 b","Kepler-1985",293.5663715,42.1325825,,2.27000000,0.0426000000,3.42064689000,1129.00,5370.00,0.966000,2023,"Transit"
"Kepler-1987 b","Kepler-1987",295.8254663,42.9433716,595.68300000,1.23000000,0.0318000000,2.34586300200,997.00,4769.00,0.714000,2023,"Transit"
"Kepler-1801 c","Kepler-1801",295.1640095,39.2014024,839.33200000,2.91000000,0.4572000000,116.58318300000,371.00,5738.00,0.981000,2023,"Transit"
"EPIC 249893012 c","EPIC 249893012",228.2482353,-16.7246474,321.29600000,3.67000000,0.1300000000,15.62400000000,990.00,5430.00,1.710000,2020,"Transit"
"EPIC 249893012 d","EPIC 249893012",228.2482353,-16.7246474,321.29600000,3.94000000,0.2200000000,35.74700000000,752.00,5430.00,1.710000,2020,"Transit"
"WASP-180 A b","WASP-180 A",123.3922465,-1.9827874,253.98500000,13.89916000,0.0480000000,3.40926400000,1540.00,6600.00,1.190000,2019,"Transit"
"WASP-2 b","WASP-2",307.7255587,6.4293305,153.24200000,12.11692900,0.0314400000,2.15217500000,1311.00,5180.00,0.866000,2007,"Transit"
"Kepler-949 c","Kepler-949",298.6079128,46.4536600,486.10500000,2.97000000,0.1394000000,20.99757968000,582.00,5211.00,0.895000,2023,"Transit"
"Kepler-311 d","Kepler-311",282.0612731,47.0854984,778.65400000,2.05000000,0.7326000000,232.04032600000,327.00,5903.00,1.156000,2023,"Transit"
"WASP-44 b","WASP-44",3.9032733,-11.9382645,364.51200000,12.32990000,0.0345300000,2.42380400000,1337.00,5420.00,0.906000,2011,"Transit"
"WASP-45 b","WASP-45",5.2377567,-35.9984650,211.19600000,10.60371400,0.0396300000,3.12608900000,1153.00,5150.00,0.855000,2011,"Transit"
"Kepler-1834 c","Kepler-1834",294.6646789,39.7838461,500.39500000,1.22000000,0.0150000000,0.76669151700,1541.00,4821.00,0.788000,2023,"Transit"
"HATS-47 b","HATS-47",287.4844021,-49.6649424,300.67000000,12.52045300,0.0426900000,3.92280380000,852.90,4512.00,0.656400,2020,"Transit"
"GJ 15 A c","GJ 15 A",4.6126677,44.0247296,3.56228000,6.67000000,5.4000000000,7600.00000000000,46.14,3607.00,0.380000,2018,"Radial Velocity"
"Kepler-763 c","Kepler-763",292.1445534,47.1573604,962.45900000,1.42000000,0.0466000000,4.09667624000,938.00,4999.00,0.843000,2023,"Transit"
"Kepler-347 d","Kepler-347",289.1995995,49.3056404,1298.88000000,3.04000000,0.3802000000,85.51734400000,482.00,5592.00,1.451000,2023,"Transit"
"EPIC 248847494 b","EPIC 248847494",159.3890808,11.8427484,551.88600000,12.44199000,4.5000000000,3650.00000000000,183.00,4898.00,2.700000,2018,"Transit"
"WASP-184 b","WASP-184",209.5170100,-30.3481530,663.23100000,14.90797000,0.0627000000,5.18170000000,1480.00,6000.00,1.650000,2019,"Transit"
"WASP-185 b","WASP-185",214.0595791,-19.5423062,279.35000000,14.01125000,0.0904000000,9.38755000000,1160.00,5900.00,1.500000,2019,"Transit"
"Kepler-290 d","Kepler-290",286.4100307,42.6815137,694.62700000,0.86000000,0.0154000000,0.76401755300,1589.00,5142.00,0.755000,2023,"Transit"
"Kepler-549 d","Kepler-549",283.0228527,47.2611431,635.14500000,4.20000000,0.1575000000,24.61480613000,586.00,5312.00,0.986000,2023,"Transit"
"KMT-2017-BLG-0165L b","KMT-2017-BLG-0165L",269.6496667,-28.1336694,4530.00000000,6.45000000,3.4500000000,,,,,2018,"Microlensing"
"Kepler-865 c","Kepler-865",297.7242257,43.5272796,586.13700000,0.89000000,0.0610000000,6.20920207000,914.00,5440.00,0.885000,2023,"Transit"
"TOI-150.01","TOI-150",112.9654210,-73.6060358,336.26700000,14.06729500,0.0703700000,5.85748700000,1404.50,6255.00,1.526000,2019,"Transit"
"GJ 682 c","GJ 682",264.2610245,-44.3232519,5.00671000,2.89000000,0.1760000000,57.32000000000,190.08,3028.00,0.298255,2014,"Radial Velocity"
"OGLE-2015-BLG-1649L b","OGLE-2015-BLG-1649L",271.2050417,-32.6330278,4230.00000000,13.20000000,2.0700000000,,,,,2019,"Microlensing"
"Kepler-2000 c","Kepler-2000",285.5743032,49.9621218,320.58800000,1.57000000,0.1228000000,20.61803480000,359.00,3757.00,0.576000,2023,"Transit"
"Kepler-448 c","KOI-12",297.4537402,41.0110188,399.39800000,12.00000000,4.2000000000,2500.00000000000,184.72,6635.00,1.400000,2017,"Transit Timing Variations"
"MOA-bin-29 b","MOA-bin-29",269.3759583,-29.7365639,7120.00000000,14.10000000,0.4800000000,,,,,2019,"Microlensing"
"TOI-4562 c","TOI-4562",112.0100593,-63.5177788,339.60500000,12.80000000,5.2190000000,3990.00000000000,138.11,6096.00,1.152000,2024,"Transit Timing Variations"
"HD 50554 d","HD 50554",103.6782730,24.2451409,31.16640000,1.41000000,0.1831000000,28.06940000000,651.11,5968.00,1.146000,2026,"Transit"
"HD 97048 b","HD 97048",167.0133422,-77.6548530,183.85700000,13.30000000,130.0000000000,,63.44,10000.00,2.250000,2019,"Disk Kinematics"
"7 CMa b","7 CMa",99.1712760,-19.2561808,19.81010000,13.40000000,1.7580000000,735.10000000000,387.33,4826.00,4.870000,2011,"Radial Velocity"
"Kepler-1983 b","Kepler-1983",297.0420150,39.9121864,424.42800000,2.33000000,0.0689000000,7.32851947000,807.00,5135.00,0.874000,2023,"Transit"
"NGTS-8 b","NGTS-8",328.9759206,-14.0684399,428.97600000,12.21781000,0.0350000000,2.49970000000,1345.00,5241.00,0.980000,2019,"Transit"
"EPIC 205950854 c","K2-168",333.1100738,-16.3418863,243.93500000,1.31000000,,8.05072200000,960.60,5502.70,0.830000,2019,"Transit"
"7 CMa c","7 CMa",99.1712760,-19.2561808,19.81010000,13.90000000,2.1530000000,996.00000000000,350.00,4826.00,4.870000,2019,"Radial Velocity"
"Kepler-1990 c","Kepler-1990",299.7047433,44.4357068,392.73900000,0.98000000,0.0504000000,4.06844957000,1170.00,5751.00,1.071000,2023,"Transit"
"HD 220197 b","HD 220197",350.4946927,16.6323305,64.41100000,9.32000000,2.7290000000,1728.00000000000,164.22,5683.00,0.980000,2018,"Radial Velocity"
"K2-43 c","K2-43",169.1170280,-3.9754405,182.53600000,2.42000000,,2.19888400000,1093.70,3840.60,0.542000,2019,"Transit"
"Kepler-763 d","Kepler-763",292.1445534,47.1573604,962.45900000,1.67000000,0.0634000000,6.50327035000,804.00,4999.00,0.843000,2023,"Transit"
"Kepler-1162 c","Kepler-1162",283.2920273,45.4339813,940.21100000,1.81000000,0.2832000000,59.28406400000,401.00,5225.00,0.859000,2023,"Transit"
"HD 213885 b","HD 213885",338.9837166,-59.8648290,48.08830000,1.74500000,0.0201200000,1.00803500000,2128.00,5978.00,1.101100,2019,"Transit"
"Kepler-896 c","Kepler-896",282.4391402,43.7344291,2334.93000000,3.15000000,0.1792000000,29.54225660000,515.00,5510.00,0.803000,2023,"Transit"
"Kepler-1982 b","Kepler-1982",287.4099905,39.6586267,558.85500000,0.77000000,0.0511000000,3.82315697000,1282.00,6202.00,1.122000,2023,"Transit"
"HD 213885 c","HD 213885",338.9837166,-59.8648290,48.08830000,4.71000000,0.0567980000,4.78503000000,1265.40,5978.00,1.101100,2019,"Radial Velocity"
"HAT-P-69 b","HAT-P-69",130.5056385,3.7105662,341.26300000,18.78628400,0.0655500000,4.78694910000,1930.00,7394.00,1.926000,2019,"Transit"
"Kepler-2000 b","Kepler-2000",285.5743032,49.9621218,320.58800000,2.73000000,0.0562000000,6.38315913500,530.00,3757.00,0.576000,2023,"Transit"
"TOI-763 c","TOI-763",194.4680980,-39.7580613,95.12740000,2.63000000,0.1011000000,12.27370000000,800.00,5450.00,0.897000,2020,"Transit"
"TOI-905 b","TOI-905",227.6586754,-71.3616316,158.64900000,13.12573900,0.0466600000,3.73949400000,1192.00,5570.00,0.918000,2020,"Transit"
"TOI-564 b","TOI-564",130.2951535,-16.0363275,199.58100000,11.43318000,0.0273400000,1.65114400000,1714.00,5640.00,1.088000,2020,"Transit"
"Kepler-29 b","Kepler-29",298.3483820,47.4913021,832.53200000,2.55000000,0.0848200000,10.33974000000,777.00,5378.00,0.732000,2011,"Transit"
"Kepler-1674 b","Kepler-1674",294.8160447,45.3060844,1012.48000000,3.20577490,0.3017000000,62.56110000000,417.00,5473.91,0.877273,2020,"Transit"
"Kepler-1675 b","Kepler-1675",283.8095478,41.0412517,651.11700000,3.12483349,0.3218500000,63.03820000000,465.00,5853.19,1.128650,2020,"Transit"
"HD 108236 b","HD 108236",186.5740627,-51.3630519,64.59780000,1.61500000,0.0452700000,3.79596300000,1099.00,5660.00,0.877000,2020,"Transit"
"HD 164922 c","HD 164922",270.6304652,26.3104077,22.00160000,3.66000000,0.3410000000,75.74000000000,400.50,5390.00,0.946000,2016,"Radial Velocity"
"KMT-2019-BLG-0842L b","KMT-2019-BLG-0842L",268.4584580,-29.8774389,3320.00000000,3.19000000,3.3100000000,,,,,2020,"Microlensing"
"HD 108236 e","HD 108236",186.5740627,-51.3630519,64.59780000,3.08300000,0.1367000000,19.59002500000,636.00,5660.00,0.877000,2020,"Transit"
"WASP-150 b","WASP-150",264.2630197,53.0212751,527.99500000,11.99363000,0.0694000000,5.64420700000,1460.00,6218.00,1.651000,2020,"Transit"
"NGTS-13 b","NGTS-13",176.2402326,-38.1397158,647.59500000,12.80067800,0.0549000000,4.11902700000,1605.00,5819.00,1.788000,2021,"Transit"
"MOA-2009-BLG-319L b","MOA-2009-BLG-319L",271.7422080,-26.8196917,7050.00000000,9.64000000,2.0300000000,,,,,2010,"Microlensing"
"Kepler-1685 b","Kepler-1685",296.1882618,43.9368118,1141.89000000,2.57673985,0.1485000000,20.49050000000,625.00,5484.00,0.835451,2020,"Transit"
"Kepler-1686 b","Kepler-1686",291.6067189,42.0359783,729.82300000,1.42553017,0.0882700000,9.30987000000,913.00,5714.96,1.199510,2020,"Transit"
"KMT-2016-BLG-2397L b","KMT-2016-BLG-2397L",266.2125420,-23.2013806,4880.00000000,13.20000000,3.6400000000,,,,,2020,"Microlensing"
"OGLE-2017-BLG-0604L b","OGLE-2017-BLG-0604L",267.8916670,-30.9465556,3950.00000000,14.20000000,4.0600000000,,,,,2020,"Microlensing"
"OGLE-2017-BLG-1375L b","OGLE-2017-BLG-1375L",269.1548750,-30.3114167,3930.00000000,12.40000000,3.0400000000,,,,,2020,"Microlensing"
"NGTS-14 A b","NGTS-14 A",328.5174799,-38.3774193,322.14800000,4.97679600,0.0403000000,3.53571730000,1143.00,5187.00,0.842000,2021,"Transit"
"HD 13808 b","HD 13808",33.1780708,-53.7437591,28.23050000,3.35000000,0.1051900000,14.18150000000,661.56,5035.00,0.781000,2021,"Radial Velocity"
"OGLE-2015-BLG-1771L b","OGLE-2015-BLG-1771L",268.7990000,-28.8627500,7070.00000000,14.30000000,0.8500000000,,,,,2020,"Microlensing"
"OGLE-2018-BLG-1700L b","OGLE-2018-BLG-1700L",269.9560420,-28.5286389,7600.00000000,12.90000000,2.8000000000,,,,,2020,"Microlensing"
"Kepler-1687 b","Kepler-1687",289.7428363,50.7870626,417.01400000,1.65623882,0.0532000000,5.77954000000,598.00,4132.00,0.726119,2020,"Transit"
"Kepler-1689 b","Kepler-1689",291.5741663,38.6559433,294.12200000,0.94678642,0.0784000000,8.48300000000,879.00,5731.43,0.996208,2020,"Transit"
"Kepler-462 b","Kepler-462",299.8211502,43.8142793,596.62500000,3.00000000,0.4172000000,84.68660000000,611.00,7500.00,1.570000,2016,"Transit"
"HD 4760 b","HD 4760",12.4161652,6.4071412,537.87300000,12.30000000,1.1400000000,434.00000000000,1198.67,4076.00,42.400000,2021,"Radial Velocity"
"HD 110113 c","HD 110113",190.0365636,-44.3120777,106.30700000,2.11384817,0.0680000000,6.74400000000,990.00,5732.00,0.968000,2021,"Radial Velocity"
"HD 96992 b","HD 96992",167.5966158,43.9189897,396.08200000,13.70000000,1.2400000000,514.00000000000,557.72,4725.00,7.430000,2021,"Radial Velocity"
"KMT-2018-BLG-1292L b","KMT-2018-BLG-1292L",263.4275830,-33.5206694,3460.00000000,12.90000000,6.0300000000,,,,,2020,"Microlensing"
"OGLE-2012-BLG-0838L b","OGLE-2012-BLG-0838L",273.0030830,-25.7116111,6320.00000000,8.39000000,4.4300000000,,,,,2020,"Microlensing"
"Kepler-1691 b","Kepler-1691",286.2543962,41.0218373,1267.67000000,1.83470985,0.0495000000,3.84820000000,1283.00,6000.00,1.131520,2020,"Transit"
"Kepler-1692 b","Kepler-1692",286.9241804,47.0537092,591.01900000,1.11177184,0.0646000000,5.95966000000,897.00,5146.00,0.866139,2020,"Transit"
"EPIC 201170410.02","EPIC 201170410",170.1408561,-4.8070039,134.00000000,1.04700000,0.0349000000,6.79870000000,500.03,3648.00,0.282000,2020,"Transit"
"Kepler-160 d","Kepler-160",287.7735730,42.8692755,937.01300000,,0.1700000000,30.00000000000,676.54,5471.00,1.118000,2020,"Transit Timing Variations"
"Kepler-160 c","Kepler-160",287.7735730,42.8692755,937.01300000,3.76000000,0.1192000000,13.69942900000,771.00,5471.00,1.118000,2014,"Transit"
"Kepler-1694 b","Kepler-1694",293.7936339,40.2410230,513.32900000,1.17986031,0.0449000000,3.89526000000,956.00,4954.00,0.756284,2020,"Transit"
"Kepler-716 c","Kepler-716",290.3931809,43.3638577,635.00900000,1.39281536,0.0454800000,3.96999000000,992.00,5012.00,0.742183,2020,"Transit"
"EPIC 201757695.02","EPIC 201757695",173.9385102,4.6164303,577.60000000,0.90819000,0.0296000000,2.04780000000,1025.29,4520.00,0.655000,2020,"Transit"
"HD 110082 b","HD 110082",192.5892855,-88.1211107,105.09600000,3.20000000,0.1130000000,10.18271000000,957.20,6200.00,1.190000,2021,"Transit"
"Kepler-1664 b","Kepler-1664",286.8527157,49.2616668,626.69100000,3.03320653,0.1137000000,14.38680000000,776.00,5735.81,1.072000,2020,"Transit"
"Kepler-1001 c","Kepler-1001",286.2739151,48.6186972,928.97800000,1.57799279,0.0829600000,9.18186000000,804.00,5376.00,0.836475,2020,"Transit"
"TOI-954 b","TOI-954",61.9410587,-25.2088028,238.76800000,9.55006800,0.0496300000,3.68497290000,1526.00,5710.00,1.892000,2020,"Transit"
"K2-329 b","K2-329",351.1353785,-5.1641451,233.23700000,8.67576600,0.1016000000,12.45512250000,650.00,5282.00,0.822000,2020,"Transit"
"HATS-49 b","HATS-49",6.6135927,-56.3442798,324.41300000,8.57488500,0.0451500000,4.14804670000,834.80,4405.00,0.697700,2020,"Transit"
"TYC 8998-760-1 c","TYC 8998-760-1",201.3001096,-64.9391566,94.61770000,12.32990000,320.0000000000,,1240.00,4573.00,1.020000,2020,"Imaging"
"Wendelstein-1 b","Wendelstein-1",299.0506412,17.5699627,305.30000000,11.56096260,0.0282000000,2.66341600000,2198.00,4251.00,0.610000,2020,"Transit"
"MOA-2013-BLG-220L b","MOA-2013-BLG-220L",270.9854170,-29.5447222,6720.00000000,13.20000000,3.0300000000,,,,,2014,"Microlensing"
"KMT-2016-BLG-1836L b","KMT-2016-BLG-1836L",268.2503330,-30.0407500,7100.00000000,13.30000000,3.5000000000,,,,,2019,"Microlensing"
"OGLE-2013-BLG-0911L b","OGLE-2013-BLG-0911L",268.8832500,-29.2538333,3220.00000000,12.50000000,0.3900000000,,,,,2019,"Microlensing"
"BD-11 4672 c","BD-11 4672",278.3688659,-11.6370481,27.16650000,4.04000000,0.3000000000,74.20000000000,320.21,4550.00,0.639000,2020,"Radial Velocity"
"BD-11 4672 b","BD-11 4672",278.3688659,-11.6370481,27.16650000,14.10000000,2.3600000000,1634.00000000000,114.17,4550.00,0.639000,2014,"Radial Velocity"
"HIP 65 A b","HIP 65 A",0.1856063,-54.8308228,61.78560000,22.75427000,0.0178200000,0.98097340000,1411.00,4590.00,0.724200,2020,"Transit"
"TOI-481 b","TOI-481",110.5126861,-57.3849980,179.36600000,11.09691000,0.0970000000,10.33111000000,1370.00,5735.00,1.660000,2020,"Transit"
"TIC 237913194 b","TIC 237913194",22.4458116,-60.7399096,306.06300000,12.52045300,0.1207000000,15.16886500000,974.00,5788.00,1.088000,2020,"Transit"
"OGLE-2016-BLG-1227L b","OGLE-2016-BLG-1227L",265.5971250,-33.7597778,,13.90000000,3.4000000000,,,,,2020,"Microlensing"
"TOI-157 b","TOI-157",73.7014398,-76.6806061,355.68300000,14.41477400,0.0313800000,2.08454350000,1588.00,5404.00,1.167000,2020,"Transit"
"TOI-169 b","TOI-169",16.7786879,-75.1989452,407.84000000,12.17297400,0.0352400000,2.25544770000,1715.00,5880.00,1.288000,2020,"Transit"
"Kepler-1700 b","Kepler-1700",286.9497376,45.3537626,717.59700000,2.90129941,0.7609400000,234.23900000000,329.00,6031.00,1.093700,2020,"Transit"
"Kepler-1666 b","Kepler-1666",297.9516071,46.2647024,1379.37000000,2.88273782,0.1761000000,25.84760000000,672.00,6293.00,1.145860,2020,"Transit"
"Gl 686 b","Gl 686",264.4764878,18.5959509,8.15728000,2.46000000,0.0910000000,15.53000000000,379.00,3656.00,0.427000,2018,"Radial Velocity"
"HD 180617 b","HD 180617",289.2277322,5.1631615,5.91059000,3.53000000,0.3430000000,105.91100000000,201.80,3534.00,0.481000,2018,"Radial Velocity"
"HD 158259 e","HD 158259",261.3495847,52.7904721,27.04980000,2.34000000,,7.95100000000,,5801.89,1.210000,2020,"Radial Velocity"
"HD 158259 c","HD 158259",261.3495847,52.7904721,27.04980000,2.23000000,,3.43200000000,,5801.89,1.210000,2020,"Radial Velocity"
"HATS-37 A b","HATS-37 A",199.8018300,-22.9868431,211.89600000,6.79265400,0.0491300000,4.33153660000,1085.00,5326.00,0.877000,2020,"Transit"
"GJ 687 b","GJ 687",264.1041731,68.3336741,4.54939000,4.32000000,0.1630000000,38.14200000000,263.65,3413.00,0.418300,2014,"Radial Velocity"
"GJ 2056 b","GJ 2056",108.0194945,-24.8921008,28.44340000,4.17000000,0.2830000000,69.97100000000,310.74,4069.95,0.709495,2020,"Radial Velocity"
"TOI-237 b","TOI-237",353.2435381,-29.4164870,38.07490000,1.44000000,0.0341000000,5.43609800000,388.00,3212.00,0.211000,2020,"Transit"
"HD 216520 c","HD 216520",341.8768719,83.6975307,19.55200000,3.03000000,0.5280000000,154.43000000000,295.22,5103.00,0.760000,2020,"Radial Velocity"
"CoRoT-30 b","CoRoT-30",277.6011767,6.8359338,1032.23000000,11.30988100,0.0844000000,9.06005000000,894.60,5650.00,0.910000,2020,"Transit"
"CoRoT-31 b","CoRoT-31",94.8207350,-4.4222978,2005.76000000,16.36514000,0.0586000000,4.62941000000,1664.86,5700.00,2.150000,2020,"Transit"
"HIP 38594 b","HIP 38594",118.5439118,-25.3023073,17.78860000,2.77000000,0.2560000000,60.72200000000,308.29,4086.30,0.626646,2020,"Radial Velocity"
"WASP-186 b","WASP-186",18.9953122,21.6169065,278.51400000,12.44199000,0.0600000000,5.02679900000,1378.40,6361.00,1.470000,2020,"Transit"
"Kepler-29 c","Kepler-29",298.3483820,47.4913021,832.53200000,2.34000000,0.1002700000,13.28613000000,715.00,5378.00,0.732000,2011,"Transit"
"Kepler-783 c","Kepler-783",291.0628615,47.4847890,516.09000000,2.33153725,0.0690300000,7.05395000000,840.00,5411.49,0.872088,2020,"Transit"
"Kepler-1667 b","Kepler-1667",283.5329505,48.0943604,626.81900000,2.98385261,0.3590500000,83.57810000000,655.00,5941.54,1.087510,2020,"Transit"
"HIP 4845 b","HIP 4845",15.5881733,-10.4246208,21.09740000,3.89000000,0.1760000000,34.15000000000,358.21,4010.00,0.603999,2020,"Radial Velocity"
"HIP 48714 b","HIP 48714",149.0332672,62.7859505,10.52980000,5.11000000,0.1120000000,17.81800000000,446.47,4015.50,0.595456,2020,"Radial Velocity"
"TOI-251 b","TOI-251",353.0620655,-37.2558629,99.52300000,2.74000000,0.0574100000,4.93777000000,1041.19,5875.00,0.881000,2021,"Transit"
"HAT-P-68 b","HAT-P-68",118.4831501,23.9382192,202.15200000,12.01604800,0.0299600000,2.29840551000,1027.80,4508.00,0.670100,2020,"Transit"
"Kepler-177 b","Kepler-177",286.0471442,45.0532038,1435.44000000,3.50000000,0.2110100000,36.86010000000,549.00,5732.00,1.324000,2013,"Transit"
"Kepler-36 b","Kepler-36",291.2501859,49.2318073,527.95600000,1.49800000,0.1141900000,13.86825000000,978.00,5979.00,1.634000,2012,"Transit"
"KOI-1783.01","KOI-1783",289.3414629,46.9881550,865.73000000,8.86000000,0.5266100000,134.46280000000,412.00,5922.00,1.143000,2020,"Transit"
"Kepler-1668 b","Kepler-1668",297.3523076,46.0959309,1335.64000000,4.34764405,0.1240000000,15.43400000000,721.00,5542.00,1.017380,2020,"Transit"
"Kepler-598 c","Kepler-598",293.1234493,40.9348005,681.08600000,3.02420941,0.3667200000,86.49450000000,367.00,5245.00,0.900316,2020,"Transit"
"KMT-2019-BLG-1953L b","KMT-2019-BLG-1953L",269.1162500,-28.2011111,7040.00000000,14.10000000,,,,,,2020,"Microlensing"
"Kepler-1514 c","Kepler-1514",292.6274943,37.8601653,397.29200000,1.17582410,0.0997000000,10.51418100000,1066.00,6145.00,1.289000,2020,"Transit"
"KOI-1783.02","KOI-1783",289.3414629,46.9881550,865.73000000,5.44000000,0.8669500000,284.21500000000,321.00,5922.00,1.143000,2020,"Transit"
"HD 156668 c","HD 156668",259.4183491,29.2281610,24.33230000,6.17000000,1.5700000000,811.30000000000,166.08,4903.69,0.774528,2021,"Radial Velocity"
"HD 211403 b","HD 211403",333.8158177,58.2755601,83.09190000,12.80000000,0.7680000000,223.80000000000,380.00,6273.00,1.206000,2021,"Radial Velocity"
"K2-344 b","K2-344",136.3614923,21.6685886,75.16910000,1.59000000,,3.35585000000,722.00,4374.00,0.490000,2021,"Transit"
"HD 24040 c","HD 24040",57.5962104,17.4752873,46.62240000,9.35000000,1.3000000000,515.40000000000,287.75,5776.49,1.387296,2021,"Radial Velocity"
"HD 3765 b","HD 3765",10.2072994,40.1842918,17.92600000,8.56000000,2.1080000000,1211.00000000000,152.85,5049.80,0.830610,2021,"Radial Velocity"
"HD 213472 b","HD 213472",337.7069969,40.7222277,64.45270000,13.10000000,13.0000000000,17000.00000000000,91.76,5729.54,1.433902,2021,"Radial Velocity"
"K2-348 c","K2-348",130.8783479,24.4229559,201.85600000,2.67000000,,12.55017100000,655.00,5077.00,0.850000,2021,"Transit"
"CD Cet b","CD Cet",48.3530155,4.7751881,8.60715000,1.82000000,0.0185000000,2.29070000000,464.00,3130.00,0.175000,2020,"Radial Velocity"
"G 264-012 b","G 264-012",326.6719598,66.8038480,16.00900000,1.39000000,0.0227900000,2.30538000000,587.00,3326.00,0.305000,2021,"Radial Velocity"
"K2-352 d","K2-352",140.4451478,18.4696280,176.05100000,2.23000000,,14.87138700000,727.00,5791.00,0.950000,2021,"Transit"
"K2-339 b","K2-339",130.0825420,18.6929046,360.36000000,1.92000000,,19.50742800000,508.00,4857.00,0.720000,2021,"Transit"
"K2-282 b","K2-282",13.4321524,7.9952914,496.28900000,2.50000000,0.0499000000,4.16978300000,1057.00,5499.00,1.000000,2018,"Transit"
"K2-156 b","K2-156",182.6996730,-6.2943552,150.21000000,1.10000000,0.0149000000,0.81314300000,1347.00,4460.00,0.620000,2018,"Transit"
"TOI-257 b","TOI-257",47.5172608,-50.8322632,76.90280000,7.16253867,0.1528000000,18.38818000000,1027.00,6095.00,1.867000,2021,"Transit"
"HAT-P-58 b","HAT-P-58",68.8465093,56.8682691,515.59000000,14.93036229,0.0499400000,4.01383790000,1622.00,6078.00,1.530000,2021,"Transit"
"HAT-P-59 b","HAT-P-59",292.4588212,62.5291892,265.47100000,12.58768533,0.0506400000,4.14197710000,1277.80,5678.00,1.103800,2021,"Transit"
"K2-268 d","K2-268",133.7094899,11.8482712,327.78300000,1.49000000,,4.52859800000,888.00,5106.00,0.780000,2021,"Transit"
"TOI-269 b","TOI-269",75.8462827,-54.1777213,57.02250000,2.77000000,0.0345000000,3.69771040000,531.00,3514.00,0.398000,2021,"Transit"
"K2-268 f","K2-268",133.7094899,11.8482712,327.78300000,2.23000000,,26.27057000000,492.00,5106.00,0.780000,2021,"Transit"
"K2-187 b","K2-187",132.5235618,23.1924709,330.91600000,1.20000000,0.0164000000,0.77401000000,1815.00,5438.00,0.830000,2018,"Transit"
"K2-210 b","K2-210",17.6412694,1.5784137,176.51000000,0.86000000,,0.57023000000,,5500.00,0.890000,2018,"Transit"
"K2-32 b","K2-32",252.4260080,-19.5430504,157.68200000,5.29900000,0.0795000000,8.99200000000,837.00,5271.00,0.860000,2016,"Transit"
"K2-32 e","K2-32",252.4260080,-19.5430504,157.68200000,1.21200000,0.0489900000,4.34934000000,1066.00,5271.00,0.860000,2019,"Transit"
"HAT-P-64 b","HAT-P-64",68.9743955,2.4312732,651.89700000,19.08889413,0.0538700000,4.00723200000,1766.00,6457.00,1.735000,2021,"Transit"
"Kepler-129 c","Kepler-129",285.3111845,47.8484775,408.84500000,2.52000000,0.3900000000,82.20000000000,525.00,5770.00,1.653000,2014,"Transit"
"K2-331 b","K2-331",132.7376431,13.1702690,211.43000000,1.79000000,,9.39897700000,909.00,5994.00,1.060000,2021,"Transit"
"EPIC 228836835 b","EPIC 228836835",189.5748998,-5.2446247,150.12400000,1.10000000,,0.72811300000,932.00,3782.00,0.320000,2021,"Transit"
"K2-223 c","K2-223",185.3061830,-10.2820915,198.60400000,1.50000000,0.0549000000,4.56254600000,1091.00,5859.00,1.000000,2018,"Transit"
"K2-32 c","K2-32",252.4260080,-19.5430504,157.68200000,3.13400000,0.1384300000,20.66093000000,634.00,5271.00,0.860000,2016,"Transit"
"K2-32 d","K2-32",252.4260080,-19.5430504,157.68200000,3.48400000,0.1842200000,31.71701000000,550.00,5271.00,0.860000,2016,"Transit"
"KIC 10068024 b","KIC 10068024",288.8470423,47.0228607,721.10500000,13.40000000,,2.07354900000,,6118.40,1.574000,2021,"Orbital Brightness Modulation"
"K2-350 b","K2-350",204.0355092,-14.0092516,489.36800000,1.54000000,,4.16387300000,1158.00,5789.00,1.040000,2021,"Transit"
"K2-353 b","K2-353",201.6168564,-2.2819018,268.51500000,5.55000000,,15.46680500000,735.00,5698.00,0.990000,2021,"Transit"
"K2-137 b","K2-137",186.8704260,-6.1952168,98.87650000,0.64000000,0.0058000000,0.17971900000,1471.00,3697.00,0.290000,2017,"Transit"
"EPIC 206042996 b","EPIC 206042996",337.5136198,-13.6101475,451.76900000,1.70000000,,5.29860000000,,4114.00,0.500000,2019,"Transit"
"NGTS-15 b","NGTS-15",73.3553101,-32.8003484,786.48500000,12.32987877,0.0441000000,3.27623000000,1146.00,5600.00,0.954000,2021,"Transit"
"K2-354 b","K2-354",129.1299193,10.1472175,91.72200000,1.56000000,,3.79330600000,543.00,3669.00,0.410000,2021,"Transit"
"K2-330 b","K2-330",126.8968265,11.6674131,160.12500000,2.77000000,,13.77479800000,969.00,6232.00,1.500000,2021,"Transit"
"TOI-1333 b","TOI-1333",325.0145363,48.4067674,200.49200000,15.64776400,0.0626000000,4.72021900000,1679.00,6274.00,1.925000,2021,"Transit"
"HD 238090 b","HD 238090",183.0886375,54.4861530,15.23540000,2.52000000,0.0932000000,13.67100000000,469.60,3933.00,0.570000,2020,"Radial Velocity"
"NGTS-18 b","NGTS-18",180.5462193,-35.5486091,1096.19000000,13.56286665,0.0448000000,3.05125000000,1381.00,5610.00,1.392000,2021,"Transit"
"HD 136352 b","HD 136352",230.4401147,-48.3188174,14.68200000,1.66400000,0.0964000000,11.57797000000,905.00,5664.00,1.058000,2019,"Radial Velocity"
"K2-336 b","K2-336",133.8382032,16.7940663,239.28900000,1.22000000,,21.19473300000,569.00,5424.00,0.800000,2021,"Transit"
"GJ 414 A b","GJ 414 A",167.7745044,30.4451688,11.88930000,2.63000000,0.2324000000,50.80000000000,308.60,4120.00,0.680000,2021,"Radial Velocity"
"BD+55 362 b","BD+55 362",23.9636676,56.6982282,52.56970000,14.00000000,0.7800000000,265.59000000000,259.06,5012.00,0.896193,2021,"Radial Velocity"
"HD 136352 d","HD 136352",230.4401147,-48.3188174,14.68200000,2.56200000,0.4250000000,107.24500000000,431.00,5664.00,1.058000,2019,"Radial Velocity"
"K2-337 b","K2-337",127.7611370,16.9004702,421.63600000,2.62000000,,16.27356300000,850.00,5869.00,1.320000,2021,"Transit"
"K2-138 c","K2-138",348.9490311,-10.8497391,202.58500000,2.29900000,0.0446100000,3.56004000000,1012.00,5356.30,0.863000,2017,"Transit"
"KOI-1831 d","Kepler-324",286.4714473,49.6490933,501.57400000,1.13000000,0.1992400000,34.16900000000,475.00,5233.00,0.835000,2018,"Transit"
"K2-340 b","K2-340",127.9373409,19.0745863,738.13600000,3.36000000,,29.74045100000,606.00,5532.00,1.130000,2021,"Transit"
"K2-138 d","K2-138",348.9490311,-10.8497391,202.58500000,2.39000000,0.0589300000,5.40479000000,888.00,5356.30,0.863000,2017,"Transit"
"K2-138 e","K2-138",348.9490311,-10.8497391,202.58500000,3.39000000,0.0782000000,8.26146000000,757.00,5356.30,0.863000,2017,"Transit"
"EPIC 212297394 c","EPIC 212297394",207.2061241,-17.6098985,418.39500000,2.27000000,,5.21396500000,866.00,5171.00,0.800000,2021,"Transit"
"K2-138 f","K2-138",348.9490311,-10.8497391,202.58500000,2.90400000,0.1044700000,12.75758000000,653.00,5356.30,0.863000,2017,"Transit"
"K2-100 b","K2-100",129.6010863,20.1060074,188.95900000,3.88000000,0.0301000000,1.67390350000,1841.00,5945.00,1.240000,2016,"Transit"
"TOI-2202 c","TOI-2202",51.2284214,-73.9575458,235.93300000,13.40000000,0.1554400000,24.67440000000,560.61,5144.00,0.794000,2021,"Transit Timing Variations"
"KMT-2019-BLG-1715L b","KMT-2019-BLG-1715L",270.3717083,-28.7771389,3860.00000000,13.20000000,3.3200000000,,,,,2021,"Microlensing"
"K2-349 b","K2-349",199.0996546,-14.4447454,453.56700000,1.38000000,,9.03217800000,518.00,4385.00,0.490000,2021,"Transit"
"K2-350 c","K2-350",204.0355092,-14.0092516,489.36800000,2.74000000,,19.99194400000,687.00,5789.00,1.040000,2016,"Transit"
"K2-351 b","K2-351",206.6522408,-11.8049588,694.73400000,2.54000000,,7.80616400000,934.00,5769.00,1.050000,2021,"Transit"
"GJ 740 b","GJ 740",284.4997178,5.9028670,11.10170000,1.53000000,0.0290000000,2.37756000000,829.00,3913.00,0.560000,2021,"Radial Velocity"
"HD 60292 b","HD 60292",114.6201698,66.2350517,315.21100000,12.70000000,1.5000000000,495.40000000000,889.53,4348.00,27.000000,2020,"Radial Velocity"
"TOI-1749 b","TOI-1749",282.7372281,64.4194660,99.55610000,1.39000000,0.0291000000,2.38839000000,831.00,3985.00,0.550000,2021,"Transit"
"TOI-1749 d","TOI-1749",282.7372281,64.4194660,99.55610000,2.52000000,0.0707000000,9.04970000000,533.00,3985.00,0.550000,2021,"Transit"
"KMT-2018-BLG-1025L b","KMT-2018-BLG-1025L",269.8664167,-27.8780611,6705.00000000,2.34000000,1.3050000000,,,,,2021,"Microlensing"
"K2-185 b","K2-185",130.2596625,14.6902225,268.35700000,1.15000000,,10.61638400000,809.00,5788.00,0.940000,2018,"Transit"
"EPIC 212587672 c","EPIC 212587672",205.4445125,-10.8625468,320.07000000,2.32000000,,23.22855500000,658.00,6004.00,0.980000,2021,"Transit"
"HD 221420 b","HD 221420",353.3319001,-77.3853286,31.14150000,12.00000000,10.1500000000,10090.00000000000,123.49,5847.00,1.947000,2019,"Radial Velocity"
"K2-185 c","K2-185",130.2596625,14.6902225,268.35700000,2.39000000,,52.71349400000,477.00,5788.00,0.940000,2018,"Transit"
"TOI-1201 b","TOI-1201",42.2476999,-14.5372835,37.88710000,2.41500000,0.0287000000,2.49198630000,703.00,3476.00,0.508000,2021,"Transit"
"HD 136925 b","HD 136925",230.7157509,13.3663117,47.87400000,13.90000000,5.1300000000,4540.00000000000,134.25,5773.19,1.193078,2021,"Radial Velocity"
"HD 109286 b","HD 109286",188.3958418,7.2809064,55.41560000,13.20000000,1.2590000000,520.10000000000,259.40,5694.00,1.089000,2021,"Radial Velocity"
"Kepler-1771 b","Kepler-1771",292.0134714,49.0191267,565.75200000,4.05537256,0.3815000000,88.64399719000,391.00,5661.00,0.934000,2021,"Transit"
"Kepler-1786 b","Kepler-1786",292.5877743,38.5219827,863.90900000,3.16305828,0.3572200000,78.54609680000,501.00,5808.00,1.397000,2021,"Transit"
"Kepler-1834 b","Kepler-1834",294.6646789,39.7838461,500.39500000,1.45938340,0.0491100000,4.60301017800,848.00,4821.00,0.788000,2021,"Transit"
"TOI-559 b","TOI-559",46.8186159,-31.1629951,233.26600000,12.22899794,0.0723000000,6.98390950000,1180.00,5925.00,1.233000,2021,"Transit"
"Kepler-418 c","Kepler-418",294.4335228,38.3554729,1002.53000000,5.22108654,0.1063200000,12.21829987000,835.00,5822.00,1.081000,2021,"Transit"
"Kepler-1801 b","Kepler-1801",295.1640095,39.2014024,839.33200000,2.70926154,0.0915000000,10.44089985000,829.00,5738.00,0.981000,2021,"Transit"
"Kepler-1838 b","Kepler-1838",298.9917165,40.1422600,451.24200000,1.66049425,0.1108200000,12.14680004000,1097.00,5877.00,1.963000,2021,"Transit"
"Kepler-1839 b","Kepler-1839",294.2244432,50.0755761,1136.60000000,1.94937590,0.0583000000,5.05675983400,1049.00,5926.00,0.939000,2021,"Transit"
"TOI-530 b","TOI-530",103.4128333,12.8815784,148.76200000,9.30345398,0.0520000000,6.38759700000,565.00,3659.00,0.540000,2021,"Transit"
"Kepler-1749 b","Kepler-1749",290.2945805,45.5645196,268.20000000,1.61301783,0.0956000000,14.53409958000,420.00,3957.00,0.553000,2021,"Transit"
"Kepler-1841 b","Kepler-1841",287.7069031,40.6852161,631.70000000,1.48912557,0.1606000000,25.88599968000,542.00,5190.00,0.899000,2021,"Transit"
"Kepler-1842 b","Kepler-1842",286.2516039,42.3784353,923.55100000,2.35388681,0.1160000000,14.02639961000,822.00,5970.00,1.131000,2021,"Transit"
"HAT-P-43 b","HAT-P-43",128.9256885,10.2065866,528.82500000,13.63000000,0.0444000000,3.33264140000,1353.00,5693.00,1.080000,2012,"Transit"
"Kepler-1742 b","Kepler-1742",286.9668086,44.9924315,669.57300000,2.17824130,0.2587000000,49.47819901000,462.00,5776.00,0.849000,2021,"Transit"
"Kepler-1743 b","Kepler-1743",290.5523552,48.1262575,538.80700000,1.59887007,0.0840000000,7.64971017800,1144.00,5855.00,1.613000,2021,"Transit"
"Kepler-1741 b","Kepler-1741",292.5770730,39.1209390,270.73900000,1.27300000,0.0296000000,2.75759005500,615.00,3683.00,0.424000,2021,"Transit"
"Kepler-1810 b","Kepler-1810",291.8129995,38.0880964,1009.87000000,3.91815325,0.4137000000,101.13300320000,380.00,5492.00,1.016000,2021,"Transit"
"Kepler-1812 b","Kepler-1812",298.0845087,40.2832525,1409.19000000,2.32494240,0.0765000000,7.16521978400,1034.00,6174.00,1.103000,2021,"Transit"
"Kepler-1845 b","Kepler-1845",292.9016226,38.2970320,710.72400000,2.43836702,0.0885000000,11.60649967000,584.00,4703.00,0.701000,2021,"Transit"
"Kepler-1716 b","Kepler-1716",297.2717207,43.3330644,195.43900000,2.42476850,0.1883600000,35.58100128000,408.00,4894.00,0.684000,2021,"Transit"
"K2-95 b","K2-95",129.3625717,18.9766197,179.85400000,3.31000000,0.0525000000,10.13464540000,474.00,3566.00,0.400000,2016,"Transit"
"Kepler-1746 b","Kepler-1746",288.3203979,42.2613874,979.54100000,8.93504475,0.9408200000,321.21200560000,310.00,6018.00,1.286000,2021,"Transit"
"Kepler-1745 b","Kepler-1745",293.4689924,42.8223582,996.10500000,1.92872921,0.0408000000,3.01619005200,1449.00,5611.00,1.400000,2021,"Transit"
"Kepler-1814 b","Kepler-1814",285.2166767,41.2824449,726.34600000,2.36961357,0.0376500000,2.93535995500,1022.00,4922.00,0.823000,2021,"Transit"
"Kepler-1813 b","Kepler-1813",292.2399069,48.5115214,,1.41300000,0.0364000000,2.81816005700,1059.00,5167.00,0.787000,2021,"Transit"
"Kepler-1815 b","Kepler-1815",300.1704720,43.9849048,1006.63000000,2.74892620,0.0984000000,12.19139957000,763.00,5516.00,0.967000,2021,"Transit"
"Kepler-1856 b","Kepler-1856",295.9091695,51.3478777,848.76000000,1.73447868,0.0215000000,1.30200004600,1344.00,4948.00,0.816000,2021,"Transit"
"K2-101 b","K2-101",130.3439097,18.9338205,188.33000000,2.00000000,0.1124000000,14.67624290000,618.00,4927.00,0.760000,2016,"Transit"
"Kepler-1669 c","Kepler-1669",297.4303826,39.8478795,543.44400000,1.90120972,0.0228000000,1.60932004500,958.00,4224.00,0.603000,2021,"Transit"
"Kepler-1165 c","Kepler-1165",286.9712284,44.7082669,1575.20000000,3.36093385,0.1969000000,29.96870041000,644.00,6249.00,1.076000,2021,"Transit"
"Kepler-1816 b","Kepler-1816",296.8509823,50.6987736,437.82300000,1.96793970,0.3564700000,91.50099945000,310.00,5051.00,0.706000,2021,"Transit"
"Kepler-1847 b","Kepler-1847",296.6014013,44.3252289,1693.86000000,2.74516914,0.0989000000,11.12969971000,843.00,6122.00,0.964000,2021,"Transit"
"K2-355 b","K2-355",124.6426189,13.5027816,500.49700000,2.25000000,0.0632000000,5.73856470000,1066.00,5790.00,0.920000,2021,"Transit"
"K2-356 b","K2-356",128.3219134,13.6613758,355.54000000,2.29000000,0.1599000000,21.02673660000,624.00,5568.00,0.860000,2021,"Transit"
"Kepler-1757 b","Kepler-1757",297.7397823,46.9418957,807.30800000,2.94660251,0.1335000000,19.65640068000,549.00,5288.00,0.740000,2021,"Transit"
"Kepler-1758 b","Kepler-1758",297.7968197,39.9213378,1588.41000000,2.57059831,0.0919000000,9.97721004500,1028.00,5557.00,1.616000,2021,"Transit"
"Kepler-1819 b","Kepler-1819",296.5600307,46.8574644,1363.19000000,3.90351256,0.1337000000,16.48690033000,760.00,6090.00,1.071000,2021,"Transit"
"Kepler-1817 b","Kepler-1817",282.0333419,44.4779955,748.56900000,2.27349126,0.2348000000,44.29919815000,463.00,5316.00,0.915000,2021,"Transit"
"K2-357 b","K2-357",131.9386628,16.3289144,517.68700000,3.72000000,0.1450000000,16.34886370000,735.00,5794.00,1.000000,2021,"Transit"
"K2-358 b","K2-358",133.8081054,18.9497263,480.30700000,2.68000000,0.0863000000,11.25102850000,888.00,5650.00,0.910000,2021,"Transit"
"Kepler-1731 b","Kepler-1731",291.2544229,36.7434302,169.94800000,2.93295657,0.1399000000,21.76129913000,486.00,4859.00,0.720000,2021,"Transit"
"Kepler-1762 b","Kepler-1762",290.4931471,39.7855117,1663.74000000,2.76022913,0.2040000000,29.53910065000,714.00,6572.00,1.238000,2021,"Transit"
"Kepler-1820 b","Kepler-1820",296.7127400,48.2722828,1425.39000000,3.11883067,0.1964000000,31.03249931000,561.00,5841.00,0.931000,2021,"Transit"
"Kepler-1821 b","Kepler-1821",294.5254573,49.8724840,799.69900000,2.59248115,0.1244000000,16.45809937000,644.00,5475.00,0.884000,2021,"Transit"
"Kepler-1788 b","Kepler-1788",291.2243829,45.7780993,560.44500000,2.37850461,0.0343000000,2.80012011500,956.00,4786.00,0.704000,2021,"Transit"
"Kepler-1859 b","Kepler-1859",293.9886751,46.7179996,1331.25000000,1.58313575,0.0394000000,2.72959995300,1455.00,5887.00,1.235000,2021,"Transit"
"Kepler-1860 b","Kepler-1860",294.3508497,50.0809627,438.70300000,1.13863767,0.1062500000,12.73719978000,697.00,5420.00,0.868000,2021,"Transit"
"K2-184 b","K2-184",129.1405227,14.4618826,75.58570000,1.47000000,0.1685000000,16.97801020000,533.00,5245.00,0.750000,2018,"Transit"
"Kepler-1712 b","Kepler-1712",284.9986980,50.1466922,156.26400000,2.28372556,0.0903000000,13.81499958000,391.00,3732.00,0.509000,2021,"Transit"
"Kepler-1763 b","Kepler-1763",294.1130368,40.3628861,756.48600000,1.14651332,0.0257000000,1.48028004200,1822.00,5897.00,1.259000,2021,"Transit"
"Kepler-1764 b","Kepler-1764",293.8799047,41.3938374,1542.48000000,4.55527871,0.3512000000,70.46829987000,511.00,6461.00,1.131000,2021,"Transit"
"Kepler-1790 b","Kepler-1790",294.5668577,46.0757312,1070.17000000,3.14461450,0.2098900000,31.58889961000,682.00,5866.00,1.367000,2021,"Transit"
"Kepler-1791 b","Kepler-1791",284.4903166,42.6482636,602.21800000,3.12103321,0.0761000000,7.72086000400,1021.00,5887.00,1.177000,2021,"Transit"
"EPIC 220554210 c","K2-282",13.4321524,7.9952914,496.28900000,1.60000000,,0.70531000000,,5499.00,1.000000,2019,"Transit"
"K2-273 b","K2-273",129.7768928,19.0100046,308.10500000,3.05000000,0.0729000000,11.71956630000,849.00,5161.00,0.850000,2018,"Transit"
"K2-104 b","K2-104",129.6366594,19.7737202,189.28900000,1.79000000,0.0242000000,1.97419540000,798.00,3712.00,0.480000,2016,"Transit"
"Kepler-1792 b","Kepler-1792",294.8400788,39.0859757,601.02900000,2.51990972,0.0488000000,4.19577980000,1047.00,5229.00,1.005000,2021,"Transit"
"Kepler-1090 c","Kepler-1090",295.6629002,44.5258237,858.77000000,3.29265785,0.2262200000,42.42720032000,496.00,5330.00,1.013000,2021,"Transit"
"EPIC 220492298 b","EPIC 220492298",16.7615005,6.5887980,624.51200000,0.99000000,,0.76240600000,,5620.00,0.890000,2021,"Transit"
"EPIC 206024342 c","EPIC 206024342",331.2771441,-14.1218019,369.88800000,1.40000000,,0.91172400000,,5724.00,1.100000,2021,"Transit"
"Kepler-1760 b","Kepler-1760",284.1326058,48.8251452,,2.28995546,0.2084000000,38.32609940000,480.00,5229.00,0.903000,2021,"Transit"
"Kepler-1777 b","Kepler-1777",290.3286455,37.7231188,619.14600000,2.13189678,0.1030100000,12.18420029000,819.00,5771.00,1.068000,2021,"Transit"
"K2-275 c","K2-275",132.1698795,20.4550162,123.43800000,2.21000000,0.0881000000,8.43883850000,653.00,4841.00,0.690000,2018,"Transit"
"K2-275 b","K2-275",132.1698795,20.4550162,123.43800000,2.34000000,0.0277000000,3.28096260000,1166.00,4841.00,0.690000,2018,"Transit"
"Kepler-1775 b","Kepler-1775",286.4023452,38.7385674,657.02300000,3.64762153,0.3956500000,85.65399933000,522.00,5818.00,1.647000,2021,"Transit"
"Kepler-1797 b","Kepler-1797",292.4642406,45.9682799,1338.49000000,3.05774442,0.1637000000,23.35939980000,684.00,6244.00,1.009000,2021,"Transit"
"Kepler-1798 b","Kepler-1798",291.7262251,37.5289680,395.19600000,2.30911251,0.1082000000,16.85589981000,408.00,3967.00,0.587000,2021,"Transit"
"TIC 172900988 b","TIC 172900988 Aa",128.6616644,31.5539793,250.95600000,11.25000000,0.9028100000,200.45200000000,361.24,6050.00,1.384200,2021,"Transit"
"HD 93385 d","HD 93385",161.5627065,-41.4646040,43.34750000,2.89000000,0.2565000000,45.85000000000,619.44,5977.00,1.184840,2021,"Radial Velocity"
"OGLE-2018-BLG-0567L b","OGLE-2018-BLG-0567L",269.0184167,-27.9871111,7060.00000000,12.30000000,2.7200000000,,,,,2021,"Microlensing"
"OGLE-2018-BLG-0962L b","OGLE-2018-BLG-0962L",268.1747917,-32.3092500,6500.00000000,13.60000000,3.5900000000,,,,,2021,"Microlensing"
"Kepler-487 d","Kepler-487",295.2872318,41.2220033,872.34300000,2.77513568,0.0344500000,2.41839003600,1226.00,5422.00,0.887000,2021,"Transit"
"Kepler-1822 b","Kepler-1822",297.2855000,41.3055733,897.59700000,2.64755943,0.1416000000,22.13339996000,507.00,5165.00,0.702000,2021,"Transit"
"Kepler-1823 b","Kepler-1823",283.7547770,45.3351250,724.97100000,2.08612680,0.1533200000,21.10339928000,718.00,6000.00,1.126000,2021,"Transit"
"HD 96700 c","HD 96700",166.9742616,-30.1751383,25.41110000,1.69000000,0.1410000000,19.88000000000,808.42,5845.00,1.160000,2021,"Radial Velocity"
"HD 96700 d","HD 96700",166.9742616,-30.1751383,25.41110000,3.61000000,0.4240000000,103.50000000000,466.19,5845.00,1.160000,2021,"Radial Velocity"
"TOI-2257 b","TOI-2257",194.7396141,77.6617157,57.79110000,2.19400000,0.1450000000,35.18934600000,256.00,3430.00,0.313000,2021,"Transit"
"Kepler-1769 b","Kepler-1769",294.7433755,43.4611633,438.41200000,4.46500000,0.4059800000,89.19349670000,483.00,6071.00,1.295000,2021,"Transit"
"Kepler-1778 b","Kepler-1778",287.3612976,43.7388000,1276.29000000,3.01665969,0.0956000000,10.08740044000,942.00,6310.00,1.095000,2021,"Transit"
"Kepler-1824 b","Kepler-1824",296.7071957,41.2036197,1040.10000000,2.38127597,0.4267000000,95.61100006000,421.00,6002.00,1.081000,2021,"Transit"
"HD 189567 b","HD 189567",301.3959616,-67.3237992,17.90550000,2.85000000,0.1110000000,14.28800000000,845.16,5726.00,1.040000,2021,"Radial Velocity"
"HD 189567 c","HD 189567",301.3959616,-67.3237992,17.90550000,2.54000000,0.1970000000,33.68800000000,634.41,5726.00,1.040000,2021,"Radial Velocity"
"HD 137496 c","HD 137496",231.7420543,-16.5090014,155.31700000,12.60000000,1.2163000000,479.90000000000,370.00,5799.00,1.590000,2021,"Radial Velocity"
"Kepler-1782 b","Kepler-1782",280.9261620,44.0878036,305.79200000,2.22927435,0.0582500000,5.75622987700,773.00,4931.00,0.734000,2021,"Transit"
"Kepler-1784 b","Kepler-1784",297.9541684,44.6674491,883.04500000,2.79936489,0.1072000000,13.59049988000,724.00,5442.00,0.974000,2021,"Transit"
"Kepler-1828 b","Kepler-1828",292.4275963,37.3207616,871.81000000,2.11598626,0.0924000000,10.27379990000,799.00,5806.00,0.899000,2021,"Transit"
"Kepler-1829 b","Kepler-1829",288.6644840,51.4983798,679.92100000,2.47887001,0.0559000000,5.18671989400,860.00,5230.00,0.777000,2021,"Transit"
"Kepler-1776 b","Kepler-1776",291.5344017,47.0424958,690.33600000,2.61157023,0.2093000000,35.01190186000,603.00,5872.00,1.153000,2021,"Transit"
"Kepler-1709 b","Kepler-1709",283.3748873,43.7883708,273.94600000,3.12424875,0.3270400000,65.70459747000,472.00,5918.00,1.043000,2021,"Transit"
"Kepler-1833 b","Kepler-1833",290.8714239,45.4102813,591.60200000,1.30027362,0.0754500000,6.89212989800,1177.00,6164.00,1.446000,2021,"Transit"
"TOI-3362 b","TOI-3362",155.9841428,-56.8431169,366.98700000,12.80065596,0.1530000000,18.09547000000,688.00,6532.00,1.830000,2021,"Transit"
"Kepler-1738 b","Kepler-1738",296.1313474,47.4388098,1302.87000000,2.82472883,0.0781000000,7.67463016500,957.00,6063.00,1.001000,2021,"Transit"
"Kepler-1739 b","Kepler-1739",296.2320536,47.6788626,783.66600000,2.43056832,0.0697000000,7.34370994600,839.00,5757.00,0.762000,2021,"Transit"
"Kepler-1924 b","Kepler-1924",293.7673860,42.8291562,1910.77000000,2.65446572,0.1216000000,15.33170033000,821.00,5726.00,1.285000,2021,"Transit"
"Kepler-1925 b","Kepler-1925",289.8287452,45.1026883,1771.31000000,3.00177922,0.2588000000,46.71640015000,531.00,5856.00,1.092000,2021,"Transit"
"HATS-76 b","HATS-76",70.3397665,-32.3204175,385.68900000,12.09449018,0.0265800000,1.94164230000,939.80,4016.00,0.625900,2021,"Transit"
"Kepler-1130 d","Kepler-1130",285.2074210,45.3843330,249.34300000,0.64472273,0.0506800000,4.27225017500,981.00,5450.00,0.842000,2021,"Transit"
"Kepler-1802 c","Kepler-1802",300.2420869,44.1412854,636.69400000,2.32200000,0.1748000000,33.13610077000,357.00,4245.00,0.637000,2021,"Transit"
"Kepler-1942 b","Kepler-1942",294.9805416,44.4252384,842.49200000,2.11702870,0.0516000000,4.62604999500,1012.00,5834.00,0.797000,2021,"Transit"
"Kepler-1943 b","Kepler-1943",293.3182976,41.1166697,1004.55000000,1.54869189,0.0597500000,4.85018014900,1098.00,6032.00,0.973000,2021,"Transit"
"Kepler-1927 b","Kepler-1927",296.3546093,41.3355698,1091.00000000,3.40627075,0.3873300000,73.75039673000,677.00,6056.00,2.481000,2021,"Transit"
"Kepler-1722 b","Kepler-1722",296.6627402,41.2611985,772.28300000,2.86719266,0.0819000000,9.17856979400,753.00,5506.00,0.788000,2021,"Transit"
"HD 69123 b","HD 69123",123.5549900,-35.4899246,75.11600000,13.10000000,2.4820000000,1193.30000000000,411.78,4842.00,7.720000,2022,"Radial Velocity"
"Kepler-1266 c","Kepler-1266",285.8693277,42.7279996,849.31200000,1.68023962,0.0506000000,4.86631012000,881.00,4996.00,0.831000,2021,"Transit"
"Kepler-394 d","Kepler-394",296.3019792,50.6723115,1058.72000000,1.50066814,0.0590400000,5.61358022700,1165.00,6398.00,1.101000,2021,"Transit"
"Kepler-1944 b","Kepler-1944",296.5105045,39.1732645,1076.48000000,2.75971163,0.0918000000,9.84257984200,801.00,5585.00,0.972000,2021,"Transit"
"Kepler-1945 b","Kepler-1945",281.8980828,42.2858185,,1.28900000,0.0597000000,6.08003997800,808.00,4991.00,0.804000,2021,"Transit"
"Kepler-1946 b","Kepler-1946",282.3355387,42.8453417,1002.12000000,2.48812698,0.0394000000,3.03519010500,1143.00,5505.00,0.873000,2021,"Transit"
"Kepler-1929 b","Kepler-1929",299.5833362,47.4481244,508.20100000,3.07250761,0.3088300000,59.36249924000,566.00,5786.00,1.471000,2021,"Transit"
"Kepler-913 c","Kepler-913",297.5830564,41.9523531,991.61800000,3.85807090,0.0699000000,5.93911981600,1357.00,6068.00,1.797000,2021,"Transit"
"Kepler-324 e","Kepler-324",286.4714473,49.6490933,501.57400000,2.03862444,0.1097200000,13.97939968000,635.00,5191.00,0.826000,2021,"Transit"
"Kepler-1727 b","Kepler-1727",290.3336142,38.7282722,894.18700000,3.17321625,0.0796000000,9.02929973600,757.00,5349.00,0.820000,2021,"Transit"
"Kepler-1931 b","Kepler-1931",290.8723061,43.3330104,620.09100000,2.65323514,0.2332900000,38.57609940000,619.00,6167.00,1.221000,2021,"Transit"
"Kepler-1530 d","Kepler-1530",288.1624396,48.1651530,489.87600000,3.27870115,0.0827600000,9.20761013000,972.00,5678.00,1.303000,2021,"Transit"
"Kepler-1932 b","Kepler-1932",285.3314903,41.0638435,713.73300000,1.51482218,0.0123000000,0.52417701500,1891.00,5278.00,0.815000,2021,"Transit"
"YZ Cet b","YZ Cet",18.1330792,-16.9962434,3.71207000,0.91300000,0.0163400000,2.02087000000,471.20,3151.00,0.157000,2017,"Radial Velocity"
"YZ Cet c","YZ Cet",18.1330792,-16.9962434,3.71207000,1.05000000,0.0215600000,3.05989000000,410.30,3151.00,0.157000,2017,"Radial Velocity"
"Kepler-281 d","Kepler-281",294.1081465,44.7706524,1745.45000000,5.93747806,0.5456000000,148.27200320000,321.00,5717.00,0.884000,2021,"Transit"
"Kepler-495 c","Kepler-495",285.9307362,39.0981201,658.92400000,1.21936414,0.0614000000,5.89660978300,1000.00,5392.00,1.087000,2021,"Transit"
"Kepler-501 c","Kepler-501",297.2014919,41.7301534,1125.24000000,1.68119739,0.0467000000,3.62276005700,1304.00,5794.00,1.216000,2021,"Transit"
"Kepler-196 d","Kepler-196",284.9685077,42.0791214,451.31200000,2.66065673,0.4545000000,122.08000180000,297.00,5132.00,0.770000,2021,"Transit"
"Kepler-1950 b","Kepler-1950",287.0874563,42.6686537,697.25300000,1.52696349,0.0871000000,10.77690029000,752.00,5455.00,0.852000,2021,"Transit"
"Kepler-1899 b","Kepler-1899",292.0333777,37.9744551,711.50900000,1.55098292,0.0457000000,4.09577989600,851.00,4791.00,0.742000,2021,"Transit"
"Kepler-1869 b","Kepler-1869",292.6149958,42.7643438,113.02500000,1.11955354,0.0797600000,8.16736030600,865.00,5808.00,0.902000,2021,"Transit"
"Kepler-1312 c","Kepler-1312",292.9712801,41.0357494,299.10400000,1.02732734,0.0210300000,1.11611998100,1659.00,5721.00,0.905000,2021,"Transit"
"Kepler-1952 b","Kepler-1952",288.0764082,43.9584839,852.06200000,1.23923346,0.1724000000,27.21080017000,725.00,5973.00,1.305000,2021,"Transit"
"Kepler-1728 b","Kepler-1728",287.0940046,39.0607801,651.78300000,2.95501875,0.0535000000,4.78299999200,886.00,5170.00,0.807000,2021,"Transit"
"Kepler-1926 b","Kepler-1926",291.1987905,44.1662033,667.40500000,2.31495961,0.2197000000,42.87770081000,451.00,5256.00,0.832000,2021,"Transit"
"Kepler-1729 b","Kepler-1729",296.6939428,42.6261145,576.18100000,3.89404186,0.0418000000,4.22097015400,595.00,3837.00,0.517000,2021,"Transit"
"Kepler-1972 b","Kepler-1972",288.3953074,39.8725067,287.33900000,0.80200000,0.0800600000,7.54425000000,1084.00,5818.00,1.384000,2022,"Transit"
"Kepler-1321 d","Kepler-1321",294.5285970,46.6408737,769.14600000,2.62843782,0.0501000000,5.72092008600,509.00,3640.00,0.503000,2021,"Transit"
"Kepler-1600 c","Kepler-1600",291.3993802,38.7877563,1030.81000000,1.94206512,0.0696100000,7.29804992700,786.00,5119.00,0.834000,2021,"Transit"
"Kepler-1954 b","Kepler-1954",298.0029203,43.3545882,1373.83000000,1.80235934,0.0625000000,5.88343000400,949.00,5840.00,0.849000,2021,"Transit"
"Kepler-1730 b","Kepler-1730",281.9605834,43.7030386,1427.08000000,4.48524519,0.1131000000,13.81019974000,833.00,5942.00,1.142000,2021,"Transit"
"Kepler-1721 b","Kepler-1721",283.5441984,45.2256548,641.37400000,3.11856756,0.0519000000,4.59238004700,924.00,5351.00,0.796000,2021,"Transit"
"Kepler-1887 b","Kepler-1887",288.9555263,44.7057070,1366.18000000,2.92454357,0.1421000000,19.94750023000,625.00,5749.00,0.864000,2021,"Transit"
"Kepler-1958 b","Kepler-1958",289.1041643,41.6901138,1320.38000000,2.05124311,0.0856000000,9.32861995700,806.00,5749.00,0.864000,2021,"Transit"
"Kepler-1726 b","Kepler-1726",284.3861498,45.7197342,390.55200000,2.50861954,0.1279400000,18.39629936000,582.00,5316.00,0.804000,2021,"Transit"
"Kepler-1723 b","Kepler-1723",294.4627362,46.8214022,811.27800000,2.88046569,0.2249000000,39.75289917000,568.00,6072.00,1.010000,2021,"Transit"
"Kepler-1705 b","Kepler-1705",301.5785316,44.3121639,1633.49000000,2.03000000,0.0800000000,9.03502000000,789.00,6312.00,1.259000,2021,"Transit"
"OGLE-2019-BLG-0960L b","OGLE-2019-BLG-0960L",274.0142917,-25.7746667,980.00000000,1.39000000,1.9000000000,,,,,2021,"Microlensing"
"Kepler-1890 b","Kepler-1890",292.5778203,40.6679032,529.59600000,0.86867375,0.0571200000,4.82059001900,1328.00,6046.00,1.396000,2021,"Transit"
"Kepler-1892 b","Kepler-1892",299.0810070,42.0180957,851.59500000,1.83707938,0.0633000000,6.33123016400,822.00,5383.00,0.759000,2021,"Transit"
"Kepler-1959 b","Kepler-1959",296.0223010,44.7326691,479.26300000,1.14315727,0.0617000000,6.38669014000,811.00,5071.00,0.811000,2021,"Transit"
"Kepler-1960 b","Kepler-1960",294.6969361,46.7202043,1527.56000000,1.30749704,0.0354000000,2.29794001600,1547.00,6371.00,1.072000,2021,"Transit"
"Kepler-457 d","KOI-7892",282.3775397,44.6945690,1072.30000000,2.98467257,0.0996000000,10.69060040000,1008.00,6474.00,1.242000,2021,"Transit"
"Kepler-633 c","Kepler-633",295.2173259,40.5921599,680.54000000,2.29600000,0.1624600000,23.78319931000,725.00,5877.00,1.265000,2021,"Transit"
"Kepler-1861 b","Kepler-1861",295.8465148,49.9361586,829.98500000,2.20677414,0.2408200000,40.03060150000,617.00,5855.00,1.373000,2021,"Transit"
"Kepler-1863 b","Kepler-1863",282.2397185,43.2440854,865.54600000,2.26309256,0.2367800000,44.99760056000,508.00,5871.00,0.983000,2021,"Transit"
"Kepler-1895 b","Kepler-1895",291.6756005,48.7625419,984.18700000,2.11934728,0.0615000000,6.07029008900,789.00,5076.00,0.763000,2021,"Transit"
"Kepler-1911 b","Kepler-1911",299.3035590,41.4410233,269.91200000,1.01100000,0.0636000000,5.99079990400,987.00,5721.00,0.972000,2021,"Transit"
"Kepler-1865 b","Kepler-1865",293.9412380,41.5904136,922.25500000,1.57686072,0.0344000000,2.52400994300,1203.00,5420.00,0.871000,2021,"Transit"
"Kepler-1866 b","Kepler-1866",286.2246453,44.6544869,976.73700000,2.08215108,0.1016000000,11.66009998000,834.00,5791.00,1.083000,2021,"Transit"
"Kepler-1897 b","Kepler-1897",294.2901043,39.1268710,983.17400000,2.81407954,0.1546000000,24.22030067000,505.00,5165.00,0.761000,2021,"Transit"
"Kepler-1896 b","Kepler-1896",289.6785786,40.2496475,1732.91000000,3.09935997,0.2529000000,44.87020111000,536.00,6122.00,0.996000,2021,"Transit"
"Kepler-1967 b","Kepler-1967",299.1376276,43.4984724,249.10200000,0.73022577,0.0668600000,7.28169012100,1086.00,4970.00,1.806000,2021,"Transit"
"b Cen AB b","b Cen A",220.4897992,-37.7936323,98.09350000,12.40000000,556.0000000000,1790000.00000000000,,,,2021,"Imaging"
"OGLE-2018-BLG-0532L b","OGLE-2018-BLG-0532L",269.9834167,-28.9977500,773.00000000,2.37000000,1.0640000000,,,,,2020,"Microlensing"
"Kepler-1867 b","Kepler-1867",294.9971007,43.4358698,680.58300000,1.15985997,0.0872000000,9.88735961900,768.00,5693.00,0.816000,2021,"Transit"
"Kepler-1868 b","Kepler-1868",293.2983733,43.5558025,274.18000000,3.14950109,0.6234800000,211.03399660000,215.00,4658.00,0.686000,2021,"Transit"
"Kepler-1903 b","Kepler-1903",290.8882981,51.2481617,1775.44000000,2.28642395,0.1321000000,17.06789970000,769.00,6347.00,0.996000,2021,"Transit"
"Kepler-1969 b","Kepler-1969",294.7842662,49.4920557,1204.54000000,1.68161001,0.0717000000,6.64752006500,999.00,6046.00,1.007000,2021,"Transit"
"Kepler-1968 b","Kepler-1968",291.5080318,45.3700933,750.93000000,1.50004034,0.0696000000,7.28109979600,744.00,5008.00,0.788000,2021,"Transit"
"Kepler-1871 b","Kepler-1871",292.4275044,38.4728824,854.62300000,2.42172881,0.0308000000,1.95270001900,1403.00,5741.00,0.946000,2021,"Transit"
"Kepler-1872 b","Kepler-1872",281.0491988,43.3225996,840.18200000,2.38421141,0.0465000000,3.82591009100,1005.00,5223.00,0.885000,2021,"Transit"
"Kepler-1906 b","Kepler-1906",293.8266166,38.8565906,1360.63000000,2.77615754,0.0738000000,7.36268997200,901.00,5868.00,0.894000,2021,"Transit"
"Kepler-1907 b","Kepler-1907",280.7085829,47.3279236,292.11100000,0.86973029,0.0544400000,5.65245008500,856.00,5159.00,0.800000,2021,"Transit"
"Kepler-1913 b","Kepler-1913",290.2166890,44.7795863,876.30000000,1.51852059,0.1209000000,14.19600010000,818.00,6214.00,1.076000,2021,"Transit"
"HD 79181 b","HD 79181",137.9944736,-19.7474341,103.33500000,14.10000000,0.9000000000,273.10000000000,821.87,4862.00,11.060000,2021,"Radial Velocity"
"HD 10975 b","HD 10975",27.1628025,37.9527542,116.50600000,14.30000000,0.9500000000,283.80000000000,799.92,4840.00,11.160000,2021,"Radial Velocity"
"HD 99283 b","HD 99283",171.4874082,55.8506653,111.09300000,13.80000000,1.0800000000,310.40000000000,759.06,4886.00,11.210000,2021,"Radial Velocity"
"Kepler-1873 b","Kepler-1873",294.5965570,46.0483705,820.95700000,1.62573811,0.0128000000,0.55884200300,1787.00,5151.00,0.792000,2021,"Transit"
"Kepler-1874 b","Kepler-1874",286.3718158,43.6920810,408.00700000,2.21110724,0.2633000000,56.57320023000,356.00,4701.00,0.775000,2021,"Transit"
"Kepler-1909 b","Kepler-1909",290.8894090,42.4596251,763.66200000,1.09217411,0.0306000000,2.39160990700,1031.00,4935.00,0.685000,2021,"Transit"
"Kepler-1717 b","Kepler-1717",295.2126472,49.5621600,1008.79000000,2.98929758,0.2014000000,30.65279961000,780.00,6200.00,1.640000,2021,"Transit"
"Kepler-1917 b","Kepler-1917",294.1038932,45.0013533,909.03700000,1.88971288,0.1030000000,12.90240002000,675.00,5530.00,0.788000,2021,"Transit"
"Kepler-1918 b","Kepler-1918",292.5305460,42.2145765,1030.11000000,2.29763023,0.2524000000,47.05640030000,497.00,5889.00,0.924000,2021,"Transit"
"ups Leo b","ups Leo",174.2372188,-0.8235643,52.59730000,14.20000000,1.1800000000,385.20000000000,719.08,4836.00,11.220000,2021,"Radial Velocity"
"HD 219139 b","HD 219139",348.3604055,11.0649832,104.93500000,14.00000000,0.9400000000,275.50000000000,804.83,4831.00,11.220000,2021,"Radial Velocity"
"Kepler-616 d","Kepler-616",294.9891370,46.8383058,945.77500000,2.65300000,0.2749000000,51.06740189000,499.00,6004.00,0.977000,2021,"Transit"
"Kepler-534 c","Kepler-534",296.4185696,49.5401480,570.65900000,1.22700000,0.0761000000,7.37868976600,933.00,5936.00,0.965000,2021,"Transit"
"Kepler-1919 b","Kepler-1919",283.1319153,43.9560050,1177.53000000,2.62390658,0.2107000000,37.88660049000,479.00,5513.00,0.818000,2021,"Transit"
"Kepler-1488 c","Kepler-1488",286.6464265,49.9377735,905.82500000,1.65156749,0.0695900000,6.15826988200,1212.00,5710.00,1.524000,2021,"Transit"
"gam Psc b","gam Psc",349.2946794,3.2823664,41.31070000,13.60000000,1.3200000000,555.10000000000,666.07,4742.00,11.200000,2021,"Radial Velocity"
"HIP 34222 b","HIP 34222",106.4257786,27.4704132,22.83860000,13.90000000,0.4920000000,159.98600000000,218.98,4050.00,0.618600,2021,"Radial Velocity"
"Kepler-1881 b","Kepler-1881",293.6393065,44.9825447,1057.21000000,2.98104391,0.5332500000,159.39399720000,289.00,5135.00,0.874000,2021,"Transit"
"Kepler-1879 b","Kepler-1879",289.3644209,41.5332589,627.17100000,2.06512018,0.0957000000,10.61340046000,987.00,5865.00,1.388000,2021,"Transit"
"Kepler-1934 b","Kepler-1934",290.9193265,37.2871677,428.51400000,0.91307734,0.0246600000,1.41975998900,1700.00,5925.00,1.035000,2021,"Transit"
"Kepler-1935 b","Kepler-1935",296.4037783,39.7227036,904.70200000,2.50271696,0.0463000000,3.95140004200,1083.00,5570.00,0.899000,2021,"Transit"
"Kepler-1921 b","Kepler-1921",300.3161723,45.4953271,928.98900000,2.89459458,0.1586500000,20.03479958000,967.00,6120.00,2.000000,2021,"Transit"
"HIP 86221 b","HIP 86221",264.2948750,27.8963910,29.48980000,14.00000000,0.0310000000,2.22400000000,,,,2021,"Radial Velocity"
"Kepler-1883 b","Kepler-1883",291.9225570,42.0025220,1377.61000000,3.25107395,0.4438000000,103.42700200000,416.00,6208.00,1.024000,2021,"Transit"
"Kepler-1938 b","Kepler-1938",299.3518920,41.1957285,421.15200000,1.82828927,0.0938000000,13.06260014000,527.00,4522.00,0.655000,2021,"Transit"
"TOI-1268 b","TOI-1268",198.3885831,62.3053799,109.55700000,9.10000000,0.0711000000,8.15770940000,918.90,5300.00,0.920000,2022,"Transit"
"K2-25 b","K2-25",63.2739346,15.2477027,44.95650000,3.44000000,0.0287000000,3.48456408000,494.00,3207.00,0.293200,2015,"Transit"
"TOI-2136 b","TOI-2136",281.1763433,36.5631318,33.36310000,2.19000000,0.0570000000,7.85192800000,395.00,3342.00,0.340000,2022,"Transit"
"K2-382 b","K2-382",287.4125267,-19.6269336,278.41200000,2.07200000,,21.70015600000,,5452.00,0.811000,2022,"Transit"
"K2-376 b","K2-376",132.7193327,25.0380824,161.61000000,1.73600000,,5.77647500000,,5937.00,1.149000,2022,"Transit"
"iot Dra b","iot Dra",231.2323227,58.9661403,31.32832000,12.40000000,1.4530000000,510.85440000000,618.67,4504.00,11.790000,2002,"Radial Velocity"
"CoRoT-35 b","CoRoT-35",289.3143526,-2.7747085,1123.21000000,18.83108758,0.0429000000,3.22748000000,1747.00,6390.00,1.650000,2022,"Transit"
"CoRoT-36 b","CoRoT-36",277.7510149,7.1833465,925.95800000,15.80466279,0.0660000000,5.61653100000,1567.00,6730.00,1.520000,2022,"Transit"
"K2-383 b","K2-383",282.0087650,-18.3795798,203.78800000,1.56400000,,1.86596200000,,5129.00,0.804000,2022,"Transit"
"K2-366 b","K2-366",243.6800912,-19.3468837,185.94700000,2.35900000,,15.93703900000,,5601.00,0.940000,2022,"Transit"
"iot Dra c","iot Dra",231.2323227,58.9661403,31.32832000,12.20000000,19.4000000000,25000.00000000000,169.31,4504.00,11.790000,2021,"Radial Velocity"
"K2-373 b","K2-373",123.1361518,13.6884986,229.56700000,2.06100000,,11.02066000000,,6138.00,1.486000,2022,"Transit"
"K2-367 b","K2-367",337.8588454,-13.2644554,176.96500000,2.41300000,,20.64509900000,,4348.00,0.625000,2022,"Transit"
"HD 160691 c","HD 160691",266.0361585,-51.8348751,15.59810000,,4.1700000000,3947.00000000000,157.21,5773.00,1.330000,2004,"Radial Velocity"
"HD 160691 d","HD 160691",266.0361585,-51.8348751,15.59810000,3.23000000,0.0952000000,9.63920000000,900.00,5773.00,1.330000,2004,"Radial Velocity"
"K2-384 f","K2-384",20.4998403,0.7509701,82.66030000,2.22200000,,13.62749000000,,3623.00,0.348000,2022,"Transit"
"K2-369 b","K2-369",329.7262534,-10.8750666,185.55000000,1.31300000,,5.76161200000,,5682.00,0.881000,2022,"Transit"
"TOI-620 b","TOI-620",142.1734459,-12.1671652,33.02310000,3.76000000,0.0482500000,5.09881790000,603.60,3708.00,0.550000,2022,"Transit"
"AB Aur b","AB Aur",73.9410446,30.5510888,162.12700000,12.50000000,93.9000000000,,83.63,9770.00,2.958870,2022,"Imaging"
"HD 33142 b","HD 33142",76.8980559,-13.9863374,121.37500000,13.70000000,1.0740000000,330.00000000000,477.50,5025.40,4.170000,2011,"Radial Velocity"
"K2-384 e","K2-384",20.4998403,0.7509701,82.66030000,1.34500000,,9.71504300000,,3623.00,0.348000,2022,"Transit"
"K2-371 b","K2-371",128.0670932,11.6307099,442.81300000,13.02400000,,3.11490500000,956.83,4925.00,0.736000,2022,"Transit"
"K2-372 b","K2-372",130.7988719,13.0094226,463.88000000,2.94500000,,9.84407700000,,5479.00,0.922000,2022,"Transit"
"TYC 2187-512-1 b","TYC 2187-512-1",320.5266829,22.9319351,15.47440000,12.50000000,1.2200000000,691.90000000000,114.69,3734.00,0.495000,2022,"Radial Velocity"
"TOI-1246 b","TOI-1246",251.1158702,70.4299917,169.42200000,3.01000000,0.0490000000,4.30744000000,955.00,5151.00,0.860000,2022,"Transit"
"HD 160691 e","HD 160691",266.0361585,-51.8348751,15.59810000,,0.9600000000,307.90000000000,327.66,5773.00,1.330000,2006,"Radial Velocity"
"K2-393 b","K2-393",348.5159113,-0.0821031,265.91400000,2.35200000,,10.41318100000,,5678.00,1.071000,2022,"Transit"
"K2-375 b","K2-375",130.5013137,20.3593003,696.10000000,2.24300000,,14.45389500000,,5822.00,1.543000,2022,"Transit"
"HIP 94235 b","HIP 94235",287.7411441,-60.2726358,58.51460000,3.00000000,0.0787000000,7.71305700000,1060.00,5991.00,1.080000,2022,"Transit"
"KOI-984 c","KOI-984",291.0489438,36.8400772,252.66700000,14.10000000,0.1467000000,21.51200000000,597.00,5295.00,0.818000,2022,"Transit Timing Variations"
"K2-389 c","K2-389",355.6304152,-9.7135814,259.20800000,2.04000000,,20.85133700000,,5782.00,1.084000,2022,"Transit"
"K2-390 b","K2-390",355.7023860,-9.5887124,456.12200000,4.66200000,,3.31279200000,1119.00,5558.00,0.966000,2022,"Transit"
"HD 73583 b","HD 73583",129.6883026,-13.2565267,31.56660000,2.79000000,0.0604000000,6.39804200000,714.00,4511.00,0.650000,2022,"Transit"
"HD 103891 b","HD 103891",179.4382907,-8.5486195,55.52130000,13.20000000,3.2700000000,1919.00000000000,241.25,6072.00,2.220000,2022,"Radial Velocity"
"HD 105779 b","HD 105779",182.6612053,-16.9564908,55.24110000,14.10000000,3.3800000000,2412.00000000000,147.29,5792.00,0.940000,2022,"Radial Velocity"
"HD 33142 d","HD 33142",76.8980559,-13.9863374,121.37500000,9.32000000,0.4520000000,89.90000000000,736.04,5025.40,4.170000,2022,"Radial Velocity"
"HD 19615 b","HD 19615",48.7813299,73.8680150,265.15500000,12.60000000,1.1000000000,402.00000000000,1113.92,4263.00,32.300000,2022,"Radial Velocity"
"K2-391 b","K2-391",356.2260152,-7.7015151,507.94000000,1.37100000,,4.62265400000,,5543.00,0.566000,2022,"Transit"
"HD 73583 c","HD 73583",129.6883026,-13.2565267,31.56660000,2.39000000,0.1242000000,18.87974000000,498.00,4511.00,0.650000,2022,"Transit"
"GJ 411 b","GJ 411",165.8344710,35.9723170,5.67577300,1.45000000,0.0787900000,12.93940000000,349.83,3719.00,0.368500,2019,"Radial Velocity"
"TOI-1064 c","TOI-1064",296.0039349,-47.5620305,68.07260000,2.65100000,0.0942900000,12.22657400000,634.00,4734.00,0.726000,2022,"Transit"
"K2-316 b","K2-316",233.6247336,-23.2594663,112.48600000,1.33000000,0.0147000000,1.13300000000,841.00,3436.00,0.379000,2020,"Transit"
"HD 95735 c","GJ 411",165.8344710,35.9723170,5.67577300,3.76000000,2.9400000000,2946.00000000000,63.49,3719.00,0.368500,2021,"Radial Velocity"
"TOI-2669 b","TOI-2669",134.7226445,-13.3125792,393.44300000,19.72780603,,6.20340000000,1226.00,4800.00,4.100000,2022,"Transit"
"TOI-4329 b","TOI-4329",329.5639152,71.1316048,717.12800000,16.81347105,,2.92230000000,2027.12,6000.00,2.310000,2022,"Transit"
"K2-397 b","K2-397",79.9516586,21.2591617,199.35400000,2.41700000,,3.57232600000,,5387.00,0.966000,2022,"Transit"
"K2-316 c","K2-316",233.6247336,-23.2594663,112.48600000,1.83000000,0.0582000000,5.26000000000,423.00,3436.00,0.379000,2020,"Transit"
"TOI-2046 b","TOI-2046",16.1849423,74.3313055,289.66800000,16.14093221,,1.49718420000,1828.82,6250.00,1.210000,2022,"Transit"
"Kepler-1656 c","Kepler-1656",284.4722473,39.9118890,185.87500000,14.00000000,3.0530000000,1919.00000000000,161.19,5569.00,1.100000,2022,"Radial Velocity"
"TOI-206 b","TOI-206",73.7382202,-62.5218740,47.74650000,1.30000000,0.0112000000,0.73631040000,910.00,3383.00,0.350000,2022,"Transit"
"K2-398 c","K2-398",161.7349738,1.9367044,606.99200000,5.09800000,,18.78783900000,,5946.00,1.239000,2022,"Transit"
"K2-319 b","K2-319",166.8010058,3.0399357,209.07100000,2.79000000,0.1516000000,26.68000000000,641.00,5440.00,0.898000,2020,"Transit"
"mu2 Sco b","mu2 Sco",253.0838724,-38.0176339,,12.30000000,242.4000000000,,159.05,21700.00,5.600000,2022,"Imaging"
"TOI-1693 b","TOI-1693",90.3083455,34.7730904,30.79470000,1.41000000,0.0226000000,1.76669570000,764.00,3499.00,0.460000,2022,"Transit"
"K2-402 b","K2-402",161.4519130,6.4193180,523.05500000,2.67800000,,17.27474000000,,5716.00,1.280000,2022,"Transit"
"K2-323 b","K2-323",159.4209874,6.2858689,118.31800000,2.10000000,0.1275000000,24.93000000000,318.00,3710.00,0.549000,2020,"Transit"
"HD 81040 b","HD 81040",140.9455027,20.3646078,34.43410000,12.60000000,1.9460000000,1002.70000000000,189.77,5755.00,0.910000,2005,"Radial Velocity"
"HD 171238 b","HD 171238",278.6818389,-28.0727849,44.81130000,12.50000000,2.5180000000,1515.00000000000,166.96,5467.00,1.010000,2009,"Radial Velocity"
"HD 87883 b","HD 87883",152.1794175,34.2419984,18.29120000,12.70000000,3.7700000000,3006.00000000000,110.52,4980.00,0.798557,2009,"Radial Velocity"
"TOI-2411 b","TOI-2411",20.9224567,-8.7017944,59.53620000,1.68000000,0.0144000000,0.78269420000,1355.00,4099.00,0.680000,2022,"Transit"
"TOI-2427 b","TOI-2427",52.2917315,-31.3628665,28.51470000,1.80000000,0.0202000000,1.30600110000,1117.00,4072.00,0.650000,2022,"Transit"
"K2-404 b","K2-404",160.3249517,12.1911149,121.63000000,2.53000000,,13.11536500000,,3748.00,0.552000,2022,"Transit"
"K2-325 b","K2-325",353.9169507,-7.6867213,111.63800000,2.20000000,0.0419000000,6.93000000000,423.00,3287.00,0.298000,2020,"Transit"
"HD 106515 A b","HD 106515 A",183.7762699,-7.2575413,34.09150000,12.10000000,4.4800000000,3626.00000000000,116.53,5362.00,0.910000,2012,"Radial Velocity"
"KMT-2017-BLG-2509L b","KMT-2017-BLG-2509L",265.5898750,-26.3171500,7040.00000000,13.40000000,2.1400000000,,,,,2021,"Microlensing"
"K2-406 b","K2-406",230.8872242,-25.3706149,85.37510000,4.60200000,,22.54940600000,,5784.00,0.961000,2022,"Transit"
"K2-326 b","K2-326",351.6122620,1.3375909,282.30800000,2.28000000,0.0198000000,1.25600000000,1114.00,3924.00,0.688000,2020,"Transit"
"TOI-5153 b","TOI-5153",91.5403204,-19.9534443,390.48400000,11.88151954,0.1580000000,20.33003000000,906.00,6300.00,1.400000,2022,"Transit"
"NGTS-20 b","NGTS-20",46.2926368,-21.9336472,382.89800000,11.99360935,0.3130000000,54.18915000000,688.00,5980.00,1.780000,2022,"Transit"
"HD 29021 b","HD 29021",69.4681379,60.6762985,30.99390000,12.90000000,2.2940000000,1365.00000000000,163.20,5560.00,0.850000,2017,"Radial Velocity"
"KMT-2021-BLG-0912L b","KMT-2021-BLG-0912L",269.8211667,-31.9976389,5560.00000000,1.49000000,3.1400000000,,,,,2022,"Microlensing"
"K2-407 c","K2-407",232.5552584,-23.0067371,218.37600000,1.36000000,,9.22453000000,,5563.00,0.927000,2022,"Transit"
"K2-199 b","K2-199",208.9014508,-6.1360833,107.51800000,1.73000000,0.0382000000,3.22539930000,913.00,4491.00,0.682000,2018,"Transit"
"Ross 508 b","Ross 508",230.9613022,17.4605347,11.21030000,1.83000000,0.0536600000,10.77000000000,293.86,3071.00,0.211300,2022,"Radial Velocity"
"K2-387 b","K2-387",19.4418282,11.3684915,266.31800000,7.32200000,,28.73532700000,,3572.00,0.585000,2022,"Transit"
"K2-374 b","K2-374",137.3794986,16.3558324,359.43900000,1.59300000,,4.52195300000,,5789.00,0.907000,2022,"Transit"
"HD 136118 b","HD 136118",229.7306046,-1.5922913,51.43590000,12.30000000,2.3270000000,1187.59765000000,249.62,6097.00,1.677540,2022,"Radial Velocity"
"HD 140901 b","HD 140901",236.8689866,-37.9172333,15.25280000,4.07000000,0.0850000000,9.02378000000,904.37,5610.00,0.950000,2022,"Radial Velocity"
"HD 93351 c","HD 93351",161.6779279,-1.6885763,56.16300000,12.30000000,11.1540000000,14010.29410000000,74.54,5408.00,0.911435,2022,"Radial Velocity"
"GJ 2030 b","GJ 2030",50.8237604,-7.7950429,37.07880000,2.03000000,0.0340000000,2.38129000000,2147.31,5485.00,2.241040,2022,"Radial Velocity"
"TOI-2570 b","TOI-2570",87.1880397,32.0840435,361.85700000,13.64132951,0.0414500000,2.98876150000,1431.00,5771.00,1.095000,2022,"Transit"
"HD 113337 b","HD 113337",195.4438496,63.6103280,36.18000000,13.10000000,1.0220000000,317.58639000000,395.73,6774.00,1.500000,2013,"Radial Velocity"
"HIP 97233 b","HIP 97233",296.4221207,-0.6968794,102.27500000,12.10000000,2.4910000000,1062.26506000000,354.42,5020.00,5.340000,2014,"Radial Velocity"
"HD 144899 b","HD 144899",242.5721002,-47.9146826,115.66500000,4.77000000,0.2420000000,40.43914000000,770.87,6126.00,1.648020,2022,"Radial Velocity"
"HD 142 A d","HD 142",1.5836771,-49.0753625,26.18530000,10.90000000,0.4740000000,108.45299000000,530.32,6245.00,1.470000,2022,"Radial Velocity"
"GJ 2030 c","GJ 2030",50.8237604,-7.7950429,37.07880000,12.30000000,16.7610000000,25533.11353000000,96.71,5485.00,2.241040,2022,"Radial Velocity"
"GJ 3222 b","GJ 3222",50.8972464,-40.0762325,18.23817000,3.40000000,0.0910000000,10.66669000000,811.06,5257.46,0.931389,2022,"Radial Velocity"
"GJ 680 b","GJ 680",263.8072214,-48.6788427,9.67315000,12.00000000,10.1380000000,17281.66514000000,36.57,3563.00,0.459330,2022,"Radial Velocity"
"TOI-3540 A b","TOI-3540 A",328.9113712,28.1794996,,23.53885947,0.0428900000,3.11999900000,1498.00,5810.00,1.228000,2022,"Transit"
"TOI-3331 A b","TOI-3331 A",271.3241672,-34.1071710,217.19300000,12.97999965,0.0314400000,2.01802310000,1488.00,5609.00,0.952000,2022,"Transit"
"TOI-3693 b","TOI-3693",15.6543938,51.3038918,176.43600000,12.59889431,0.0813000000,9.08851600000,801.00,5321.00,0.791000,2022,"Transit"
"HD 145934 b","HD 145934",243.2912249,13.2394527,227.88100000,13.40000000,4.8900000000,2751.53433000000,276.92,4823.75,6.930587,2015,"Radial Velocity"
"HD 151450 b","HD 151450",252.0080127,-15.9643450,43.60020000,6.94000000,0.1600000000,21.89288000000,795.00,6091.98,1.171840,2022,"Radial Velocity"
"HD 149806 b","HD 149806",249.2855187,0.2546794,20.27270000,12.30000000,12.4040000000,16521.52778000000,69.13,5352.05,0.890000,2022,"Radial Velocity"
"HD 151450 c","HD 151450",252.0080127,-15.9643450,43.60020000,12.80000000,14.1310000000,18144.76236000000,84.59,6091.98,1.171840,2022,"Radial Velocity"
"HD 115404 A b","HD 115404 A",199.2155793,17.0160384,10.98160000,6.09000000,0.0880000000,10.49488000000,695.65,5019.17,0.727007,2022,"Radial Velocity"
"TOI-2196 b","TOI-2196",312.3400744,-70.4850723,259.94700000,3.51000000,0.0223400000,1.19472680000,1860.00,5634.00,1.043000,2022,"Transit"
"HD 191806 b","HD 191806",302.3687580,52.2767265,65.66680000,12.50000000,2.7490000000,1603.38923000000,206.98,6010.00,1.402230,2016,"Radial Velocity"
"HD 153557 c","HD 153557",254.4706516,47.3678558,17.94120000,4.36000000,0.1110000000,15.27018000000,604.33,4837.00,0.745171,2022,"Radial Velocity"
"HD 153557 d","HD 153557",254.4706516,47.3678558,17.94120000,11.90000000,21.4490000000,40654.64809000000,43.47,4837.00,0.745171,2022,"Radial Velocity"
"HD 12235 c","HD 12235",30.0391601,3.0959098,31.76270000,12.50000000,22.2100000000,36336.70679000000,82.22,5986.00,1.801850,2022,"Radial Velocity"
"HD 56414 b","HD 56414",107.8436846,-68.8333403,272.21700000,3.71000000,0.2290000000,29.04992000000,1133.00,8500.00,1.751000,2022,"Transit"
"GJ 896 A b","GJ 896 A",352.9700384,19.9370011,6.26022000,13.30000000,0.6396500000,284.39000000000,126.70,3345.00,0.394682,2022,"Astrometry"
"GJ 676 A c","GJ 676 A",262.5448903,-51.6377777,16.02720000,12.30000000,9.7260000000,13921.42302000000,47.96,3734.00,0.690000,2016,"Radial Velocity"
"HD 219828 c","HD 219828",349.6947029,18.6457524,73.11400000,12.20000000,5.6570000000,4789.87297000000,149.17,5891.00,1.560000,2016,"Radial Velocity"
"HD 72892 b","HD 72892",128.7195554,-14.4574311,69.73110000,12.80000000,0.2280000000,39.44603000000,634.46,5688.00,1.220000,2016,"Radial Velocity"
"HD 155918 b","HD 155918",260.5364025,-75.3492390,27.56100000,2.67000000,0.0300000000,1.87567000000,1622.13,5771.84,1.019060,2022,"Radial Velocity"
"TOI-2048 b","TOI-2048",237.9241066,52.3063083,116.56700000,2.61000000,,13.79019000000,646.00,5185.00,0.790000,2022,"Transit"
"HD 111232 b","HD 111232",192.2159553,-68.4246679,28.95710000,12.60000000,2.1480000000,1169.13202000000,172.05,5512.00,0.900000,2003,"Radial Velocity"
"HD 10697 b","HD 10697",26.2324076,20.0826974,33.12050000,12.80000000,2.0510000000,1075.37990000000,259.25,5641.00,1.863076,1999,"Radial Velocity"
"HD 125612 b","HD 125612",215.2227183,-17.4818147,57.62070000,13.20000000,1.3490000000,557.69994000000,253.38,5900.00,1.070000,2007,"Radial Velocity"
"HIP 67537 b","HIP 67537",207.5808445,-39.9008996,116.04600000,12.30000000,4.8070000000,2523.64713000000,323.20,4985.00,8.690000,2017,"Radial Velocity"
"HD 156098 c","HD 156098",259.2646870,-32.6630768,48.24900000,12.80000000,8.4150000000,7841.58390000000,177.18,6419.19,2.757160,2022,"Radial Velocity"
"HD 156098 b","HD 156098",259.2646870,-32.6630768,48.24900000,4.12000000,0.1670000000,21.85849000000,1257.73,6419.19,2.757160,2022,"Radial Velocity"
"HD 168863 b","HD 168863",275.6642157,-18.0219726,39.89790000,12.70000000,10.9610000000,14773.93272000000,63.01,4905.00,0.777826,2022,"Radial Velocity"
"HIP 19976 b","HIP 19976",64.2597881,-40.7985198,40.27070000,4.94000000,0.2340000000,50.65905000000,378.10,4316.00,0.772319,2022,"Radial Velocity"
"HD 203387 c","HD 203387",320.5617820,-16.8345229,61.74770000,12.60000000,5.0670000000,2481.07227000000,360.63,5174.32,10.585200,2022,"Radial Velocity"
"HIP 35965 b","HIP 35965",111.2025182,-51.3257507,50.16770000,12.60000000,15.8980000000,26125.56497000000,48.85,4836.00,0.697551,2022,"Radial Velocity"
"HD 125612 c","HD 125612",215.2227183,-17.4818147,57.62070000,4.07000000,0.0510000000,4.15466000000,1303.14,5900.00,1.070000,2009,"Radial Velocity"
"HD 125612 d","HD 125612",215.2227183,-17.4818147,57.62070000,12.70000000,3.9820000000,2822.72698000000,147.48,5900.00,1.070000,2009,"Radial Velocity"
"HD 156279 c","HD 156279",258.0966686,63.3527828,36.19450000,12.50000000,5.4860000000,4818.25358000000,109.42,5453.00,0.950000,2016,"Radial Velocity"
"HD 27894 d","HD 27894",65.1975693,-59.4096776,43.82140000,12.70000000,5.3620000000,5019.54244000000,95.87,4875.00,0.891767,2017,"Radial Velocity"
"HD 181234 b","HD 181234",289.9998695,-9.3249700,47.74580000,12.50000000,7.4270000000,7593.40512000000,98.09,5386.00,1.059423,2019,"Radial Velocity"
"HD 18143 b","HD 18143",43.9140248,26.8723829,22.52430000,3.28000000,0.0880000000,10.28510000000,769.92,5078.00,0.870000,2022,"Radial Velocity"
"HIP 948 b","HIP 948",2.9276336,-39.2304879,34.85230000,12.10000000,15.0370000000,24955.45756000000,46.40,4497.00,0.688488,2022,"Radial Velocity"
"HD 139357 b","HD 139357",233.8173564,53.9221505,112.09000000,12.10000000,2.9490000000,1124.79139000000,446.97,4700.00,11.470000,2008,"Radial Velocity"
"HD 25015 b","HD 25015",59.4335463,-20.2673347,37.43300000,12.50000000,6.2480000000,6134.42700000000,90.69,5160.00,0.830000,2019,"Radial Velocity"
"HD 188641 b","HD 188641",299.4048303,-37.7448845,64.33990000,11.90000000,12.0270000000,14583.81038000000,114.36,5897.32,1.944920,2022,"Radial Velocity"
"HD 168443 b","HD 168443",275.0159879,-9.5966905,39.62450000,12.60000000,0.2920000000,58.11187000000,641.03,5491.00,1.711479,1998,"Radial Velocity"
"HD 156279 b","HD 156279",258.0966686,63.3527828,36.19450000,12.50000000,0.5020000000,133.40355000000,361.73,5453.00,0.950000,2011,"Radial Velocity"
"HD 168443 c","HD 168443",275.0159879,-9.5966905,39.62450000,12.20000000,2.8420000000,1753.10960000000,205.47,5491.00,1.711479,2000,"Radial Velocity"
"GJ 229 A c","GJ 229",92.6435993,-21.8677233,5.75624000,2.87000000,0.3840000000,121.93268000000,188.10,3564.00,0.460000,2020,"Radial Velocity"
"HD 81817 b","HD 81817",144.2715659,81.3263096,269.12600000,12.00000000,3.2330000000,1021.20159000000,1016.37,4140.00,83.800000,2020,"Radial Velocity"
"HD 204313 e","HD 204313",322.0510568,-21.7274194,47.79450000,12.20000000,7.4570000000,7325.64666000000,106.81,5767.00,1.100000,2022,"Radial Velocity"
"HD 169830 c","HD 169830",276.9561859,-29.8167919,37.60480000,12.60000000,3.0750000000,1818.82339000000,241.03,6300.00,1.935709,2003,"Radial Velocity"
"HIP 56640 b","HIP 56640",174.2008941,-37.0391349,122.32400000,12.70000000,4.5500000000,2675.57603000000,239.37,4769.00,4.930000,2021,"Radial Velocity"
"HD 213519 b","HD 213519",337.7727845,45.1452472,41.00140000,2.99000000,0.0990000000,11.12214000000,931.36,5840.00,1.082870,2022,"Radial Velocity"
"HD 217786 c","HD 217786",345.7838088,-0.4303594,55.48470000,2.61000000,0.0380000000,2.52221000000,1663.13,5966.00,1.270000,2022,"Radial Velocity"
"TOI-3629 b","TOI-3629",359.7933851,39.3142556,130.09100000,8.29464572,0.0430000000,3.93655100000,690.00,3870.00,0.600000,2022,"Transit"
"HD 183263 c","HD 183263",292.1022982,8.3579183,54.19550000,12.50000000,5.5850000000,4667.97841000000,134.60,5948.00,1.230000,2008,"Radial Velocity"
"HD 66428 c","HD 66428",120.8691654,-1.1636019,53.28170000,13.50000000,9.4080000000,10478.84437000000,95.52,5716.00,1.130000,2021,"Radial Velocity"
"HD 80869 b","HD 80869",140.7912931,33.9048294,85.39510000,12.80000000,2.9050000000,1752.92067000000,203.20,5837.00,1.062000,2021,"Radial Velocity"
"HD 25912 b","HD 25912",60.9074988,-51.9315058,49.16610000,6.90000000,0.2420000000,41.83156000000,579.16,5920.58,0.995896,2022,"Radial Velocity"
"HD 217958 b","HD 217958",346.1365770,-25.6917758,61.79570000,14.20000000,3.7580000000,2560.19774000000,169.89,5930.64,1.326190,2022,"Radial Velocity"
"HD 25912 c","HD 25912",60.9074988,-51.9315058,49.16610000,12.20000000,17.8480000000,26308.65619000000,67.44,5920.58,0.995896,2022,"Radial Velocity"
"HD 109988 b","HD 109988",189.8154662,-32.7263607,42.52790000,12.10000000,12.5180000000,17132.15854000000,65.91,5185.97,0.869694,2022,"Radial Velocity"
"HD 28192 b","HD 28192",66.7032517,-1.7244842,49.80630000,12.20000000,0.1180000000,14.23283000000,859.98,5919.87,1.070940,2022,"Radial Velocity"
"HD 43197 c","HD 43197",93.3993231,-29.8971929,62.41120000,12.60000000,8.5400000000,9295.97350000000,90.89,5508.00,1.000000,2022,"Radial Velocity"
"HD 38529 b","HD 38529",86.6451363,1.1675866,42.35380000,14.10000000,0.1150000000,14.30990000000,1369.46,5697.00,2.857838,2000,"Radial Velocity"
"HD 38529 c","HD 38529",86.6451363,1.1675866,42.35380000,12.50000000,3.2260000000,2127.60566000000,258.56,5697.00,2.857838,2000,"Radial Velocity"
"HD 110537 b","HD 110537",190.7462412,-4.0501059,45.08580000,11.90000000,16.7140000000,24469.67342000000,72.83,5718.00,1.166260,2022,"Radial Velocity"
"HD 56957 b","HD 56957",109.3253986,-40.6560651,61.49250000,12.80000000,6.4260000000,5859.08992000000,145.67,5743.00,1.777930,2022,"Radial Velocity"
"HD 62364 c","HD 62364",113.9052658,-75.5442707,53.11200000,12.00000000,36.9840000000,74839.94555000000,58.70,6255.00,1.401000,2022,"Radial Velocity"
"TOI-712 c","TOI-712",92.9361063,-65.8258386,58.62120000,2.70100000,0.2447000000,51.69906000000,369.90,4622.00,0.674000,2022,"Transit"
"TOI-712 d","TOI-712",92.9361063,-65.8258386,58.62120000,2.47400000,0.3405000000,84.83960000000,313.60,4622.00,0.674000,2022,"Transit"
"HD 43197 b","HD 43197",93.3993231,-29.8971929,62.41120000,14.20000000,0.8820000000,308.92072000000,282.81,5508.00,1.000000,2010,"Radial Velocity"
"HD 4113 b","HD 4113",10.8027515,-37.9831248,41.87270000,13.50000000,1.2800000000,526.52390000000,251.65,5688.00,1.077514,2007,"Radial Velocity"
"HD 111232 c","HD 111232",192.2159553,-68.4246679,28.95710000,12.20000000,17.2500000000,26472.44623000000,60.71,5512.00,0.900000,2022,"Radial Velocity"
"HD 62549 b","HD 62549",116.0821439,-5.0541223,49.33050000,12.60000000,11.8420000000,14306.88519000000,92.25,5930.46,1.232270,2022,"Radial Velocity"
"TOI-1452 b","TOI-1452",290.1739741,73.1951082,30.52120000,1.67200000,0.0610000000,11.06201000000,326.00,3185.00,0.275000,2022,"Transit"
"KMT-2021-BLG-0171L b","KMT-2021-BLG-0171L",269.2416667,-30.0930556,4600.00000000,3.35000000,3.5000000000,,,5200.00,,2022,"Microlensing"
"HD 73267 b","HD 73267",129.0735123,-34.4594469,50.40930000,13.00000000,2.2290000000,1257.99159000000,165.89,5387.00,0.909000,2008,"Radial Velocity"
"HD 11505 b","HD 11505",28.2750265,-1.3284416,38.96790000,12.60000000,20.2470000000,32669.22247000000,67.46,5757.15,1.195680,2022,"Radial Velocity"
"HD 80913 b","HD 80913",138.1021548,-81.7684510,61.36030000,12.00000000,9.9500000000,10839.83341000000,118.23,6013.24,1.654200,2022,"Radial Velocity"
"HD 81817 c","HD 81817",144.2715659,81.3263096,269.12600000,12.00000000,2.3250000000,622.97802000000,1198.52,4140.00,83.800000,2022,"Radial Velocity"
"TOI-2207 b","TOI-2207",307.5966925,-44.8876181,373.34500000,11.15293580,0.0854000000,8.00196800000,1259.00,6101.00,1.564000,2022,"Transit"
"HD 86264 b","HD 86264",149.2409308,-15.8953993,67.81070000,12.50000000,2.7630000000,1488.79123000000,247.01,6210.00,1.880000,2009,"Radial Velocity"
"HD 7449 b","HD 7449",18.6214650,-5.0479716,38.66200000,12.60000000,2.4380000000,1270.55195000000,183.23,6024.00,0.970000,2011,"Radial Velocity"
"HD 8673 b","HD 8673",21.5378455,34.5793389,37.86190000,12.30000000,2.9700000000,1644.69097000000,219.11,6389.05,1.502250,2009,"Radial Velocity"
"HD 127506 b","HD 127506",217.6848544,35.4546059,22.52790000,5.67000000,0.2870000000,65.78395000000,354.80,4595.32,0.735766,2022,"Radial Velocity"
"HD 135872 b","HD 135872",229.4213643,-5.2024735,82.42510000,12.80000000,4.1720000000,2422.32597000000,233.64,4992.00,3.930380,2022,"Radial Velocity"
"HD 86065 b","HD 86065",148.9256674,-18.1069385,40.36610000,12.50000000,15.9470000000,25775.78859000000,52.56,4927.56,0.780347,2022,"Radial Velocity"
"HD 88072 b","HD 88072",152.3467466,2.3710540,35.90980000,12.60000000,13.8950000000,18538.79293000000,76.03,5785.33,1.032000,2022,"Radial Velocity"
"HD 93351 b","HD 93351",161.6779279,-1.6885763,56.16300000,1.69000000,0.0350000000,2.45946000000,1330.76,5408.00,0.911435,2022,"Radial Velocity"
"TOI-2421 b","TOI-2421",33.1540208,-35.3909182,327.92700000,10.36830715,0.0543000000,4.34740320000,1534.00,5607.00,1.750000,2022,"Transit"
"HD 142 c","HD 142",1.5836771,-49.0753625,26.18530000,12.40000000,9.8110000000,10159.64279000000,116.56,6245.00,1.470000,2012,"Radial Velocity"
"TOI-2583 A b","TOI-2583 A",272.2670293,45.3368996,566.18900000,14.45958510,0.0571000000,4.52072650000,1456.00,5936.00,1.477000,2023,"Transit"
"OGLE-2018-BLG-1119L b","OGLE-2018-BLG-1119L",270.0292500,-32.3752778,5760.00000000,13.90000000,4.0600000000,,,,,2022,"Microlensing"
"KMT-2021-BLG-1554L b","KMT-2021-BLG-1554L",267.8034167,-31.8643611,7680.00000000,6.90000000,0.7200000000,,,,,2022,"Microlensing"
"TOI-2796 b","TOI-2796",84.1527191,0.8962788,350.34300000,17.26183028,0.0569000000,4.80849830000,1205.00,5764.00,1.069000,2023,"Transit"
"TOI-2096 b","TOI-2096",151.6186989,74.8272107,48.48090000,1.24300000,0.0250000000,3.11906330000,445.00,3300.00,0.235000,2023,"Transit"
"KMT-2021-BLG-1898L b","KMT-2021-BLG-1898L",265.6918750,-27.3758389,6900.00000000,14.00000000,1.9000000000,,,,,2022,"Microlensing"
"GJ 338 B b","GJ 338 B",138.5916722,52.6835211,6.33256000,3.25000000,0.1420000000,24.42200000000,391.00,4014.00,0.580000,2020,"Radial Velocity"
"TOI-2842 b","TOI-2842",108.0442066,-10.6393400,460.99500000,12.84549188,0.0475000000,3.55140580000,1471.00,5910.00,1.265000,2023,"Transit"
"TOI-4603 b","TOI-4603",83.8659288,21.2942417,225.64300000,11.67975789,0.0888000000,7.24599000000,1677.00,6264.00,2.738000,2023,"Transit"
"KMT-2021-BLG-0712L b","KMT-2021-BLG-0712L",269.2856667,-31.1844694,3090.00000000,6.91000000,2.2200000000,,,,,2023,"Microlensing"
"KMT-2021-BLG-0909L b","KMT-2021-BLG-0909L",265.6202083,-27.6391389,6480.00000000,13.70000000,1.7500000000,,,,,2023,"Microlensing"
"MASCARA-1 b","MASCARA-1",317.5515264,10.7388967,182.27300000,17.90074218,0.0403520000,2.14877381000,2594.30,7490.00,2.082000,2017,"Transit"
"K2-38 b","K2-38",240.0333095,-23.1894196,192.69000000,1.54000000,0.0499400000,4.01593000000,1266.00,5731.00,1.060000,2016,"Transit"
"TOI-3364 b","TOI-3364",144.5377709,-49.3352226,277.89900000,12.22899794,0.0675000000,5.87689180000,1264.00,5706.00,1.419000,2023,"Transit"
"KMT-2021-BLG-2478L b","KMT-2021-BLG-2478L",269.3092083,-29.1019694,2970.00000000,13.90000000,1.8500000000,,,,,2023,"Microlensing"
"KMT-2021-BLG-1105L b","KMT-2021-BLG-1105L",265.7322500,-25.5089111,4540.00000000,13.60000000,3.5400000000,,,,,2023,"Microlensing"
"K2-414 b","K2-414",351.6361913,-4.6066569,260.03600000,1.21900000,0.0487000000,4.36960000000,811.92,4343.00,0.732000,2022,"Transit"
"TOI-4582 b","TOI-4582",256.8601374,68.8656263,383.84600000,10.53644186,,31.03400000000,614.66,5190.00,2.500000,2023,"Transit"
"TOI-3688 A b","TOI-3688 A",39.2823371,54.8512152,396.37800000,13.08088048,0.0456000000,3.24607500000,1534.00,5950.00,1.302000,2023,"Transit"
"TOI-942 c","TOI-942",76.6496172,-20.2456126,152.60100000,4.67000000,0.0859800000,10.15627200000,772.63,4969.00,0.894000,2020,"Transit"
"TOI-733 b","TOI-733",159.4093183,-40.8882590,75.20920000,1.99200000,0.0618000000,4.88476500000,1055.80,5585.00,0.949000,2023,"Transit"
"Kepler-20 c","Kepler-20",287.6979913,42.3385782,282.56300000,2.89400000,0.0936000000,10.85407740000,828.00,5495.00,0.916400,2011,"Transit"
"HIP 21152 b","HIP 21152",68.0205209,5.4100745,43.40730000,12.00000000,17.0000000000,22000.00000000000,1300.00,6655.00,1.591860,2022,"Imaging"
"OGLE-2019-BLG-0468L c","OGLE-2019-BLG-0468L",266.4060000,-24.4472778,4400.00000000,12.50000000,2.7700000000,,,,,2022,"Microlensing"
"OGLE-2019-BLG-0468L b","OGLE-2019-BLG-0468L",266.4060000,-24.4472778,4400.00000000,13.10000000,3.2900000000,,,,,2022,"Microlensing"
"TOI-3976 A b","TOI-3976 A",224.3560083,44.2743223,516.08700000,12.27383387,0.0743000000,6.60766200000,1295.00,5975.00,1.501000,2023,"Transit"
"KMT-2017-BLG-1003L b","KMT-2017-BLG-1003L",265.4115000,-24.3739389,7090.00000000,2.13000000,1.3800000000,,,,,2023,"Microlensing"
"TOI-4087 b","TOI-4087",217.9257785,83.3727061,301.67600000,13.04725353,0.0446900000,3.17748350000,1458.00,6060.00,1.112000,2023,"Transit"
"TOI-942 b","TOI-942",76.6496172,-20.2456126,152.60100000,3.89000000,0.0486600000,4.32421000000,1120.00,4969.00,0.894000,2020,"Transit"
"KMT-2021-BLG-0240L b","KMT-2021-BLG-0240L",267.5772917,-30.0049694,6600.00000000,9.60000000,2.8000000000,,,,,2022,"Microlensing"
"KMT-2017-BLG-0673L b","KMT-2017-BLG-0673L",264.7570417,-33.8080278,5080.00000000,13.00000000,2.3400000000,,,,,2022,"Microlensing"
"KMT-2019-BLG-1367L b","KMT-2019-BLG-1367L",272.4713333,-29.7622111,4670.00000000,1.85000000,1.7000000000,,,,,2023,"Microlensing"
"OGLE-2017-BLG-1806L b","OGLE-2017-BLG-1806L",266.6232500,-24.2722694,6400.00000000,2.15000000,1.7500000000,,,,,2023,"Microlensing"
"TOI-4791 b","TOI-4791",109.3883818,-19.8289392,328.80200000,12.44196858,0.0555000000,4.28088000000,1472.00,6058.00,1.409000,2023,"Transit"
"EPIC 229004835 b","EPIC 229004835",186.4860415,-1.4047214,121.97100000,2.33200000,0.1237000000,16.14113200000,804.00,5868.00,0.999000,2023,"Transit"
"OGLE-2019-BLG-1053L b","OGLE-2019-BLG-1053L",270.1663750,-27.3415833,6800.00000000,1.38000000,3.4000000000,,,,,2021,"Microlensing"
"KMT-2019-BLG-2974L b","KMT-2019-BLG-2974L",267.8520833,-29.4231611,6100.00000000,11.40000000,2.0000000000,,,,,2022,"Microlensing"
"OGLE-2019-BLG-1470L AB c","OGLE-2019-BLG-1470L A",271.9492083,-27.0335556,5900.00000000,13.30000000,3.2000000000,,,,,2022,"Microlensing"
"HD 23472 b","HD 23472",55.4590314,-62.7672667,39.03410000,2.00000000,0.1162000000,17.66708700000,543.00,4684.00,0.710000,2019,"Transit"
"HD 191939 c","HD 191939",302.0256247,66.8503014,53.60890000,3.19500000,0.1752000000,28.57974300000,600.00,5348.00,0.940000,2020,"Transit"
"OGLE-2018-BLG-0506L b","OGLE-2018-BLG-0506L",267.6298333,-31.9240556,5600.00000000,4.18000000,3.0000000000,,,,,2022,"Microlensing"
"TIC 279401253 b","TIC 279401253",57.6572277,-15.0262251,285.58400000,11.20898070,0.3690000000,76.80000000000,486.37,5951.00,1.060000,2023,"Transit"
"HD 23472 c","HD 23472",55.4590314,-62.7672667,39.03410000,1.87000000,0.1646000000,29.79749000000,467.00,4684.00,0.710000,2019,"Transit"
"HD 23472 f","HD 23472",55.4590314,-62.7672667,39.03410000,1.13700000,0.0906000000,12.16218390000,630.00,4684.00,0.710000,2022,"Transit"
"OGLE-2019-BLG-1492L b","OGLE-2019-BLG-1492L",270.0964583,-28.6311389,5600.00000000,6.79000000,2.7000000000,,,,,2022,"Microlensing"
"TIC 279401253 c","TIC 279401253",57.6572277,-15.0262251,285.58400000,12.60000000,0.5910000000,155.30000000000,384.31,5951.00,1.060000,2023,"Transit"
"TOI-1811 b","TOI-1811",188.9223576,27.2143766,128.23000000,11.14172682,0.0438900000,3.71307650000,962.20,4766.00,0.769000,2023,"Transit"
"HD 23472 d","HD 23472",55.4590314,-62.7672667,39.03410000,0.75000000,0.0429800000,3.97664000000,909.00,4684.00,0.710000,2022,"Transit"
"HD 23472 e","HD 23472",55.4590314,-62.7672667,39.03410000,0.81800000,0.0680000000,7.90754000000,723.00,4684.00,0.710000,2022,"Transit"
"HATS-54 b","HATS-54",200.6348641,-44.6888393,748.58500000,11.37711541,0.0370000000,2.54417650000,1429.00,5621.00,1.230000,2019,"Transit"
"HD 45364 c","HD 45364",96.4105736,-31.4810037,34.35400000,14.20000000,0.9020000000,345.43000000000,261.82,5466.00,0.890000,2008,"Radial Velocity"
"KMT-2021-BLG-1253L b","KMT-2021-BLG-1253L",267.6172083,-29.2792806,6640.00000000,4.59000000,1.5200000000,,,,,2022,"Microlensing"
"TOI-2152 A b","TOI-2152",26.3389717,77.7901231,303.00600000,14.35870428,0.0506400000,3.37735120000,1802.00,6630.00,1.612000,2023,"Transit"
"NGTS-23 b","NGTS-23",70.4322947,-40.0445299,1074.95000000,14.20177855,0.0504000000,4.07643260000,1327.00,6057.00,1.240000,2022,"Transit"
"NGTS-24 b","NGTS-24",168.5638892,-37.9101328,683.06200000,13.60770257,0.0479000000,3.46787960000,1499.00,5820.00,1.640000,2022,"Transit"
"NGTS-25 b","NGTS-25",307.4182976,-39.0323568,521.23300000,11.46678726,0.0388000000,2.82309300000,1101.00,5321.00,0.860000,2022,"Transit"
"KMT-2021-BLG-1372L b","KMT-2021-BLG-1372L",264.4885417,-28.1483889,5970.00000000,9.12000000,2.3700000000,,,,,2022,"Microlensing"
"TOI-2497 b","TOI-2497",90.0625878,11.8840577,285.28900000,11.14172682,0.1166000000,10.65566900000,1595.00,7360.00,2.360000,2023,"Transit"
"TOI-5542 b","TOI-5542",302.7984228,-61.1354659,348.84900000,11.30986153,0.3320000000,75.12375000000,441.00,5700.00,1.058000,2022,"Transit"
"TOI-2338 b","TOI-2338",81.3445824,-34.6682491,313.99600000,11.20898070,0.1580000000,22.65398000000,799.00,5581.00,1.050000,2023,"Transit"
"KMT-2021-BLG-1077L b","KMT-2021-BLG-1077L",266.4891250,-33.8428111,8240.00000000,9.86000000,1.2600000000,,,,,2022,"Microlensing"
"PZ Tel b","PZ Tel",283.2745823,-50.1808952,47.06480000,11.90000000,27.0000000000,44000.00000000000,53.77,5169.00,1.256460,2023,"Imaging"
"KMT-2018-BLG-0030L b","KMT-2018-BLG-0030L",264.5166667,-28.0416250,6480.00000000,13.60000000,4.3900000000,,,,,2022,"Microlensing"
"MOA-2020-BLG-135L b","MOA-2020-BLG-135L",268.4235000,-29.8075667,7900.00000000,3.37000000,1.1100000000,,,,,2022,"Microlensing"
"TOI-2364 b","TOI-2364",89.1300265,-5.0120298,219.61400000,8.60849718,0.0487100000,4.01975170000,1091.00,5306.00,0.886000,2023,"Transit"
"OGLE-2018-BLG-0298L b","OGLE-2018-BLG-0298L",264.2845000,-29.7091111,6540.00000000,7.56000000,2.8600000000,,,,,2022,"Microlensing"
"TOI-969 c","TOI-969",115.1366858,2.0985879,77.25540000,12.40000000,2.5200000000,1700.00000000000,96.40,4435.00,0.671000,2022,"Radial Velocity"
"OGLE-2006-BLG-284L A b","OGLE-2006-BLG-284L A",269.6592500,-29.1366667,4000.00000000,14.30000000,2.1700000000,,,,,2020,"Microlensing"
"K2-3 d","K2-3",172.3353708,-1.4551364,44.07270000,1.45800000,0.2014000000,44.55603000000,305.20,3844.00,0.546000,2015,"Transit"
"K2-3 c","K2-3",172.3353708,-1.4551364,44.07270000,1.58200000,0.1357000000,24.64672900000,371.80,3844.00,0.546000,2015,"Transit"
"HD 111998 b","HD 111998",193.2953521,-3.5531133,33.22370000,12.90000000,1.9100000000,810.00000000000,275.49,6557.00,1.450000,2016,"Radial Velocity"
"HIP 70849 b","HIP 70849",217.3270762,-46.4646840,24.05720000,12.90000000,3.9900000000,3649.00000000000,78.85,4105.00,0.633112,2011,"Radial Velocity"
"HD 114783 c","HD 114783",198.1818436,-2.2649921,21.06280000,13.40000000,5.0000000000,4352.00000000000,101.53,5135.00,0.840622,2016,"Radial Velocity"
"Kepler-409 b","Kepler-409",293.6792058,46.8527337,68.17300000,1.19900000,0.3192000000,68.95832160000,438.00,5421.00,0.897000,2014,"Transit"
"Kepler-20 f","Kepler-20",287.6979913,42.3385782,282.56300000,0.95200000,0.1387000000,19.57832800000,681.00,5495.00,0.916400,2011,"Transit"
"KMT-2022-BLG-0440L b","KMT-2022-BLG-0440L",269.5835833,-32.2953056,3500.00000000,4.05000000,1.9000000000,,,,,2023,"Microlensing"
"TOI-411 c","HD 22946",54.8195380,-42.7630276,62.77920000,2.32800000,0.1017000000,9.57308300000,931.00,6169.00,1.117000,2022,"Transit"
"HD 140901 c","HD 140901",236.8689866,-37.9172333,15.25280000,13.40000000,11.8000000000,14386.00000000000,76.76,5610.00,0.950000,2022,"Radial Velocity"
"Kepler-102 c","Kepler-102",281.4824731,47.2078263,107.79600000,0.56700000,0.0670200000,7.07139200000,777.00,4909.00,0.724000,2014,"Transit"
"K2-416 b","K2-416",349.2211822,-5.2015032,120.31100000,2.66000000,0.0880000000,13.10200000000,447.00,3746.00,0.554000,2023,"Transit"
"TOI-411 b","HD 22946",54.8195380,-42.7630276,62.77920000,1.36200000,0.0572700000,4.04029500000,1241.00,6169.00,1.117000,2022,"Transit"
"HIP 54597 b","HIP 54597",167.6082179,-29.4143018,39.74290000,13.30000000,4.0000000000,3274.00000000000,94.00,4799.00,0.660000,2023,"Radial Velocity"
"HD 75302 b","HD 75302",132.3015641,3.4850141,30.32880000,12.80000000,5.3000000000,4356.00000000000,115.76,5697.46,0.940904,2023,"Radial Velocity"
"Kepler-68 c","Kepler-68",291.0323102,49.0402129,144.16600000,0.97900000,0.0900800000,9.60502700000,1052.00,5847.00,1.256400,2013,"Transit"
"MOA-2020-BLG-208L b","MOA-2020-BLG-208L",268.4325000,-32.5893111,7490.00000000,7.71000000,2.7400000000,,,,,2023,"Microlensing"
"HD 15906 b","HD 15906",38.2712534,-10.3521780,45.56210000,2.24000000,0.0900000000,10.92470900000,668.00,4757.00,0.762000,2023,"Transit"
"HIP 81208 C b","HIP 81208 C",248.8075000,-35.7247583,147.53300000,12.30000000,23.0400000000,104100.00000000000,2050.00,,,2023,"Imaging"
"HD 108202 b","HD 108202",186.4613189,-1.1109233,38.68460000,13.10000000,3.7000000000,2990.00000000000,93.04,4556.03,0.663550,2023,"Radial Velocity"
"Kepler-323 b","Kepler-323",291.3822988,38.1274595,454.88300000,1.38100000,0.0277800000,1.67832800000,1838.00,6004.00,1.120000,2014,"Transit"
"HD 15906 c","HD 15906",38.2712534,-10.3521780,45.56210000,2.93000000,0.1410000000,21.58329800000,532.00,4757.00,0.762000,2023,"Transit"
"TOI-622 b","TOI-622",125.3050544,-46.4842959,123.29700000,9.23620010,0.0708000000,6.40251300000,1388.00,6400.00,1.415000,2023,"Transit"
"TOI-4201 b","TOI-4201",90.4747237,-13.4613710,189.01100000,13.67495645,0.0400000000,3.58191940000,725.00,3794.00,0.630000,2023,"Transit"
"HD 99492 b","HD 99492",171.6896870,3.0071331,18.20380000,5.44000000,0.1200000000,17.05030000000,622.27,4929.00,0.822539,2004,"Radial Velocity"
"Kepler-454 b","Kepler-454",287.4786474,38.2290751,230.86900000,2.37000000,0.0952800000,10.57375340000,916.00,5687.00,1.066000,2015,"Transit"
"Kepler-109 b","Kepler-109",290.3926795,40.2849074,474.86100000,2.49000000,0.0701000000,6.48163070000,1276.00,5950.00,1.387000,2014,"Transit"
"GJ 1252 b","GJ 1252",306.9286462,-56.4622865,20.37300000,1.19300000,0.0091500000,0.51823310000,1090.00,3458.00,0.391000,2020,"Transit"
"HAT-P-2 c","HAT-P-2",245.1514324,41.0479601,127.77400000,12.40000000,,8500.00000000000,,6412.00,1.416000,2023,"Radial Velocity"
"TOI-4600 b","TOI-4600",258.4503674,64.5661727,216.05600000,6.80000000,0.3490000000,82.68690000000,347.00,5170.00,0.810000,2023,"Transit"
"TOI-858 B b","TOI-858 B",60.1998256,-54.5929177,250.48900000,14.06727078,0.0443500000,3.27971780000,1529.00,5842.00,1.308000,2023,"Transit"
"K2-36 b","K2-36",169.4490102,3.8665038,109.74900000,1.43000000,0.0228800000,1.42261400000,1328.00,4916.00,0.718000,2016,"Transit"
"K2-36 c","K2-36",169.4490102,3.8665038,109.74900000,3.20000000,0.0552800000,5.34088800000,854.00,4916.00,0.718000,2016,"Transit"
"Kepler-538 b","Kepler-538",297.4865503,49.6233975,155.95600000,2.21500000,0.3554000000,81.73778000000,417.00,5534.00,0.871700,2016,"Transit"
"TOI-1235 b","TOI-1235",152.2182549,69.2766204,39.63450000,1.69000000,0.0384500000,3.44471400000,775.00,3997.00,0.619000,2020,"Transit"
"TOI-1052 b","TOI-1052",337.5102738,-75.6465606,129.80400000,2.87000000,0.0910300000,9.13970300000,1135.00,6146.00,1.264000,2023,"Transit"
"K2-110 b","K2-110",207.3497402,-12.2849182,116.47400000,2.59200000,0.1020700000,13.86375000000,638.00,5010.00,0.713000,2017,"Transit"
"TOI-1634 c","TOI-1634",56.3906096,37.1122803,35.27360000,,,103.00000000000,,3472.00,0.450000,2022,"Radial Velocity"
"TOI-2018 b","TOI-2018",229.8374423,29.2078771,27.99560000,2.26800000,,7.43558300000,576.34,4174.00,0.620000,2023,"Transit"
"TOI-1052 c","TOI-1052",337.5102738,-75.6465606,129.80400000,6.48000000,0.2263000000,35.80600000000,719.00,6146.00,1.264000,2023,"Radial Velocity"
"TOI-519 b","TOI-519",124.6067582,-19.6627918,115.55700000,11.54525012,0.0159000000,1.26523280000,687.00,3322.00,0.350000,2021,"Transit"
"TOI-244 b","TOI-244",10.5697537,-36.7179743,22.03370000,1.52000000,0.0559000000,7.39722500000,458.00,3433.00,0.426000,2023,"Transit"
"TOI-2084 b","TOI-2084",259.2545389,72.7470231,114.54900000,2.47000000,0.0500600000,6.07842470000,527.00,3551.00,0.475000,2023,"Transit"
"TOI-4184 b","TOI-4184",43.8284749,-79.4147039,69.36490000,2.43000000,0.0336000000,4.90198040000,412.00,3238.00,0.234700,2023,"Transit"
"TOI-470 b","TOI-470",94.0099043,-25.0314111,130.46000000,4.34000000,0.1190000000,12.19148000000,660.00,5190.00,0.831000,2023,"Transit"
"TOI-1470 b","TOI-1470",10.0891431,61.2133868,51.95030000,2.18000000,0.0285000000,2.52709300000,734.00,3709.00,0.469000,2023,"Transit"
"Kepler-21 b","Kepler-21",287.3619673,38.7141384,108.52200000,1.63900000,0.0434000000,2.78582120000,2015.00,6305.00,1.902000,2012,"Transit"
"Kepler-78 b","Kepler-78",293.7419543,44.4482521,124.37600000,1.20100000,0.0090100000,0.35500745000,2223.00,5058.00,0.747500,2013,"Transit"
"WISE J033605.05-014350.4 b","WISE J033605.05-014350.4",54.0210417,-1.7306944,,12.60000000,0.9700000000,2560.00000000000,325.00,415.00,,2023,"Imaging"
"OGLE-2018-BLG-1126L b","OGLE-2018-BLG-1126L",268.3558750,-31.7247194,5700.00000000,4.41000000,3.2300000000,,,,,2022,"Microlensing"
"HD 6860 b","HD 6860",17.4329790,35.6204990,61.12469000,11.90000000,2.0300000000,663.87000000000,1196.06,3802.00,86.400000,2023,"Radial Velocity"
"TOI-1470 c","TOI-1470",10.0891431,61.2133868,51.95030000,2.47000000,0.1060000000,18.08816000000,373.00,3709.00,0.469000,2023,"Transit"
"K2-12 b","K2-12",173.1919022,2.2446794,326.38100000,2.44000000,0.0792000000,8.28246000000,1026.00,5672.00,1.117000,2015,"Transit"
"OGLE-2018-BLG-1212L b","OGLE-2018-BLG-1212L",271.0776250,-28.1940833,1550.00000000,9.32000000,1.6800000000,,,,,2022,"Microlensing"
"GJ 649 b","GJ 649",254.5363221,25.7419719,10.37960000,10.80000000,1.1120000000,600.10000000000,120.74,3734.00,0.500000,2009,"Radial Velocity"
"HD 36384 b","HD 36384",84.9319998,75.0439884,209.30900000,12.70000000,1.3000000000,490.00000000000,1032.58,3940.00,38.400000,2023,"Radial Velocity"
"MWC 758 c","MWC 758",82.6147199,25.3324076,159.53700000,,100.0000000000,,500.00,7314.00,2.014460,2023,"Imaging"
"K2-2016-BLG-0005L b","K2-2016-BLG-0005L",269.8798333,-27.6074722,5200.00000000,13.70000000,4.1600000000,4700.00000000000,,,,2023,"Microlensing"
"GJ 849 b","GJ 849",332.4229938,-4.6408317,8.80058000,13.90000000,2.3200000000,1925.31000000000,73.63,3467.00,0.450000,2006,"Radial Velocity"
"GJ 849 c","GJ 849",332.4229938,-4.6408317,8.80058000,13.80000000,4.9500000000,5990.00000000000,50.41,3467.00,0.450000,2014,"Radial Velocity"
"Kepler-68 b","Kepler-68",291.0323102,49.0402129,144.16600000,2.35700000,0.0613500000,5.39875259000,1275.00,5847.00,1.256400,2013,"Transit"
"Kepler-107 d","Kepler-107",297.0281620,48.2086019,525.99700000,0.86000000,0.0837700000,7.95839000000,1173.00,5854.00,1.447000,2014,"Transit"
"TOI-139 b","TOI-139",336.4024144,-34.9097131,42.40610000,2.45660000,,11.07085000000,561.17,4570.00,0.700700,2023,"Transit"
"HD 62364 b","HD 62364",113.9052658,-75.5442707,53.11200000,12.10000000,6.1500000000,5138.00000000000,143.96,6255.00,1.401000,2022,"Radial Velocity"
"BD-210397 b","BD-210397",33.3024198,-21.1962147,23.73240000,14.00000000,2.6300000000,1891.00000000000,104.11,4051.00,0.747000,2023,"Radial Velocity"
"KMT-2022-BLG-0371L b","KMT-2022-BLG-0371L",265.3619167,-34.6986694,7140.00000000,10.90000000,3.0200000000,,,,,2023,"Microlensing"
"WASP-79 b","WASP-79",66.3709016,-30.6004362,246.69000000,17.14974047,0.0519000000,3.66239200000,1716.20,6600.00,1.510000,2012,"Transit"
"Kepler-454 d","Kepler-454",287.4786474,38.2290751,230.86900000,13.30000000,5.1000000000,4073.00000000000,125.37,5687.00,1.066000,2023,"Radial Velocity"
"HD 74698 b","HD 74698",130.0744755,-71.8768726,52.06480000,5.12000000,0.1210000000,15.01700000000,925.57,5783.00,1.333000,2023,"Radial Velocity"
"HD 74698 c","HD 74698",130.0744755,-71.8768726,52.06480000,14.00000000,4.5000000000,3449.00000000000,151.77,5783.00,1.333000,2023,"Radial Velocity"
"GJ 9404 b","GJ 9404",184.8472095,28.3827126,23.88390000,3.48000000,0.0943000000,13.45860000000,473.50,3811.00,0.626041,2023,"Radial Velocity"
"GJ 832 b","GJ 832",323.3912616,-49.0125169,4.96435000,13.80000000,3.7000000000,3853.00000000000,57.84,3472.00,0.441557,2008,"Radial Velocity"
"Kepler-323 c","Kepler-323",291.3822988,38.1274595,454.88300000,1.57000000,0.0458000000,3.55382290000,1431.00,6004.00,1.120000,2014,"Transit"
"TOI-5803 b","TOI-5803",327.2487497,6.2781777,84.01260000,3.27320000,,5.38305000000,678.87,5134.00,0.762500,2023,"Transit"
"KMT-2019-BLG-1216L b","KMT-2019-BLG-1216L",268.4806250,-35.1366389,2740.00000000,5.98000000,2.4400000000,,,,,2023,"Microlensing"
"TOI-1680 b","TOI-1680",292.3139790,65.9738018,37.22090000,1.46600000,0.0314400000,4.80263450000,404.00,3225.00,0.210600,2023,"Transit"
"HD 100777 b","HD 100777",173.9646303,-4.7555425,49.53360000,13.70000000,1.0600000000,383.00000000000,264.28,5533.00,1.040000,2007,"Radial Velocity"
"HD 215497 c","HD 215497",341.6527140,-56.5997984,40.54680000,13.00000000,1.3100000000,566.00000000000,198.60,5113.00,0.850000,2009,"Radial Velocity"
"Kepler-107 c","Kepler-107",297.0281620,48.2086019,525.99700000,1.59700000,0.0606400000,4.90145200000,1378.00,5854.00,1.447000,2014,"Transit"
"K2-3 b","K2-3",172.3353708,-1.4551364,44.07270000,2.07800000,0.0747000000,10.05465350000,501.30,3844.00,0.546000,2015,"Transit"
"Kepler-107 b","Kepler-107",297.0281620,48.2086019,525.99700000,1.53600000,0.0454400000,3.18002180000,1592.00,5854.00,1.447000,2014,"Transit"
"Kepler-122 d","Kepler-122",291.1118647,39.9490248,1027.45000000,2.20000000,0.1550000000,21.58747500000,747.00,6050.00,1.216000,2014,"Transit"
"HD 167677 b","HD 167677",274.2067844,-11.4067857,54.32580000,13.20000000,2.8770000000,1820.00000000000,151.90,5474.00,0.952710,2023,"Radial Velocity"
"HD 165131 b","HD 165131",271.3444007,-21.6737039,57.42630000,12.10000000,3.5400000000,2342.60000000000,155.20,5870.00,1.064190,2023,"Radial Velocity"
"HIP 39017 b","HIP 39017",119.7665756,-4.3326006,66.32170000,12.00000000,22.1000000000,31000.00000000000,91.06,7201.00,1.519870,2024,"Imaging"
"Kepler-415 c","Kepler-415",293.8045041,38.6390517,530.48700000,2.01000000,0.0695000000,8.70800000000,543.00,4362.00,0.643000,2014,"Transit"
"omi UMa b","omi UMa",127.5649503,60.7177048,54.91490000,13.00000000,3.6910000000,1569.81000000000,473.88,5075.00,13.840000,2012,"Radial Velocity"
"omi CrB b","omi CrB",230.0350768,29.6160222,84.78830000,13.70000000,0.6990000000,187.01000000000,947.65,4769.00,11.870000,2012,"Radial Velocity"
"TOI-544 b","TOI-544",82.2900716,-0.3428983,41.11660000,2.01800000,0.0225000000,1.54835200000,999.00,4169.00,0.623000,2022,"Transit"
"Teegarden's Star d","Teegarden's Star",43.2691449,16.8649024,3.83078000,0.95400000,0.0791000000,26.13000000000,159.00,3034.00,0.120000,2024,"Radial Velocity"
"TOI-782 b","TOI-782",183.9203614,-18.9103377,52.51220000,2.73400000,0.0578000000,8.02400150000,435.00,3370.00,0.413000,2024,"Transit"
"HD 4732 c","HD 4732",12.3085089,-24.1369079,54.78410000,13.10000000,4.7250000000,3184.20000000000,243.69,4898.00,5.030000,2012,"Radial Velocity"
"HD 4732 b","HD 4732",12.3085089,-24.1369079,54.78410000,13.40000000,1.1290000000,371.74000000000,498.53,4898.00,5.030000,2012,"Radial Velocity"
"ome Ser b","ome Ser",237.5732422,2.1963040,76.75560000,14.00000000,0.8380000000,278.59000000000,824.94,4724.00,10.990000,2013,"Radial Velocity"
"TOI-2010 b","TOI-2010",292.1669417,53.4873694,109.19000000,11.81426566,0.5516000000,141.83402500000,400.20,5929.00,1.079000,2023,"Transit"
"TOI-1273 b","TOI-1273",214.1208564,58.3902534,177.11800000,11.09689089,0.0549000000,4.63129600000,1211.00,5690.00,1.060000,2024,"Transit"
"TOI-904 b","TOI-904",89.3712733,-83.1297264,46.08910000,2.42600000,0.0560000000,10.87720000000,429.43,3770.20,0.527000,2023,"Transit"
"KMT-2023-BLG-0469L b","KMT-2023-BLG-0469L",269.4067917,-28.7150611,7070.00000000,7.04000000,2.3100000000,,,,,2024,"Microlensing"
"HD 2952 b","HD 2952",8.2938367,54.8948177,110.10300000,13.90000000,1.1170000000,312.08000000000,731.02,4853.00,10.900000,2013,"Radial Velocity"
"TOI-2416 b","TOI-2416",57.3389409,-60.7871861,557.73300000,9.86390302,0.0831000000,8.27547900000,1080.00,5808.00,1.236000,2023,"Transit"
"TOI-2373 b","TOI-2373",61.6862197,-16.7557546,508.68600000,10.42435205,0.1120000000,13.33668000000,860.00,5651.00,1.102000,2023,"Transit"
"TOI-904 c","TOI-904",89.3712733,-83.1297264,46.08910000,2.16700000,0.3120000000,83.99970000000,217.26,3770.20,0.527000,2023,"Transit"
"TOI-4860 b","TOI-4860",183.5639610,-13.1748411,80.14230000,8.70000000,0.0180800000,1.52275910000,694.00,3260.00,0.358000,2023,"Transit"
"TOI-4633 c","TOI-4633",256.8431021,62.4755480,95.20160000,3.20000000,0.8470000000,271.94450000000,268.57,5800.00,1.050000,2024,"Transit"
"gam Lib b","gam Lib",233.8818636,-14.7895020,47.40170000,13.70000000,1.3190000000,414.88000000000,720.78,4879.00,12.380000,2018,"Radial Velocity"
"KMT-2021-BLG-1770L b","KMT-2021-BLG-1770L",270.4399583,-27.4186694,6920.00000000,12.10000000,0.9000000000,,,,,2023,"Microlensing"
"OGLE-2019-BLG-1180L b","OGLE-2019-BLG-1180L",269.2465417,-27.9754444,6070.00000000,13.50000000,5.1900000000,,,,,2023,"Microlensing"
"HD 47366 b","HD 47366",99.4200181,-12.9856593,84.35520000,13.40000000,1.2070000000,360.08000000000,577.05,4866.00,7.300000,2016,"Radial Velocity"
"HD 47366 c","HD 47366",99.4200181,-12.9856593,84.35520000,13.50000000,1.8400000000,677.53000000000,467.37,4866.00,7.300000,2016,"Radial Velocity"
"Kepler-100 e","Kepler-100",291.3861294,41.9901394,304.64500000,5.27000000,0.3123915860,60.88858800000,621.73,5884.00,1.500000,2023,"Radial Velocity"
"NGTS-27 b","NGTS-27",206.0265266,-32.5229747,942.12200000,15.64773706,0.0446000000,3.37041810000,1783.00,5700.00,1.770000,2024,"Transit"
"HD 134606 d","HD 134606",228.8103897,-70.5203328,26.79090000,7.59000000,1.9410000000,966.50000000000,207.68,5576.00,1.158000,2024,"Radial Velocity"
"HATS-2 b","HATS-2",176.7388264,-22.5630097,341.92500000,12.57647635,0.0231700000,1.35413379000,1550.00,5227.00,0.876000,2013,"Transit"
"gam Cep b","gam Cep",354.8358233,77.6331009,14.10240000,12.70000000,2.1300000000,913.00000000000,343.48,4775.00,4.740000,2003,"Radial Velocity"
"TOI-5398 c","TOI-5398",161.8795569,36.3294345,130.85500000,3.52000000,0.0570000000,4.77271000000,1242.00,6000.00,1.051000,2023,"Transit"
"HD 134606 f","HD 134606",228.8103897,-70.5203328,26.79090000,2.24000000,0.1784000000,26.91500000000,685.04,5576.00,1.158000,2024,"Radial Velocity"
"HD 134606 e","HD 134606",228.8103897,-70.5203328,26.79090000,1.33000000,0.0527000000,4.32030000000,1260.39,5576.00,1.158000,2024,"Radial Velocity"
"TOI-238 c","TOI-238",349.2310814,-18.6066463,80.54070000,2.18000000,0.0749000000,8.46565100000,696.00,5059.00,0.733000,2024,"Radial Velocity"
"2MASS J11550485-7919108 b","2MASS J11550485-7919108",178.7691634,-79.3197558,100.86200000,12.10000000,587.0000000000,,2506.00,3021.00,0.600455,2024,"Imaging"
"2MASS J21252752-8138278 b","2MASS J21252752-8138278",321.3662989,-81.6414894,34.11540000,12.40000000,7493.0000000000,,1616.00,3592.00,0.672832,2024,"Imaging"
"Kepler-1513 c","Kepler-1513",289.7917561,39.2852655,349.24700000,11.00000000,,841.40000000000,,5491.00,0.950000,2023,"Transit Timing Variations"
"HIP 66074 b","HIP 66074",203.1635632,75.0071038,35.44380000,12.90000000,0.7990000000,310.90000000000,192.69,4300.00,0.690000,2023,"Astrometry"
"HAT-P-19 b","HAT-P-19",9.5165832,34.7114025,202.07800000,11.29865255,0.0459900000,4.00878322000,981.20,4962.00,0.773000,2010,"Transit"
"Kepler-849 b","Kepler-849",290.8517961,48.5213243,822.13400000,8.08167508,1.1370000000,394.62508000000,362.70,5950.00,1.822000,2016,"Transit"
"TOI-1853 b","TOI-1853",211.4593468,16.9923703,165.10500000,3.46000000,0.0213000000,1.24362580000,1479.00,4985.00,0.808000,2023,"Transit"
"TOI-5126 b","TOI-5126",151.6597827,18.6340631,160.41400000,4.74000000,0.0651900000,5.45883850000,1442.00,6150.00,1.241000,2023,"Transit"
"Kepler-1513 b","Kepler-1513",289.7917561,39.2852655,349.24700000,8.59400000,0.5697100000,160.88420000000,346.00,5491.00,0.950000,2016,"Transit"
"HAT-P-51 b","HAT-P-51",21.0651251,32.8107000,440.08900000,13.50682174,0.0504200000,4.21802091000,1168.20,5453.00,0.995000,2015,"Transit"
"Kepler-553 c","Kepler-553",298.5508922,48.3325405,728.52500000,11.57887706,0.8980000000,328.24017000000,251.00,5191.00,0.902000,2016,"Transit"
"Kepler-111 c","Kepler-111",291.6531630,44.6882613,657.22300000,7.08407580,0.7510000000,224.77833000000,352.20,5914.00,1.145000,2014,"Transit"
"14 And b","14 And",352.8241500,39.2358367,75.43920000,13.10000000,0.7750000000,186.76000000000,909.92,4888.00,11.550000,2008,"Radial Velocity"
"18 Del b","18 Del",314.6078375,10.8391378,76.22200000,12.50000000,2.4760000000,982.85000000000,452.72,4980.00,8.800000,2008,"Radial Velocity"
"GJ 724 b","GJ 724",280.2383650,-13.3824997,16.96580000,3.27000000,0.0468500000,5.10128400000,611.00,3799.00,0.522260,2023,"Radial Velocity"
"KMT-2019-BLG-0335L b","KMT-2019-BLG-0335L",262.8401250,-29.5906889,7710.00000000,12.10000000,1.6400000000,,,,,2023,"Microlensing"
"Kepler-553 b","Kepler-553",298.5508922,48.3325405,728.52500000,4.74139884,0.0476600000,4.03046700000,1089.00,5191.00,0.902000,2016,"Transit"
"6 Lyn b","6 Lyn",97.6960311,58.1611753,54.65990000,13.40000000,2.0280000000,919.86000000000,371.86,4941.00,4.940000,2008,"Radial Velocity"
"4 UMa b","4 UMa",130.0528099,64.3280504,73.46030000,12.60000000,0.8770000000,270.27000000000,967.44,4415.00,18.110000,2006,"Radial Velocity"
"TOI-4641 b","TOI-4641",42.5582023,25.3335334,86.35010000,8.18255591,0.1730000000,22.09341000000,950.11,6560.00,1.720000,2023,"Transit"
"CI Tau c","CI Tau",68.4667685,22.8416192,157.99800000,13.00000000,0.1700000000,25.20000000000,610.62,3807.00,1.880857,2024,"Radial Velocity"
"TOI-1994 b","TOI-1994",147.1745753,-51.7565640,515.60300000,13.67495645,0.0613000000,4.03371420000,2290.00,7700.00,2.300000,2024,"Transit"
"TOI-4515 b","TOI-4515",21.1861778,21.5130638,193.49900000,12.17000000,0.1180000000,15.26644600000,705.00,5433.00,0.860000,2024,"Transit"
"M62H b","M62H",255.3074504,-30.1069833,,,,0.13293502800,,,,2024,"Pulsar Timing"
"HD 145457 b","HD 145457",242.5162215,26.7429068,135.29200000,13.20000000,0.7620000000,176.13000000000,826.81,4757.00,9.900000,2010,"Radial Velocity"
"HD 167042 b","HD 167042",272.6326268,54.2876184,49.66330000,13.60000000,1.2200000000,417.67000000000,462.08,4919.00,4.630000,2007,"Radial Velocity"
"LHS 1678 c","LHS 1678",68.1789866,-39.7908744,19.87820000,0.94100000,0.0327000000,3.69428400000,510.90,3490.00,0.329000,2021,"Transit"
"HD 173416 b","HD 173416",280.9005676,36.5568570,132.18400000,13.40000000,1.1580000000,322.03000000000,771.03,4683.00,13.500000,2008,"Radial Velocity"
"HD 32518 b","HD 32518",77.4037569,69.6391355,122.11500000,13.20000000,0.5940000000,157.35000000000,916.07,4580.00,10.220000,2009,"Radial Velocity"
"HS Psc b","HS Psc",24.3473790,26.9528036,37.66040000,13.60000000,0.0435000000,3.98600000000,783.44,4203.00,0.650000,2024,"Radial Velocity"
"HD 81688 b","HD 81688",142.1665753,45.6009241,85.71830000,13.50000000,0.6480000000,183.93000000000,958.66,4797.00,11.130000,2007,"Radial Velocity"
"kap CrB b","kap CrB",237.8080012,35.6558818,30.06510000,13.30000000,2.5000000000,1253.68000000000,319.32,4840.00,4.680000,2007,"Radial Velocity"
"KMT-2021-BLG-1547L b","KMT-2021-BLG-1547L",272.3995833,-29.0839389,5070.00000000,13.60000000,4.5000000000,,,,,2023,"Microlensing"
"TOI-4559 b","TOI-4559",211.0135378,-30.0141252,31.63540000,1.41500000,0.0359000000,3.96599100000,554.16,3558.00,0.374000,2024,"Transit"
"11 Com b","11 Com",185.1787793,17.7932516,93.18460000,12.20000000,1.1780000000,323.21000000000,803.26,4874.00,13.760000,2007,"Radial Velocity"
"nu Oph b","nu Oph",269.7566013,-9.7741342,46.21070000,12.00000000,1.7650000000,529.93000000000,620.57,4887.00,12.240000,2012,"Radial Velocity"
"TOI-4377 b","TOI-4377",164.9324709,-82.2213501,455.82000000,15.10970598,0.0579000000,4.37808100000,1162.08,4974.00,3.520000,2023,"Transit"
"KMT-2023-BLG-0416L b","KMT-2023-BLG-0416L",266.3240417,-25.0794889,5900.00000000,3.67000000,2.9600000000,,,,,2024,"Microlensing"
"HD 76920 b","HD 76920",133.8203530,-67.2653621,184.03100000,13.10000000,1.0910000000,415.89100000000,621.44,4664.00,8.330000,2017,"Radial Velocity"
"75 Cet b","75 Cet",38.0391598,-1.0350269,82.96130000,13.30000000,1.9120000000,696.62000000000,540.31,4809.00,10.380000,2012,"Radial Velocity"
"LHS 3154 b","LHS 3154",241.6367309,40.9068221,15.76060000,3.69000000,0.0226200000,3.71778000000,343.83,2861.00,0.140500,2023,"Radial Velocity"
"TOI-1269 b","TOI-1269",249.6966397,64.5591810,172.13800000,2.40144286,0.0496000000,4.25299130000,1004.90,5499.00,0.852100,2024,"Transit"
"Kepler-23 d","Kepler-23",294.2189131,49.4792536,835.75600000,2.20600000,0.1201200000,15.27000000000,896.00,5828.00,1.548000,2014,"Transit"
"TOI-3919 b","TOI-3919",208.9447534,40.3918061,604.59100000,12.31866979,0.0795000000,7.43323400000,1198.00,6100.00,1.319000,2024,"Transit"
"TOI-1288 b","TOI-1288",313.1670294,65.6087833,114.86500000,4.96846551,0.0374000000,2.69982790000,1203.44,5388.00,0.958300,2022,"Transit"
"GJ 238 b","GJ 238",98.4548810,-58.5250316,15.21420000,0.56600000,0.0212300000,1.74469990000,758.00,3485.00,0.431400,2024,"Transit"
"Kepler-49 c","Kepler-49",292.2945208,40.5918123,311.22200000,2.44400000,0.0782100000,10.91000000000,443.00,4095.60,0.618000,2012,"Transit"
"TOI-5301 b","TOI-5301",12.9908008,13.0783712,629.16100000,13.09208946,0.0730000000,5.85885800000,1648.00,6240.00,2.190000,2024,"Transit"
"TOI-5232 b","TOI-5232",294.3374248,35.2764934,609.38800000,12.77823800,0.0559300000,4.09666920000,1772.00,6500.00,1.785000,2024,"Transit"
"TOI-1410.01","TOI-1410",334.8828486,42.5603141,72.75120000,3.10083009,0.0207000000,1.21687000000,1236.70,4635.00,0.755800,2024,"Transit"
"TOI-1386 b","TOI-1386",334.5041029,54.3190454,146.85800000,6.21638650,0.1730000000,25.84010000000,615.03,5735.00,1.023500,2024,"Transit"
"TOI-6029 b","TOI-6029",8.3862555,61.8607659,603.11900000,14.39233122,,5.79870000000,1484.00,6223.00,2.338000,2024,"Transit"
"OGLE-2017-BLG-0448L b","OGLE-2017-BLG-0448L",268.6686250,-31.0319167,7530.00000000,4.08000000,5.7500000000,,,,,2024,"Microlensing"
"Kepler-128 c","Kepler-128",282.4922622,43.9802442,396.37900000,1.52100000,0.1651700000,22.80000000000,843.00,6072.00,1.659000,2013,"Transit"
"TOI-1451 b","TOI-1451",186.5242821,61.2589289,91.93620000,2.61143902,0.1270000000,16.53794400000,723.33,5801.00,1.016200,2024,"Transit"
"TIC 4672985 b","TIC 4672985",38.4706782,-10.6573827,253.38500000,11.50041420,0.3300000000,69.04800000000,517.20,5757.00,1.150000,2024,"Transit"
"TOI-5218 b","TOI-5218",292.6634642,71.7629612,377.48300000,9.86000000,0.0469000000,4.29145200000,783.00,4230.00,0.708000,2024,"Transit"
"Kepler-305 d","Kepler-305",299.2242557,40.3431670,868.47700000,2.76000000,0.1209100000,16.74000000000,576.00,5090.00,0.792000,2014,"Transit"
"TOI-1601 b","TOI-1601",38.3615690,41.0134321,336.60800000,14.19902343,0.0690000000,5.33175000000,1493.97,5982.00,2.195000,2021,"Transit"
"TOI-1444 b","TOI-1444",305.4749252,70.9437054,125.46300000,1.41792246,0.0116000000,0.47027430000,2130.02,5460.00,0.910500,2021,"Transit"
"TOI-1736 b","TOI-1736",43.4344615,69.1013450,88.94820000,3.18175535,0.0730000000,7.07307600000,1099.79,5636.00,1.428600,2023,"Transit"
"TOI-5634 A b","TOI-5634 A",175.6436366,20.9652921,306.14400000,10.42000000,0.0272000000,2.20353730000,837.00,3896.00,0.540000,2024,"Transit"
"TOI-1683.01","TOI-1683",65.9796504,27.8223701,51.18840000,2.63820000,0.0365075930,3.05753560000,929.25,4402.00,0.700000,2024,"Transit"
"TOI-1298 b","TOI-1298",241.3229012,70.1900397,319.03600000,9.65807033,0.0570000000,4.53714300000,1278.00,5752.00,1.453600,2021,"Transit"
"TOI-1751 b","TOI-1751",243.4888534,63.5335297,113.33500000,2.95078450,0.2150000000,37.46852000000,651.64,5970.00,1.313700,2024,"Transit"
"K2-419 A b","K2-419 A",135.0194934,13.2737056,268.68500000,10.55000000,0.1208000000,20.35847252000,377.00,3711.00,0.541000,2024,"Transit"
"TOI-2095 b","TOI-2095",285.6365235,75.4185135,41.91760000,1.25000000,0.1010000000,17.66484000000,347.00,3759.00,0.440000,2023,"Transit"
"HIP 97166 b","HIP 97166",296.2446203,74.0628577,65.95010000,2.48013380,0.0910000000,10.28891400000,701.66,5216.00,0.841800,2021,"Transit"
"TOI-1776 b","TOI-1776",164.7772913,40.9837182,44.64700000,1.21612741,0.0378000000,2.79986800000,1269.21,5785.00,0.935600,2024,"Transit"
"Kepler-963 c","Kepler-963",296.7529742,45.0411049,771.49400000,0.60000000,,0.91978300000,,5169.47,0.928000,2024,"Transit"
"OGLE-2023-BLG-0836L b","OGLE-2023-BLG-0836L",267.1868750,-23.7415194,5120.00000000,12.90000000,3.7000000000,,,,,2024,"Microlensing"
"BD-14 3065 b","BD-14 3065 A",153.6696689,-15.6428372,589.42300000,21.59000000,0.0656000000,4.28897310000,2001.00,6935.00,2.350000,2024,"Transit"
"HIP 97166 c","HIP 97166",296.2446203,74.0628577,65.95010000,2.75000000,0.1240000000,16.43200000000,642.00,5216.00,0.841800,2021,"Radial Velocity"
"TOI-1794 b","TOI-1794",203.3974857,49.0608433,155.79100000,3.29701268,0.0820000000,8.76552800000,992.91,5631.00,1.316200,2024,"Transit"
"2MASS J03590986+2009361 b","2MASS J03590986+2009361",59.7911026,20.1599759,117.43500000,12.20000000,572.0000000000,,2369.00,2943.00,0.289776,2024,"Imaging"
"TOI-663 c","TOI-663",160.0658525,-8.5110827,64.23080000,2.26000000,0.0437000000,4.69555070000,553.00,3681.00,0.512000,2024,"Transit"
"TOI-1246 c","TOI-1246",251.1158702,70.4299917,169.42200000,2.45109846,0.0610000000,5.90413700000,862.49,5213.00,0.864900,2022,"Transit"
"TOI-1842 b","TOI-1842",201.9626552,9.0306437,223.46500000,12.34850230,0.1000000000,9.57391810000,1199.55,6039.00,2.032000,2021,"Transit"
"TOI-1824 b","TOI-1824",197.7312286,61.7448492,59.43140000,2.74382690,0.1510000000,22.80853300000,528.67,5165.00,0.812300,2024,"Transit"
"HIP 77900 b","HIP 77900",238.6253901,-27.3387434,150.86200000,12.10000000,3319.0000000000,,2507.00,13646.00,,2024,"Imaging"
"2MASS J11011926-7732383 b","2MASS J11011926-7732383",165.3295388,-77.5440912,,11.90000000,266.0000000000,,2677.00,,,2024,"Imaging"
"SPECULOOS-3 b","SPECULOOS-3",312.3632611,33.6123832,,0.97700000,0.0073300000,0.71912603000,553.00,2800.00,0.123000,2024,"Transit"
"KMT-2023-BLG-1431L b","KMT-2023-BLG-1431L",271.1835417,-29.7439194,6800.00000000,3.76000000,3.2000000000,,,,,2024,"Microlensing"
"TOI-3071 b","TOI-3071",173.2790517,-56.5033871,485.21900000,7.16000000,0.0249000000,1.26693800000,2155.00,6177.00,1.310000,2024,"Transit"
"TOI-1246 e","TOI-1246",251.1158702,70.4299917,169.42200000,3.51418750,0.2120000000,37.92548000000,463.98,5213.00,0.864900,2022,"Transit"
"TOI-2019 b","TOI-2019",234.4317651,48.9552060,198.00700000,5.33275337,0.1280000000,15.34440000000,917.46,5626.00,1.745700,2024,"Transit"
"TIC 139270665 c","TIC 139270665",124.0338967,33.2914532,189.87500000,12.90000000,2.0000000000,1010.00000000000,200.00,5844.00,1.016000,2024,"Radial Velocity"
"HD 48948 b","HD 48948",102.4898110,60.3373133,16.90430000,2.06000000,0.0652000000,7.34013000000,957.00,4593.00,0.679000,2024,"Radial Velocity"
"HD 93963 A c","HD 93963 A",162.7766969,25.6410650,82.34320000,3.11976057,0.0472600000,3.64513890000,1212.45,5908.00,1.031100,2022,"Transit"
"HD 93963 A b","HD 93963 A",162.7766969,25.6410650,82.34320000,1.46954368,0.0206100000,1.03761090000,1842.23,5908.00,1.031100,2022,"Transit"
"TOI-815 c","TOI-815",155.8719377,-43.8349248,59.71170000,2.62000000,0.1930000000,34.97614500000,469.00,4869.00,0.770000,2024,"Transit"
"HD 48948 c","HD 48948",102.4898110,60.3373133,16.90430000,2.60000000,0.1951000000,38.06000000000,553.00,4593.00,0.679000,2024,"Radial Velocity"
"HD 48948 d","HD 48948",102.4898110,60.3373133,16.90430000,3.24000000,0.4894000000,151.92000000000,349.00,4593.00,0.679000,2024,"Radial Velocity"
"HIP 8152 c","HIP 8152",26.2092533,-18.4013844,101.69400000,2.52442508,0.1390000000,19.60562000000,650.68,5618.00,0.960300,2023,"Transit"
"HIP 8152 b","HIP 8152",26.2092533,-18.4013844,101.69400000,2.53625843,0.0930000000,10.75101400000,794.96,5618.00,0.960300,2023,"Transit"
"TOI-1669 b","TOI-1669",45.9564744,83.5874273,111.27600000,14.10000000,1.2700000000,500.00000000000,241.72,5497.00,1.056100,2023,"Radial Velocity"
"OGLE-2014-BLG-0221L b","OGLE-2014-BLG-0221L",270.3037500,-27.4267639,3680.00000000,12.90000000,3.7600000000,,,,,2024,"Microlensing"
"TOI-329 b","TOI-329",351.3210955,-15.6346313,284.38800000,4.94057819,0.0638000000,5.70439000000,1213.02,5614.00,1.532600,2024,"Transit"
"TOI-480 b","TOI-480",88.3784618,-16.2653974,54.53060000,2.85372018,0.0770000000,6.86619600000,1198.94,6174.00,1.487700,2024,"Transit"
"TOI-1410 c","TOI-1410",334.8828486,42.5603141,72.75120000,5.63000000,0.2390000000,47.56000000000,397.45,4635.00,0.755800,2024,"Radial Velocity"
"TOI-757 b","TOI-757",187.9948428,-35.5544523,60.34180000,2.50000000,0.1220000000,17.46819000000,641.00,5278.00,0.780000,2024,"Transit"
"GJ 900 b","GJ 900 A",353.7526177,1.6055211,20.80650000,12.40000000,12000.0000000000,,1.48,3976.00,0.716187,2024,"Imaging"
"TOI-1450 A c","TOI-1450 A",286.8540627,59.0866254,22.44670000,1.13000000,,5.06880000000,533.00,3437.00,0.483000,2024,"Transit"
"TOI-1855 b","TOI-1855",205.3539534,17.6868719,176.83300000,18.49481816,0.0239800000,1.36414864000,1701.00,5359.00,1.041000,2024,"Transit"
"TOI-3261 b","TOI-3261",47.7285242,-73.5319720,300.14100000,3.82000000,0.0171400000,0.88313310000,1722.00,5068.00,0.849000,2024,"Transit"
"TOI-669 b","TOI-669",158.9007013,-5.1813735,142.86700000,2.58606487,0.0480000000,3.94515200000,1124.85,5597.00,0.988200,2023,"Transit"
"HD 25463 b","HD 25463",60.7483361,9.2077676,45.61810000,2.54535814,0.0760000000,7.04914230000,1198.46,6353.00,1.418200,2023,"Transit"
"HD 73344 b","HD 73344",129.6894456,23.6852651,35.26000000,2.88400000,0.1310000000,15.61100000000,911.00,6252.60,1.220000,2024,"Transit"
"TOI-2368 b","TOI-2368",134.9576234,-48.4884929,210.91500000,10.83908434,0.0564900000,5.17500730000,1000.00,5360.00,0.846000,2024,"Transit"
"TOI-2107 b","TOI-2107",286.7965405,-58.6968348,236.70500000,13.57407563,0.0351500000,2.45454670000,1397.00,5627.00,0.932000,2024,"Transit"
"TOI-1248 b","TOI-1248",259.0235918,63.1056072,168.73500000,6.80848590,0.0510000000,4.36015610000,952.09,5205.00,0.868600,2024,"Transit"
"TOI-837 b","TOI-837",157.0372806,-64.5052107,142.48800000,9.16894621,0.0888000000,8.32491130000,995.30,5995.00,1.052000,2020,"Transit"
"SWEEPS-11 b","SWEEPS-11",269.7583333,-29.1981944,8500.00000000,12.66600000,0.0300000000,1.79600000000,,,1.450000,2006,"Transit"
"Kepler-24 c","Kepler-24",290.4132621,38.3437283,1156.81000000,2.51400000,0.1061200000,12.33000000000,915.00,6028.00,1.099000,2011,"Transit"
"Kepler-57 b","Kepler-57",293.6413146,44.6570692,644.14000000,3.13500000,0.0598800000,5.72000000000,850.00,5187.90,0.826000,2012,"Transit"
"TOI-3894 b","TOI-3894",201.3748265,52.7681036,417.36500000,15.27784069,0.0535400000,4.33454000000,1531.00,6000.00,1.502000,2024,"Transit"
"TOI-3321 b","TOI-3321",265.7603351,-65.0082516,285.89500000,15.55806521,0.0470000000,3.65251450000,1616.00,5850.00,1.549000,2024,"Transit"
"TOI-1744.01","TOI-1744",294.2910707,60.8813020,114.39000000,2.68000000,0.1640860000,22.34170292700,598.00,6179.00,1.140000,2024,"Transit"
"K2-360 c","EPIC 201595106",183.7203635,1.9681688,232.10000000,4.02000000,0.0883000000,9.79692000000,912.00,5679.00,0.980000,2024,"Radial Velocity"
"WASP-132 b","WASP-132",217.6091998,-46.1595160,122.91000000,10.09929161,0.0674000000,7.13351640000,682.00,4686.00,0.758000,2016,"Transit"
"TOI-469.01","TOI-469",93.0578446,-14.6493167,68.19200000,3.41000000,0.1110000000,13.63082050000,716.00,5289.00,0.980000,2021,"Transit"
"K2-260 b","K2-260",76.8673317,16.8676948,663.83400000,18.41635529,0.0439200000,2.62669762000,2090.00,6860.00,1.755000,2018,"Transit"
"K2-237 b","K2-237",253.7688479,-28.7105836,314.99500000,16.06246934,0.0355200000,2.18053332000,1759.00,6180.00,1.236000,2018,"Transit"
"TOI-1772.01","TOI-1772",156.8377040,34.3909497,97.75620000,2.90500000,0.0783750000,8.05424687400,877.67,5583.00,0.995000,2024,"Transit"
"WASP-132 c","WASP-132",217.6091998,-46.1595160,122.91000000,1.84100000,0.0183300000,1.01153624000,1329.00,4686.00,0.758000,2022,"Transit"
"BD-17 63 b","BD-17 63",7.1413494,-16.2273254,34.46030000,12.80000000,1.3400000000,655.57000000000,168.92,4714.00,0.740000,2008,"Radial Velocity"
"K2-261 b","K2-261",163.0323119,0.4931670,213.28300000,9.26982704,0.1086000000,11.63346810000,1036.00,5490.00,1.663000,2018,"Transit"
"K2-321 b","K2-321",156.4054989,2.5138829,77.68880000,2.05124347,0.0283900000,2.29797490000,830.00,3750.00,0.595000,2020,"Transit"
"TOI-1777.01","TOI-1777",151.8070320,46.1148814,79.76650000,2.24600000,0.1194660000,14.65011197400,580.00,5859.00,0.980000,2024,"Transit"
"HD 20794 d","HD 20794",49.9997666,-43.0666533,6.00278000,2.04000000,0.3625000000,89.68000000000,388.00,5368.00,0.930000,2011,"Radial Velocity"
"HD 175167 b","HD 175167",285.0033888,-69.9450664,71.08630000,12.30000000,2.4000000000,1175.00000000000,232.03,5635.00,1.750000,2009,"Radial Velocity"
"Kepler-289 d","Kepler-289",297.4653351,42.8828517,704.43800000,3.03000000,0.3300000000,66.02820000000,502.81,5990.00,1.000000,2014,"Transit"
"Kepler-289 c","Kepler-289",297.4653351,42.8828517,704.43800000,11.23000000,0.5015500000,125.87230000000,394.00,5990.00,1.000000,2014,"Transit"
"K2-167 b","K2-167",336.5761233,-18.0116650,80.89940000,2.36509493,0.0932000000,9.97854100000,1220.00,6310.00,1.499000,2018,"Transit"
"K2-265 b","K2-265",342.0316493,-14.4947789,138.67100000,1.70824866,0.0335900000,2.36902000000,1366.00,5420.00,0.920000,2018,"Transit"
"Kepler-289 b","Kepler-289",297.4653351,42.8828517,704.43800000,2.49000000,0.2118300000,34.53830000000,607.00,5990.00,1.000000,2014,"Transit"
"KELT-24 b","KELT-24",161.9090273,71.6557270,96.51730000,12.71098411,0.0665000000,5.55149296000,1391.00,6426.00,1.338000,2019,"Transit"
"TOI-3568 b","TOI-3568",322.6023682,34.7395805,197.90600000,5.30000000,0.0485000000,4.41796500000,899.00,4969.00,0.719000,2024,"Transit"
"K2-57 b","K2-57",342.6918241,-14.0700007,264.21300000,2.30905002,0.0752000000,9.00730000000,635.80,4413.00,0.671000,2016,"Transit"
"K2-54 b","K2-54",338.0541631,-17.5440636,174.95500000,2.61169250,0.0761000000,9.78330000000,560.00,3990.00,0.643000,2016,"Transit"
"TOI-4638.01","TOI-4638",12.8206627,12.7879858,168.24800000,2.93300000,0.0930130000,10.28391878700,779.83,5700.00,0.895000,2024,"Transit"
"TOI-5076 b","TOI-5076",50.5104166,17.2392094,82.85700000,3.48935569,0.1481000000,23.44316200000,550.00,4780.00,0.844000,2024,"Transit"
"K2-77 b","K2-77",55.2285210,12.5724480,141.73100000,2.49960270,0.0753000000,8.20008440000,806.00,5160.00,0.792000,2016,"Transit"
"K2-180 b","K2-180",126.4643579,10.2465770,203.89600000,2.46597575,0.0756000000,8.86566300000,797.50,5365.00,0.719000,2018,"Transit"
"TOI-2458 c","TOI-2458",79.6215290,1.2534390,112.95800000,3.18000000,0.1290000000,16.55300000000,922.76,6005.00,1.310000,2024,"Radial Velocity"
"K2-97 b","K2-97",127.7628370,10.8475571,878.43000000,13.45077684,0.0854000000,8.40711500000,1566.00,4673.00,4.140000,2016,"Transit"
"K2-182 b","K2-182",130.1800460,10.9829509,154.83000000,2.71257333,0.0517400000,4.73696960000,965.80,5128.00,0.789000,2018,"Transit"
"NGTS-33 b","NGTS-33",107.8333348,-35.8505185,437.85500000,18.38272835,0.0480000000,2.82797200000,1991.00,7437.00,1.470000,2024,"Transit"
"Kepler-105 b","Kepler-105",287.8872376,46.2761224,459.22300000,2.53000000,0.0601600000,5.41220340000,1418.00,5933.00,1.026000,2013,"Transit"
"TOI-2537 b","TOI-2537",54.3882661,10.0577464,184.98600000,11.25381662,0.3715000000,94.10220000000,338.00,4870.00,0.771000,2024,"Transit"
"K2-98 b","K2-98",126.4882114,11.5110933,518.62500000,5.06645928,0.0986000000,10.13673490000,1185.00,6260.00,1.518000,2016,"Transit"
"K2-114 b","K2-114",127.8829120,11.9222550,475.75800000,10.59248676,0.0944000000,11.39093100000,701.40,4899.00,0.832000,2017,"Transit"
"TOI-4994 b","TOI-4994",283.1325335,-78.4344302,329.30400000,8.54124329,0.1515000000,21.49198400000,717.60,5640.00,1.055000,2024,"Transit"
"Kepler-105 c","Kepler-105",287.8872376,46.2761224,459.22300000,1.44000000,0.0722900000,7.12592000000,997.00,5933.00,1.026000,2014,"Transit"
"TOI-2295 c","TOI-2295",281.5761962,50.4924657,126.27900000,12.80000000,2.0180000000,966.50000000000,234.90,5730.00,1.459000,2024,"Radial Velocity"
"TOI-5110 b","TOI-5110",94.4042694,31.6103309,392.25900000,11.98240037,0.2157000000,30.15857700000,976.00,6160.00,2.333000,2024,"Transit"
"TOI-2537 c","TOI-2537",54.3882661,10.0577464,184.98600000,12.70000000,2.7800000000,1920.00000000000,123.10,4870.00,0.771000,2024,"Radial Velocity"
"MOA-2008-BLG-310L b","MOA-2008-BLG-310L",268.5605420,-34.7780528,7700.00000000,5.18000000,1.1000000000,,,,,2009,"Microlensing"
"K2-115 b","K2-115",126.5535002,12.2818510,413.59100000,11.80305668,0.1415000000,20.27299140000,696.00,5870.00,0.855000,2017,"Transit"
"K2-277 b","K2-277",202.0161895,-15.9379749,113.12300000,2.18575124,0.0664000000,6.32676800000,1049.00,5680.00,0.973000,2018,"Transit"
"TOI-406 c","TOI-406",49.2626428,-42.2441492,31.05970000,1.32000000,0.0322000000,3.30744100000,584.00,3392.00,0.410000,2024,"Transit"
"TOI-5005 b","TOI-5005",238.1081940,-48.1451000,207.89100000,6.25000000,0.0661400000,6.30850440000,1040.00,5749.00,0.930000,2024,"Transit"
"HD 86728 b","HD 86728",150.2500540,31.9218216,14.92020000,3.03000000,0.1916000000,31.15150000000,687.36,5610.00,1.237000,2025,"Radial Velocity"
"KMT-2021-BLG-2609L b","KMT-2021-BLG-2609L",263.5188750,-27.5969389,7480.00000000,3.17000000,2.3000000000,,,,,2024,"Microlensing"
"TOI-5688 A b","TOI-5688 A",266.9231001,47.7050486,226.31800000,10.30000000,0.0337900000,2.94815527000,742.00,3713.00,0.570000,2024,"Transit"
"HD 222237 b","HD 222237",354.9078642,-72.7253271,11.44690000,12.80000000,10.8000000000,14892.00000000000,58.74,4751.00,0.710000,2024,"Radial Velocity"
"HD 21520 b","HD 21520",51.6403449,-43.6136649,79.20800000,2.69700000,0.1726000000,25.12920000000,637.00,5871.00,1.044000,2024,"Transit"
"TOI-2768 b","TOI-2768",99.3641336,-15.4812031,78.45250000,2.63000000,0.0270000000,1.50801000000,855.00,4008.00,0.657000,2024,"Transit"
"TOI-1174 b","TOI-1174",209.2171751,68.6182106,94.63750000,2.56200000,0.0799400000,8.95348768300,713.83,5030.00,0.760000,2024,"Transit"
"TOI-2981 b","TOI-2981",163.4873940,-25.5245988,527.78900000,13.40000000,0.0480000000,3.60150100000,1358.00,5940.00,1.080000,2024,"Transit"
"TOI-1180 b","TOI-1180",214.5557741,82.1937642,72.02380000,3.07200000,0.0807990000,9.68676037800,638.18,4738.00,0.730000,2024,"Transit"
"OGLE-2016-BLG-1800L b","OGLE-2016-BLG-1800L",269.9032083,-30.8653611,6480.00000000,13.20000000,1.8800000000,,,,,2024,"Microlensing"
"TOI-5713 b","TOI-5713",208.4587323,52.6027628,40.86680000,1.77000000,0.0600800000,10.44198900000,347.20,3225.00,0.299200,2024,"Transit"
"TOI-6002 b","TOI-6002",299.6142524,32.2871702,32.02660000,1.65000000,0.0572200000,10.90482100000,321.40,3229.00,0.243200,2024,"Transit"
"HD 135694 b","HD 135694",227.8678636,71.8412965,73.87130000,2.85700000,0.1246950000,15.92347556800,750.83,5712.00,1.080000,2023,"Transit"
"TOI-1295 b","TOI-1295",256.6722026,67.8715032,388.22700000,15.69257298,0.0470000000,3.19688380000,2360.00,6280.00,1.700000,2024,"Transit"
"TOI-6130 b","TOI-6130",339.2050832,16.8271941,220.88200000,14.34749530,0.0360000000,2.39267900000,1750.00,6110.00,1.510000,2024,"Transit"
"TOI-1437 b","TOI-1437",256.1387513,56.8425490,103.29700000,2.24000000,0.1400000000,18.84094200000,794.23,6008.00,1.170000,2024,"Transit"
"HD 183579 b","HD 183579",293.2866147,-54.5327284,57.26510000,3.49000000,0.1322000000,17.47129100000,752.00,5784.00,0.960000,2021,"Transit"
"KMT-2023-BLG-1866L b","KMT-2023-BLG-1866L",273.4822500,-28.4473889,6210.00000000,1.43000000,2.6300000000,,,,,2024,"Microlensing"
"K2-203 b","K2-203",12.7736909,-1.1958844,166.14700000,1.26549392,0.0824000000,9.69520000000,738.40,5026.00,0.765000,2018,"Transit"
"TOI-6651 b","TOI-6651",15.7885904,35.3890405,212.12800000,5.09000000,0.0633000000,5.05697300000,1493.00,5940.00,1.721000,2024,"Transit"
"TOI-1630.01","TOI-1630",352.0166759,75.5526069,66.09290000,2.41700000,0.1011510000,12.05573473300,584.00,5504.00,0.830000,2024,"Transit"
"TOI-1467 b","TOI-1467",19.1146441,49.2331382,37.44180000,1.92000000,0.0507480000,5.97114713000,506.07,3834.00,0.491000,2024,"Transit"
"TOI-1659.01","TOI-1659",277.9251938,82.3059487,122.49400000,2.25500000,0.0657570000,5.87755632800,1031.14,5977.00,1.006000,2024,"Transit"
"HD 101581 c","HIP 56998",175.2563039,-44.4041485,12.77810000,0.99000000,0.0573000000,6.20401000000,747.00,4675.00,0.630000,2025,"Transit"
"K2-208 b","K2-208",20.7789809,0.8890076,256.88700000,1.67462172,0.0487800000,4.19097000000,1122.00,5500.00,0.872000,2018,"Transit"
"TOI-1716.01","TOI-1716",105.0833291,56.8241941,104.15800000,3.14300000,0.0804960000,8.08237655400,959.00,5879.00,1.240000,2024,"Transit"
"TOI-6038 A b","TOI-6038 A",51.6572691,40.8172704,179.14700000,6.41000000,0.0690000000,5.82673110000,1439.00,6110.00,1.648000,2025,"Transit"
"HIP 116454 b","HIP 116454",353.9543517,0.4447043,62.44910000,2.46900000,0.0792000000,9.10041570000,753.20,5048.00,0.758000,2014,"Transit"
"TOI-2420 b","TOI-2420",14.8268138,-19.7711643,435.17400000,15.02003414,0.0684000000,5.84264100000,1571.60,5707.00,2.369000,2024,"Transit"
"K2-225 b","K2-225",186.5410958,-9.6248232,357.77800000,3.60929179,0.1409000000,15.87230000000,923.00,5520.00,1.700000,2018,"Transit"
"TOI-1739 b","TOI-1739",240.1724810,83.2586589,70.98190000,1.94600000,0.0738720000,8.30334140600,755.55,4814.00,0.781000,2024,"Transit"
"HD 73344 d","HD 73344",129.6894456,23.6852651,35.26000000,13.20000000,6.7000000000,5823.00000000000,126.51,6148.00,1.220000,2025,"Radial Velocity"
"TOI-2485 b","TOI-2485",205.2043217,22.9839692,397.95300000,12.13932610,0.1093000000,11.23479000000,1134.00,6016.40,1.720000,2024,"Transit"
"K2-7 b","K2-7",167.0937488,-1.0658550,738.55300000,4.03523305,0.1867000000,28.67810000000,786.00,5700.00,1.533000,2015,"Transit"
"HD 118203 c","HD 118203",203.5099560,53.7281876,92.25890000,12.40000000,6.2800000000,5103.00000000000,146.00,5742.00,2.040000,2024,"Radial Velocity"
"TOI-4734 b","TOI-4734",90.3581219,12.5478825,563.06800000,10.91754720,0.0740000000,6.23563300000,1468.00,6070.00,1.857000,2025,"Transit"
"TOI-1453 c","TOI-1453",258.2232705,57.1977779,78.74150000,2.22400000,,6.58869820000,819.80,4975.00,0.720000,2025,"Transit"
"TOI-3493 b","TOI-3493",205.7990331,-22.5854441,96.72240000,3.22000000,,8.15946670000,1102.00,5844.00,1.228000,2025,"Transit"
"TOI-2969 b","TOI-2969",150.0626247,-47.4452436,163.99600000,12.32987877,0.0261000000,1.82371460000,1186.00,4738.00,0.700000,2025,"Transit"
"TOI-5300 b","TOI-5300",356.4811370,0.4587978,162.51000000,9.86390302,0.0295000000,2.26219600000,1043.00,4610.00,0.650000,2025,"Transit"
"TOI-4794 b","TOI-4794",110.4835517,-12.5654781,543.00800000,14.35870428,0.0492000000,3.56581160000,1673.00,6390.00,1.451000,2025,"Transit"
"TOI-2443 b","TOI-2443",40.1798608,1.1996757,23.92580000,2.36300000,0.1050000000,15.66858000000,519.00,4375.00,0.631000,2023,"Transit"
"OGLE-2016-BLG-0007L b","OGLE-2016-BLG-0007L",268.3560417,-29.6422500,4300.00000000,1.09000000,10.1000000000,14200.00000000000,,,,2025,"Microlensing"
"TOI-5340 b","TOI-5340",59.3094816,22.3783373,532.62900000,15.07607904,0.0628000000,4.93943920000,1566.00,5990.00,1.842000,2025,"Transit"
"AT2021ueyL b","AT2021ueyL",324.5450417,26.4665694,1040.00000000,13.60000000,4.0100000000,4168.69000000000,,3680.00,,2025,"Microlensing"
"Kepler-10 c","Kepler-10",285.6792980,50.2414842,185.50600000,2.35500000,0.2410000000,45.29430100000,579.00,5708.00,1.065000,2011,"Transit"
"TOI-2407 b","TOI-2407",49.7465450,-46.4580250,92.43660000,4.26000000,0.0330000000,2.70296900000,705.00,3530.00,0.567000,2025,"Transit"
"TOI-5386 A b","TOI-5386 A",226.1069193,60.5362318,394.48600000,14.70618268,0.0485600000,3.62156552000,1488.00,6094.00,1.245000,2025,"Transit"
"TOI-2015 c","TOI-2015",232.1326528,27.3610730,47.34440000,2.93000000,0.0412320000,5.58279600000,448.00,3297.00,0.327300,2025,"Transit Timing Variations"
"TOI-2015 b","TOI-2015",232.1326528,27.3610730,47.34440000,3.30900000,0.0293220000,3.34823700000,530.90,3297.00,0.327300,2023,"Transit"
"GJ 3998 b","GJ 3998",259.0020507,11.0561751,18.14590000,1.39000000,0.0300000000,2.65033000000,733.50,3726.00,0.500000,2016,"Radial Velocity"
"TOI-1117 b","TOI-1117",273.6020606,-66.4199742,167.59800000,2.46000000,0.0330000000,2.22816000000,1538.00,5635.00,1.050000,2025,"Transit"
"GJ 3998 c","GJ 3998",259.0020507,11.0561751,18.14590000,2.50000000,0.0900000000,13.72700000000,423.49,3726.00,0.500000,2016,"Radial Velocity"
"TOI-640 b","TOI-640",99.7345935,-36.6461300,341.99700000,19.27944680,0.0660800000,5.00377700000,1816.00,6460.00,2.082000,2021,"Transit"
"K2-157 d","K2-157",183.7514959,-5.7820178,298.37300000,5.16000000,0.3090000000,66.50000000000,429.10,5334.00,0.860000,2025,"Radial Velocity"
"TOI-1117 c","TOI-1117",273.6020606,-66.4199742,167.59800000,2.91000000,0.0534000000,4.57900000000,1210.00,5635.00,1.050000,2025,"Radial Velocity"
"TOI-1117 d","TOI-1117",273.6020606,-66.4199742,167.59800000,3.27000000,0.0817000000,8.66500000000,978.00,5635.00,1.050000,2025,"Radial Velocity"
"Proxima Cen d","Proxima Cen",217.3934657,-62.6761821,1.30119000,0.69200000,0.0288100000,5.12338000000,282.00,2900.00,0.141000,2025,"Radial Velocity"
"Proxima Cen b","Proxima Cen",217.3934657,-62.6761821,1.30119000,1.02000000,0.0484800000,11.18465000000,218.00,2900.00,0.141000,2016,"Radial Velocity"
"LP 261-75 b","LP 261-75 A",147.7685281,35.9685562,33.92800000,12.10000000,450.0000000000,,1500.00,3138.00,0.308000,2006,"Imaging"
"TIC 88785435 b","TIC 88785435",224.2838576,-30.8800273,122.38600000,5.03000000,0.0843200000,10.50884300000,635.00,3998.00,0.911000,2025,"Transit"
"TOI-1238 c","TOI-1238",201.3823387,68.8360678,70.71450000,2.11000000,0.0370000000,3.29473600000,695.00,4089.00,0.580000,2022,"Transit"
"TOI-1238 b","TOI-1238",201.3823387,68.8360678,70.71450000,1.21000000,0.0139000000,0.76459700000,1133.00,4089.00,0.580000,2022,"Transit"
"KOI-1843.03","Kepler-974",285.0131082,40.2209547,134.31100000,0.61000000,0.0050000000,0.17689130000,1654.00,3584.00,0.450000,2013,"Transit"
"TOI-5143 c","TOI-5143",165.3651202,5.1394812,181.38000000,16.25302201,0.0560200000,5.20971180000,904.48,5183.00,0.852000,2025,"Transit"
"TOI-1803 b","TOI-1803",178.0461054,35.1718001,119.24000000,2.99000000,0.0600000000,6.29328700000,747.00,4687.00,0.715000,2025,"Transit"
"TOI-5882 b","TOI-5882",311.8886385,34.7374918,416.10400000,11.46678726,0.0804000000,7.14897200000,1515.00,5920.00,2.260000,2025,"Transit"
"TOI-4465 b","TOI-4465",276.1340312,15.8418856,121.13900000,14.01122587,0.4160000000,101.94054000000,427.00,5545.00,1.014000,2025,"Transit"
"TOI-1478 b","TOI-1478",126.4337428,-13.5595485,152.89200000,11.99360935,0.0818000000,10.18021170000,918.00,5597.00,1.048000,2021,"Transit"
"HIP 67851 b","HIP 67851",208.4653640,-35.3146536,64.11810000,13.70000000,0.4200000000,89.23000000000,840.72,4840.00,5.450000,2015,"Radial Velocity"
"HIP 67851 c","HIP 67851",208.4653640,-35.3146536,64.11810000,12.70000000,4.5500000000,3128.41000000000,255.43,4840.00,5.450000,2015,"Radial Velocity"
"TOI-2346 b","TOI-2346",88.0929073,-13.3724686,437.48400000,16.11851425,0.0473000000,3.33120290000,1689.00,6480.00,1.380000,2025,"Transit"
"HD 94890 b","HD 94890",164.1797804,-37.1383035,61.70120000,13.30000000,2.0700000000,824.61000000000,533.83,4867.00,10.710000,2025,"Radial Velocity"
"HD 87816 b","HD 87816",151.5296524,-52.1878679,133.23300000,12.70000000,1.6180000000,484.17000000000,567.39,4989.00,9.000000,2025,"Radial Velocity"
"TOI-2886 b","TOI-2886",110.0076569,-10.5698414,413.67300000,18.64053490,0.0287100000,1.60200105000,1978.00,6240.00,1.241000,2025,"Transit"
"TOI-2876 b","TOI-2876",110.2473528,-21.1146384,225.74400000,9.63972340,0.0654000000,6.29964310000,929.00,5271.00,0.873000,2025,"Transit"
"TOI-2986 b","TOI-2986",163.7715605,-6.4784524,563.14900000,9.29224500,0.0448900000,3.27836620000,1622.00,5906.00,1.458000,2025,"Transit"
"WASP-116 b","WASP-116",35.2157609,-1.8260419,559.24300000,13.67495645,0.0650000000,6.61320000000,1414.00,6250.00,1.426000,2025,"Transit"
"HD 102888 b","HD 102888",177.6545263,-27.2779074,126.48400000,12.80000000,1.0500000000,252.06000000000,688.63,4990.00,8.600000,2025,"Radial Velocity"
"HD 94890 c","HD 94890",164.1797804,-37.1383035,61.70120000,12.50000000,4.3300000000,2492.19000000000,369.10,4867.00,10.710000,2025,"Radial Velocity"
"TOI-3135 b","TOI-3135",207.8592276,-69.7725635,221.67300000,13.65253849,0.0475600000,3.70655850000,1292.00,5890.00,0.985000,2025,"Transit"
"Gaia-4 b","Gaia-4",209.5063762,31.6954898,73.48290000,12.40000000,,571.30000000000,,4034.00,0.624000,2025,"Astrometry"
"WASP-188 b","WASP-188",278.7819771,36.6156327,675.28100000,14.81827249,0.0720000000,5.74891600000,1666.00,6850.00,1.830000,2025,"Transit"
"WASP-154 b","WASP-154",327.7191734,-8.6359458,215.50100000,10.76062147,0.0440000000,3.81167800000,994.00,4774.00,0.823000,2025,"Transit"
"TIC 434398831 b","TIC 434398831",93.9592639,16.0238459,217.01100000,3.51000000,0.0464100000,3.68550400000,1250.00,5638.00,0.909000,2025,"Transit"
"TOI-3464 b","TOI-3464",234.4830357,-44.7899772,597.77400000,13.76462830,0.0515000000,3.65155680000,1693.00,6370.00,1.560000,2025,"Transit"
"HR 858 c","HR 858",42.9849779,-30.8140609,31.96400000,1.97900000,0.0687000000,5.97386500000,1309.00,6354.00,1.258000,2019,"Transit"
"WASP-197 b","WASP-197",160.6307133,28.1986255,483.67500000,14.44837612,0.0650000000,5.16722800000,1665.00,6050.00,2.112000,2025,"Transit"
"WASP-102 b","WASP-102",336.4643016,15.8566392,535.68900000,14.90794433,0.0410000000,2.70981300000,1671.00,5990.00,1.375000,2025,"Transit"
"TOI-3486 b","TOI-3486",249.4432035,-59.3051077,154.71500000,10.57006880,0.0313800000,2.21778105000,1190.00,4930.00,0.788000,2025,"Transit"
"TOI-2328 b","TOI-2328",31.6907424,-81.2473760,231.78200000,9.97599282,0.1270000000,17.10197000000,842.00,5525.00,0.900000,2025,"Transit"
"TOI-3837 b","TOI-3837",152.6662832,24.2731213,311.70500000,10.87271128,0.0990000000,11.88865000000,1178.00,5905.00,1.200000,2025,"Transit"
"Gl 410 b","Gl 410",165.6604212,21.9669164,11.93240000,2.83000000,0.0531000000,6.02000000000,592.44,3842.00,0.543000,2025,"Radial Velocity"
"HD 219666 b","HD 219666",349.5592665,-56.9039857,94.17190000,4.89800000,0.0635600000,6.03446800000,1076.00,5540.00,1.059000,2018,"Transit"
"TOI-3682 b","TOI-3682",50.2752271,25.2972658,404.21100000,12.80065596,0.0480000000,3.34624060000,1657.00,5703.00,1.735000,2025,"Transit"
"TOI-6628 b","TOI-6628",225.8370504,-35.2305793,320.52700000,10.98480109,0.1340000000,18.18424000000,833.00,5463.00,1.010000,2025,"Transit"
"Kepler-289 e","Kepler-289",297.4653351,42.8828517,704.43800000,2.94000000,0.9342000000,330.07160000000,286.00,5990.00,0.985000,2025,"Transit"
"KMT-2022-BLG-2076L b","KMT-2022-BLG-2076L",268.0511250,-29.0279306,5570.00000000,13.90000000,5.6700000000,,,,,2025,"Microlensing"
"TOI-4214 b","TOI-4214",110.2495104,-13.9262649,346.88100000,10.68215861,0.0501800000,3.49138850000,1642.00,6370.00,1.434000,2025,"Transit"
"GJ 581 c","GJ 581",229.8564725,-7.7226935,6.29810000,2.50000000,0.0718000000,12.92110000000,346.13,3500.00,0.302000,2007,"Radial Velocity"
"G 192-15 c","G 192-15",90.6220931,49.8619390,9.53114000,3.87000000,1.1370000000,1219.00000000000,55.90,2999.00,0.170718,2025,"Radial Velocity"
"G 268-110 b","G 268-110",16.2236880,-18.1248020,,1.13000000,0.0128300000,1.43263000000,534.00,,0.177000,2025,"Radial Velocity"
"TOI-2449 b","TOI-2449",67.9843710,-34.4555327,156.78600000,11.24000000,0.4500000000,106.14468000000,400.00,6021.00,1.065000,2025,"Transit"
"KMT-2024-BLG-2242L b","KMT-2024-BLG-2242L",268.4150000,-29.5603111,7620.00000000,3.82000000,0.8900000000,,,,,2025,"Microlensing"
"GJ 508.2 b","GJ 508.2",200.2443854,34.2776644,16.63740000,,4.8500000000,5300.00000000000,59.30,3720.00,0.530000,2025,"Radial Velocity"
"GJ 3512 c","GJ 3512",130.3316616,59.4918364,9.48637000,14.30000000,1.7310000000,2354.00000000000,42.92,3141.00,0.139000,2020,"Radial Velocity"
"HD 28471 b","HD 28471",66.2875166,-64.0786861,43.64550000,1.75000000,0.0420000000,3.16490000000,1377.00,5766.00,1.080000,2025,"Radial Velocity"
"HD 28471 c","HD 28471",66.2875166,-64.0786861,43.64550000,2.26000000,0.0650000000,6.12450000000,1066.00,5766.00,1.080000,2025,"Radial Velocity"
"NGTS-32 b","NGTS-32",223.8576228,-18.4323191,837.45700000,15.91675259,0.0440000000,3.31211000000,1750.00,5680.00,1.850000,2025,"Transit"
"HD 143811 AB b","HD 143811 A",240.8891972,-30.1371574,136.60800000,15.69257298,63.0000000000,117000.00000000000,1042.00,6791.00,1.683980,2025,"Imaging"
"AF Lep b","AF Lep",81.7699216,-11.9011752,26.85640000,13.00000000,8.9960000000,8905.00000000000,1400.00,6140.00,1.250000,2023,"Imaging"
"TOI-238 b","TOI-238",349.2310814,-18.6066463,80.54070000,1.55900000,0.0212000000,1.27309900000,1378.00,5059.00,0.756000,2024,"Transit"
"HD 152843 b","HD 152843",253.7848853,20.4915240,107.89800000,3.05000000,0.1049000000,11.62071000000,1003.11,6310.00,1.430000,2021,"Transit"
"MOA-2022-BLG-033L b","MOA-2022-BLG-033L",272.8756667,-25.0530806,1840.00000000,3.52000000,2.1500000000,,,,,2025,"Microlensing"
"HD 28471 d","HD 28471",66.2875166,-64.0786861,43.64550000,2.06000000,0.1000000000,11.68100000000,945.00,5766.00,1.080000,2025,"Radial Velocity"
"HD 152843 c","HD 152843",253.7848853,20.4915240,107.89800000,5.94000000,0.1482000000,19.50210400000,253.08,6310.00,1.430000,2021,"Transit"
"KMT-2023-BLG-1896L b","KMT-2023-BLG-1896L",271.0317500,-26.9589194,5490.00000000,4.19000000,2.8600000000,,,,,2025,"Microlensing"
"KMT-2023-BLG-0119L b","KMT-2023-BLG-0119L",266.8150417,-34.5721889,5410.00000000,11.00000000,3.1400000000,,,,,2025,"Microlensing"
"TOI-6054.02","TOI-6054",56.3370070,60.3509170,79.40700000,2.82000000,0.1079000000,12.56363600000,1143.00,6047.00,1.662000,2024,"Transit"
"WASP-110 b","WASP-110",305.8724366,-44.0587001,274.96000000,13.19297028,,3.77840220000,1158.00,5392.00,0.853000,2021,"Transit"
"K2-233 d","K2-233",230.4799011,-20.2317975,67.50620000,2.36300000,0.1516000000,24.36810000000,525.00,4796.00,0.710000,2018,"Transit"
"K2-233 c","K2-233",230.4799011,-20.2317975,67.50620000,1.27200000,0.0664000000,7.06024000000,794.00,4796.00,0.710000,2018,"Transit"
"BEBOP-4 AB b","BEBOP-4 A",192.5772651,26.1595358,234.29400000,,3.6340000000,1823.50000000000,239.44,5701.43,2.756450,2025,"Radial Velocity"
"2MASS J22501512+2325342 b","2MASS J22501512+2325342",342.5634097,23.4259058,57.23090000,11.90000000,518.0000000000,,1600.00,3352.00,0.437589,2018,"Imaging"
"WASP-4 b","WASP-4",353.5629149,-42.0617794,267.20600000,15.12091496,0.0226100000,1.33823099400,1653.00,5436.00,0.912000,2007,"Transit"
"Kepler-391 b","Kepler-391",290.6218844,51.0573453,869.23600000,2.50000000,0.0830000000,7.41750000000,930.00,5038.00,2.879000,2014,"Transit"
"GJ 251 b","GJ 251",103.7002499,33.2664632,5.58057000,1.79000000,0.0808000000,14.23700000000,336.00,3342.00,0.360000,2020,"Radial Velocity"
"TOI-1438 b","TOI-1438",280.9237844,74.9378327,110.51300000,3.04000000,0.0553000000,5.13967000000,971.00,5230.00,0.820000,2025,"Transit"
"GJ 536 c","GJ 536",210.2597264,-2.6522901,10.40920000,2.30000000,0.1617000000,32.76100000000,290.50,3641.00,0.529000,2025,"Radial Velocity"
"TOI-1438 c","TOI-1438",280.9237844,74.9378327,110.51300000,2.75000000,0.0830000000,9.42808900000,794.00,5230.00,0.820000,2025,"Transit"
"Kepler-391 c","Kepler-391",290.6218844,51.0573453,869.23600000,2.88000000,0.1640000000,20.50100000000,662.00,5038.00,2.879000,2014,"Transit"
"TOI-756 b","TOI-756",192.1037380,-45.4704709,86.17590000,2.81000000,0.0180000000,1.23924950000,934.00,3657.00,0.505000,2025,"Transit"
"TOI-756 c","TOI-756",192.1037380,-45.4704709,86.17590000,13.00000000,0.4390000000,149.40000000000,194.00,3657.00,0.505000,2025,"Radial Velocity"
"HD 224018 d","HD 224018",358.6390056,-4.7233362,105.48000000,2.40000000,0.5300000000,138.07310000000,411.00,5784.00,1.147000,2025,"Transit"
"TOI-2141 c","TOI-2141",258.7623456,18.3403449,77.68200000,2.35000000,0.0585000000,5.46240000000,1095.00,5635.00,0.950000,2025,"Radial Velocity"
"TOI-6448 b","TOI-6448",110.1704109,-33.9223285,386.87900000,8.47398941,0.1310000000,14.84426100000,745.00,5910.00,0.897000,2025,"Transit"
"K2-214 b","K2-214",14.8759777,4.2277722,300.64000000,2.51000000,0.0834000000,8.59656000000,1001.00,5875.00,1.236000,2018,"Transit"
"51 Eri b","51 Eri",69.4007424,-2.4738245,29.75750000,,10.4000000000,9100.00000000000,807.00,7422.00,1.450000,2015,"Imaging"
"TOI-1203.01","TOI-1203",168.2267358,-34.4069371,64.99430000,2.91800000,0.1632000000,25.50267200000,743.60,5737.00,1.179000,2021,"Transit"
"TOI-2093 c","TOI-2093",302.7375229,70.8696532,82.79820000,2.30000000,0.2570000000,53.81149000000,329.00,4426.00,0.729000,2025,"Transit"
"KMT-2024-BLG-1209L b","KMT-2024-BLG-1209L",261.6129583,-28.1205611,3930.00000000,13.20000000,2.5100000000,,,,,2025,"Microlensing"
"HD 135344 A b","HD 135344 A",228.9538416,-37.1489176,141.59500000,16.25302201,16.5000000000,,1585.00,9540.00,1.500000,2025,"Imaging"
"K2-10 b","K2-10",172.1216476,1.6906217,272.36000000,3.77300000,0.1370000000,19.30553000000,649.00,5533.00,0.956000,2015,"Transit"
"TOI-1203 b","TOI-1203",168.2267358,-34.4069371,64.99430000,1.52000000,0.0486900000,4.15728880000,1361.20,5737.00,1.179000,2025,"Radial Velocity"
"TOI-1203 c","TOI-1203",168.2267358,-34.4069371,64.99430000,2.20000000,,13.07660000000,,5737.00,1.179000,2025,"Radial Velocity"
"HIP 18606 b","HIP 18606",59.7181058,-5.4706979,47.02880000,14.00000000,1.6100000000,674.94000000000,405.91,4860.00,4.830000,2025,"Radial Velocity"
"HIP 111909 c","HIP 111909",340.0304354,-49.5985391,88.07700000,13.90000000,1.9700000000,893.63000000000,357.64,4891.00,4.530000,2025,"Radial Velocity"
"TIC 257060897 b","TIC 257060897",227.5321527,72.7103128,505.70300000,17.26183028,0.0492200000,3.66003639000,1775.00,5993.00,1.863000,2021,"Transit"
"OGLE-2016-BLG-1266L b","OGLE-2016-BLG-1266L",267.8535833,-29.7422500,3080.00000000,12.40000000,0.4300000000,,,,,2018,"Microlensing"
"BD+37 3172 b","BD+37 3172",278.8155071,38.1153886,454.25100000,12.40000000,4.6500000000,1887.76000000000,713.25,4500.00,50.240000,2023,"Radial Velocity"
"TOI-654.01","TOI-654",164.7245509,-5.5475446,57.75530000,2.37800000,0.0194400000,1.52756100000,794.00,3521.00,0.430000,2024,"Transit"
"K2-37 b","K2-37",243.4509662,-24.7870527,179.94300000,1.39000000,0.0510500000,4.44340000000,949.00,5352.00,0.809000,2016,"Transit"
"K2-37 d","K2-37",243.4509662,-24.7870527,179.94300000,2.31000000,0.1102000000,14.09229000000,646.00,5352.00,0.809000,2016,"Transit"
"K2-55 b","K2-55",333.7518786,-17.2508002,159.52200000,4.43000000,0.0348600000,2.84927100000,900.00,4300.00,0.715000,2016,"Transit"
"TOI-5261 b","TOI-5261",305.4585453,19.4358468,377.05400000,11.60129502,0.0513400000,4.15097680000,1244.00,5790.00,1.021000,2025,"Transit"
"TOI-4773 b","TOI-4773",114.9426489,-21.4856184,492.88800000,15.22179579,0.0321600000,1.74528510000,2255.00,6740.00,1.550000,2025,"Transit"
"BD+42 2315 b","BD+42 2315",187.5887597,41.2695674,610.71500000,14.20000000,0.5400000000,123.05000000000,1247.58,4500.00,17.850000,2023,"Radial Velocity"
"Ross 176 b","Ross 176",305.6897438,47.3086191,46.44880000,1.84000000,0.0464000000,5.00663380000,682.00,4041.00,0.569000,2025,"Transit"
"K2-62 c","K2-62",334.3645089,-12.1874776,112.46700000,1.99000000,0.1148000000,16.19697000000,495.00,4455.00,0.696000,2016,"Transit"
"K2-61 b","K2-61",339.6748444,-13.5600447,405.73200000,1.92000000,0.0392000000,2.57336000000,1325.00,5748.00,0.995000,2016,"Transit"
"TOI-6420 b","TOI-6420",125.5443036,-19.1242852,634.71200000,11.93756445,0.0753000000,6.96150800000,1213.00,6020.00,1.312000,2025,"Transit"
"TOI-5350 b","TOI-5350",74.4023015,21.6019759,277.41900000,12.41955062,0.0796000000,7.58136700000,1195.00,6220.00,1.263000,2025,"Transit"
"TOI-5817 b","TOI-5817",322.3777987,21.4745270,80.75420000,3.08000000,0.1223000000,15.61031000000,950.00,5770.00,1.427000,2025,"Transit"
"K2-73 b","K2-73",335.0256620,-9.0560881,269.18300000,2.58000000,0.0761900000,7.49556000000,968.00,5867.00,1.058000,2016,"Transit"
"TOI-5799 b","TOI-5799",301.6301790,15.9891418,27.81230000,1.73300000,0.0348000000,4.16450700000,505.00,3452.00,0.321000,2024,"Transit"
"TOI-1346 b","TOI-1346",256.6226752,68.8433031,115.45000000,2.39000000,,1.76225380000,1324.00,5099.00,0.780000,2025,"Transit"
"TOI-1346 c","TOI-1346",256.6226752,68.8433031,115.45000000,2.23000000,,5.50255800000,928.00,5099.00,0.780000,2025,"Transit"
"K2-105 b","K2-105",125.4202985,13.4975122,197.98900000,3.40000000,0.0796000000,8.26726000000,805.00,5373.00,0.905000,2017,"Transit"
"TOI-5799 c","TOI-5799",301.6301790,15.9891418,27.81230000,1.76000000,0.0782000000,14.01044900000,337.00,3452.00,0.321000,2025,"Transit"
"TOI-6223 b","TOI-6223",355.9505977,33.0672361,133.12200000,5.07000000,0.0401800000,3.85521900000,714.00,3895.00,0.576000,2025,"Transit"
"KOI-351 g","KOI-351",284.4334642,49.3051239,848.25400000,7.71800000,0.7170400000,210.73514000000,342.00,6031.13,1.185000,2013,"Transit"
"HD 63433 c","HD 63433",117.4793699,27.3631342,22.40350000,2.69200000,0.1460000000,20.54382810000,678.92,5553.00,0.934000,2020,"Transit"
"HD 17156 b","HD 17156",42.4366123,71.7530882,78.08630000,12.26262489,0.1632000000,21.21642940000,888.00,6046.00,1.517000,2007,"Radial Velocity"
"TOI-6000 b","TOI-6000",292.6062979,68.1545924,75.76640000,0.94000000,,0.44895900000,1120.00,3419.00,0.380000,2025,"Transit"
"K2-189 c","K2-189",203.6214411,-15.0365158,242.11300000,2.31000000,0.0680000000,6.67932000000,877.00,5442.00,0.879000,2018,"Transit"
"KMT-2024-BLG-0404L b","KMT-2024-BLG-0404L",271.1470833,-27.9535000,7210.00000000,11.90000000,0.8500000000,,,,,2025,"Microlensing"
"KMT-2024-BLG-1281L b","KMT-2024-BLG-1281L",270.1693750,-32.7142500,7180.00000000,4.59000000,1.9600000000,,,,,2025,"Microlensing"
"GJ 317 b","GJ 317",130.2445254,-23.4528090,15.19680000,13.30000000,1.1380000000,695.69000000000,100.32,3496.00,0.403000,2007,"Radial Velocity"
"TOI-6303 b","TOI-6303",46.7806502,40.1471740,152.21900000,11.59000000,0.0761000000,9.48523600000,541.00,3977.00,0.609000,2025,"Transit"
"LHS 1903 d","LHS 1903",107.8658260,48.3279327,35.69170000,2.50000000,0.0860400000,12.56628700000,442.00,3664.00,0.539000,2026,"Transit"
"LHS 1903 e","LHS 1903",107.8658260,48.3279327,35.69170000,1.73200000,0.1513500000,29.31773000000,333.00,3664.00,0.539000,2026,"Transit"
"WASP-120 b","WASP-120",62.6160813,-45.8982434,381.17400000,15.58048317,0.0514000000,3.61126721000,1749.00,6450.00,1.684430,2016,"Transit"
"WASP-140 b","WASP-140",60.3855387,-20.4509991,117.59800000,14.23540549,0.0323000000,2.23598448000,1270.00,5300.00,0.870000,2016,"Transit"
"HD 85426 c","TOI-1774",148.1619305,35.1110080,53.97400000,3.19000000,,35.73000000000,640.00,5746.00,1.130300,2026,"Radial Velocity"
"TOI-1774.01","TOI-1774",148.1619305,35.1110080,53.97400000,2.78000000,,16.70988000000,824.00,5746.00,1.130300,2021,"Transit"
"HD 176986 b","HD 176986",285.7739138,-11.0449410,27.78430000,,0.0629560000,6.49164000000,767.00,4931.00,0.782000,2017,"Radial Velocity"
"KOINTREAU-3 b","ISO-Oph 96",246.7687845,-24.7166830,140.56300000,13.10000000,342.0000000000,,8.74,3920.00,0.730795,2026,"Imaging"
"PDS 70 b","PDS 70",212.0421402,-41.3980405,113.06400000,21.96960217,20.8000000000,43500.00000000000,1392.00,4109.00,1.260000,2018,"Imaging"
"HD 176986 d","HD 176986",285.7739138,-11.0449410,27.78430000,2.49000000,0.2814900000,61.37600000000,363.00,4931.00,0.782000,2026,"Radial Velocity"
"TOI-6692 b","TOI-6692",312.6940436,-81.2723982,312.90300000,11.67975789,0.5120000000,131.12500000000,467.00,5890.00,1.385000,2026,"Transit"
"TOI-4342 b","TOI-4342",324.3894196,-77.9791468,61.52040000,2.32900000,0.0519000000,5.53825920000,639.00,3866.00,0.598000,2023,"Transit"
"PDS 70 c","PDS 70",212.0421402,-41.3980405,113.06400000,22.19378179,34.3000000000,,1054.00,4109.00,1.260000,2019,"Imaging"
"V2376 Ori b","V2376 Ori",83.8398180,-5.3515552,,87.20586985,71.0000000000,,2100.00,,,2025,"Imaging"
"TOI-5489 b","TOI-5489",128.6912940,11.4895882,45.09070000,1.40000000,,3.15222000000,624.00,3547.00,0.420000,2025,"Transit"
"HD 208487 b","HD 208487",329.3332489,-37.7641354,45.14700000,14.30000000,0.5300000000,129.36000000000,437.59,6134.00,1.160000,2004,"Radial Velocity"
"HD 181433 b","HD 181433",291.2873731,-66.4677838,26.87620000,,0.0828000000,9.37450000000,732.52,4918.00,0.790000,2008,"Radial Velocity"
"TOI-1135 b","TOI-1135",193.3963704,85.1294952,114.04800000,9.91994792,0.0815000000,8.02773270000,1171.00,6320.00,1.202000,2024,"Transit"
"TOI-5716 b","TOI-5716",201.9007989,73.1774325,39.41220000,0.96000000,,6.76630000000,400.00,3436.00,0.220000,2025,"Transit"
"HD 181433 d","HD 181433",291.2873731,-66.4677838,26.87620000,13.20000000,6.7400000000,6896.10000000000,81.19,4918.00,0.790000,2008,"Radial Velocity"
"HD 181433 c","HD 181433",291.2873731,-66.4677838,26.87620000,,1.8850000000,1018.50000000000,153.53,4918.00,0.790000,2008,"Radial Velocity"
"DMPP-1 b","DMPP-1",86.7761233,-10.6303217,62.53880000,4.26000000,0.1423000000,17.81200000000,877.00,6196.00,1.260000,2019,"Radial Velocity"
"HD 202206 b","HD 202206",318.7405221,-20.7897284,45.96650000,12.10000000,0.8100000000,256.26000000000,314.96,5764.23,1.040000,2026,"Radial Velocity"
"TOI-4940 b","TOI-4940",58.2511684,-62.4079681,345.65900000,6.61000000,0.1650000000,25.86781100000,643.00,5504.00,1.163000,2025,"Transit"
"TOI-5734 b","TOI-5734",111.2558179,37.2311218,32.51020000,2.10000000,0.0592100000,6.18418760000,688.00,4750.00,0.639000,2026,"Transit"
"GJ 480 b","GJ 480",189.7134226,11.6950708,14.23580000,2.91000000,0.0680000000,9.55360000000,406.00,3509.00,0.449000,2020,"Radial Velocity"
"DMPP-1 d","DMPP-1",86.7761233,-10.6303217,62.53880000,2.02000000,0.0446700000,3.14170000000,1632.00,6196.00,1.260000,2019,"Radial Velocity"
"DMPP-2 b","DMPP-2",27.4077310,-34.4590985,137.94000000,14.20000000,0.0663800000,5.20300000000,1000.00,6500.00,1.780000,2019,"Radial Velocity"
"K2-19 d","K2-19",174.9602543,0.6035960,289.82700000,1.04400000,0.0347800000,2.50827000000,1258.00,5350.00,0.824000,2016,"Transit"
"NGTS-35 b","NGTS-35",170.2763360,-26.0666162,183.07800000,10.90000000,0.1600000000,25.24119200000,451.00,4717.00,0.753000,2025,"Transit"
"TOI-2267 c","TOI-2267 A",65.0614963,84.9008238,22.55000000,1.14000000,0.0263000000,3.49504120000,374.00,3030.00,0.207500,2025,"Transit"
"TOI-2267 b","TOI-2267 A",65.0614963,84.9008238,22.55000000,1.00000000,0.0205000000,2.28909000000,424.00,3030.00,0.207500,2025,"Transit"
"HD 39194 c","HD 39194",86.1290710,-70.1382377,26.41310000,2.65000000,0.1083000000,14.03090000000,675.19,5205.00,0.783742,2021,"Radial Velocity"
"DMPP-3 A b","DMPP-3 A",91.6243532,-72.5143057,46.89170000,1.44000000,0.0595800000,5.59000000000,854.00,5138.00,0.910000,2019,"Radial Velocity"
"TOI-5007 b","TOI-5007",236.0638704,-61.0413649,203.35200000,11.07447293,0.0307000000,2.54337100000,774.00,3793.00,0.656000,2026,"Transit"
"TOI-7166 b","TOI-7166",320.6806363,8.8893975,35.41530000,2.01000000,0.0619100000,12.92063621000,249.00,3099.00,0.222000,2025,"Transit"
"TOI-375 b","TOI-375",47.1499034,-77.3833275,396.21300000,10.77183045,0.0990000000,9.45469000000,1373.00,5259.90,2.900000,2026,"Transit"
"TOI-5422 b","TOI-5422",86.8436173,25.6260342,346.14100000,9.10169233,0.0619000000,5.37721900000,1369.00,5820.00,1.474000,2026,"Transit"
"HD 28185 b","HD 28185",66.6100461,-10.5510754,39.38090000,12.80000000,1.0340000000,385.92000000000,271.95,5602.00,1.048000,2001,"Radial Velocity"
"XO-3 b","XO-3",65.4695814,57.8172095,213.05300000,14.79585452,0.0481500000,3.19152309000,1890.00,6970.00,1.523000,2007,"Transit"
"DMPP-6 c","DMPP-6",120.3857827,-70.0234291,54.63030000,3.74000000,0.2206000000,36.44100000000,715.27,6182.09,1.270000,2026,"Radial Velocity"
"TOI-7510 b","TOI-7510",273.7281880,-54.4340547,249.00600000,7.31000000,0.1019000000,11.53086900000,878.00,5720.00,1.035000,2025,"Transit"
"TOI-5788 c","TOI-5788",287.4249017,31.7615284,97.61400000,2.27200000,0.1197000000,16.21336200000,667.00,5615.00,0.870000,2026,"Transit"
"TOI-5788 b","TOI-5788",287.4249017,31.7615284,97.61400000,1.52800000,0.0640000000,6.34075800000,910.00,5615.00,0.870000,2026,"Transit"
"DMPP-9 b","DMPP-9",316.3060007,-66.9581622,109.53900000,3.89000000,0.1097000000,12.73300000000,995.58,6092.00,1.260000,2026,"Radial Velocity"
"HD 72659 c","HD 72659",128.5128072,-1.5686323,51.89490000,12.10000000,21.5000000000,35500.00000000000,71.91,5929.00,1.360000,2022,"Radial Velocity"
"KMT-2020-BLG-0202L b","KMT-2020-BLG-0202L",267.0404583,-24.4744500,3840.00000000,12.40000000,4.1700000000,,,,,2026,"Microlensing"
"KMT-2022-BLG-1551L b","KMT-2022-BLG-1551L",265.2537500,-27.5518806,6900.00000000,13.20000000,2.2900000000,,,,,2026,"Microlensing"
"HD 95338 b","HD 95338",164.8563364,-56.6235564,36.99410000,4.27174254,0.2620000000,55.08269400000,443.00,5097.00,0.868000,2020,"Radial Velocity"
"KMT-2022-BLG-1818L b","KMT-2022-BLG-1818L",270.7986250,-27.4811111,5300.00000000,13.00000000,2.6000000000,,,,,2026,"Microlensing"
"TOI-1243 b","TOI-1243",135.7326412,71.6364158,43.18650000,2.33000000,,4.65947790000,450.00,3515.00,0.511000,2026,"Transit"
"TOI-5938 b","TOI-5938",303.9088422,28.6592261,114.03500000,3.82000000,0.0308000000,2.26042400000,1077.00,4650.00,0.712000,2026,"Transit"
"TOI-7009 b","TOI-7009",299.5131334,55.6510291,184.12000000,3.71000000,0.0287000000,2.32066120000,872.00,4080.00,0.564000,2026,"Transit"
"KMT-2025-BLG-0121L b","KMT-2025-BLG-0121L",267.1583750,-23.9988000,6200.00000000,12.60000000,3.0500000000,,,,,2026,"Microlensing"
"HD 28109 b","HD 28109",65.2383065,-68.1026875,139.61100000,2.69000000,0.1357000000,22.89105400000,867.00,6189.00,1.425000,2022,"Transit"
"TOI-5388.01","TOI-5388",152.1765169,35.5475571,18.52260000,0.99000000,0.0243358550,2.59467480000,488.00,3440.00,0.300000,2024,"Transit"
"KMT-2024-BLG-2087L b","KMT-2024-BLG-2087L",268.4500417,-29.2631889,7190.00000000,12.90000000,3.0300000000,,,,,2026,"Microlensing"
"HD 100508 b","HD 100508",173.3014057,-67.0546386,32.75480000,13.70000000,6.1100000000,5681.00000000000,106.66,5419.00,1.017900,2026,"Radial Velocity"
"HD 114386 c","HD 114386",197.6652124,-35.0561807,27.92430000,13.40000000,1.0500000000,444.00000000000,200.82,4895.00,0.760000,2026,"Radial Velocity"
"HD 28109 d","HD 28109",65.2383065,-68.1026875,139.61100000,3.11000000,0.4110000000,84.28990000000,561.00,6189.00,1.425000,2022,"Transit"
"KMT-2020-BLG-0414L b","KMT-2020-BLG-0414L",271.9150000,-28.4852222,1220.00000000,1.20000000,2.0700000000,,,,,2021,"Microlensing"
"TOI-6716 b","TOI-6716",111.6570820,-30.5521801,18.88730000,0.98200000,0.0319000000,4.71858980000,369.00,3110.00,0.231000,2026,"Transit"
"HD 154345 b","HD 154345",255.6524619,47.0855544,18.28400000,13.70000000,4.1580000000,3280.00000000000,119.21,5468.00,0.850000,2006,"Radial Velocity"
"HD 217107 b","HD 217107",344.5647243,-2.3954489,20.06190000,13.60000000,0.0735900000,7.12701660000,1105.84,5622.00,1.224500,1998,"Radial Velocity"
"TOI-1472 b","TOI-1472",14.1142611,48.6375168,121.84000000,4.05800000,0.0640000000,6.36338574000,891.00,5100.00,0.840000,2024,"Transit"
"TOI-1648 b","TOI-1648",45.4011794,69.2299235,69.83500000,2.54000000,0.0694000000,7.33160200000,799.00,4850.00,0.810000,2025,"Transit"
"HD 164604 b","HD 164604",270.7787177,-28.5608343,39.36330000,12.30000000,1.3620000000,653.90000000000,170.16,4663.00,0.780000,2009,"Radial Velocity"
"HD 164604 c","HD 164604",270.7787177,-28.5608343,39.36330000,12.50000000,5.5560000000,5387.00000000000,84.25,4663.00,0.780000,2026,"Radial Velocity"
"HIP 54515 b","HIP 54515",167.3066308,-1.3332838,82.81010000,12.20000000,24.8000000000,33000.00000000000,100.72,8100.00,1.649150,2026,"Imaging"
"TOI-1518 b","TOI-1518",352.2675207,67.0348062,225.88800000,21.05046575,0.0371200000,1.90261131000,2546.00,7299.00,1.942000,2021,"Transit"
"GJ 4274 b","GJ 4274",335.7805478,-17.6104078,7.23556000,1.53000000,0.0153000000,1.63390000000,548.53,3228.00,0.190000,2026,"Radial Velocity"
"LHS 1903 b","LHS 1903",107.8658260,48.3279327,35.69170000,1.38200000,0.0265600000,2.15550980000,796.00,3664.00,0.539000,2026,"Transit"
"LHS 1903 c","LHS 1903",107.8658260,48.3279327,35.69170000,2.04600000,0.0538700000,6.22618500000,559.00,3664.00,0.539000,2026,"Transit"
"TOI-1080 b","TOI-1080",276.3683249,-52.2145730,25.55900000,1.20000000,0.0272000000,3.96524820000,368.00,3065.00,0.201900,2026,"Transit"
"TOI-2145 b","TOI-2145",263.7580753,40.6950428,224.73100000,12.24020692,0.1117000000,10.26112800000,1484.00,6206.00,2.750000,2023,"Transit"
"TIC 231949697 b","TIC 231949697",94.2576817,-43.3661845,50.24080000,1.52831855,,0.90720448719,982.91,3451.32,0.492584,2026,"Transit"
"CWISEP J193518.59-154620.3 b","CWISEP J193518.59-154620.3",293.8262172,-15.7725727,14.43000000,12.20000000,2.4800000000,,390.00,,,2025,"Imaging"
"HD 202772 A b","HD 202772 A",319.6995877,-26.6163743,161.49800000,18.23701160,0.0520800000,3.30887750000,2181.00,6442.00,2.554000,2019,"Transit"
"TOI-4588 b","TOI-4588",282.0004201,48.5422560,225.18100000,2.92922558,0.1376000000,13.11881173651,1768.00,7746.12,1.574580,2026,"Transit"
"TOI-4513 b","TOI-4513",18.0905179,13.7550796,102.60900000,2.34587608,,9.76042253684,653.00,5623.93,0.796628,2026,"Transit"
"TIC 24750448 b","TIC 24750448",26.1958598,-68.6447552,178.14600000,2.43722231,,3.59159193029,,4545.43,0.713599,2026,"Transit"
"TOI-4127 b","TOI-4127",105.4045516,72.4149297,319.63200000,12.07000000,0.3030000000,56.39870000000,556.00,6096.00,1.293000,2023,"Transit"
"TOI-697 b","TOI-697",69.7042208,-36.6813257,93.77140000,2.35859364,,8.60788713593,839.80,5681.95,0.968149,2026,"Transit"
"TOI-4561 b","TOI-4561",60.9618951,-76.0214574,179.00800000,1.77789214,,8.93547936706,789.81,5537.93,0.851957,2026,"Transit"
"TIC 24750448 c","TIC 24750448",26.1958598,-68.6447552,178.14600000,3.09028272,,10.14385270726,,4545.43,0.713599,2026,"Transit"
"GJ 1137 c","HD 93083",161.0866672,-33.5776794,28.51590000,2.11000000,0.0835000000,9.64120000000,768.51,5033.80,0.837000,2026,"Radial Velocity"
"TIC 87422071 b","TIC 87422071",273.0346013,-44.2434042,384.75800000,10.86150230,0.1060000000,11.36492900000,1110.00,6150.00,1.489000,2026,"Transit"
"TOI-883 b","TOI-883",103.3690609,-6.5078349,102.63700000,7.17166228,,10.05771848538,861.00,5713.15,1.014770,2026,"Transit"
"TOI-4640 b","TOI-4640",38.2053190,10.0724659,245.08900000,2.84326517,,2.68566015238,1378.86,5743.01,1.067150,2026,"Transit"
"TIC 38828280 b","TIC 38828280",68.3926457,-62.1697135,286.41500000,2.62701629,,4.85558984762,,5046.63,0.741147,2026,"Transit"
"TIC 147027702 b","TIC 147027702",161.7728559,-43.9317971,457.18600000,10.92875618,0.2740000000,44.40523000000,863.00,6410.00,2.136000,2026,"Transit"
"TIC 245076932 b","TIC 245076932",198.0634857,-51.2144330,303.96000000,10.87271128,0.1570000000,21.61389000000,845.00,6130.00,1.288000,2026,"Transit"
"TOI-921 b","TOI-921",99.6742038,-56.2205396,294.01500000,3.53409617,,5.12871907628,951.00,6011.66,1.141650,2026,"Transit"
"TOI-4930 b","TOI-4930",208.6418883,-45.1544786,413.75700000,6.93277225,,6.78130241498,1169.00,5624.72,1.159260,2026,"Transit"
"TIC 62895484 b","TIC 62895484",116.6385519,22.5903733,294.85700000,3.49391667,,2.83985434327,,5520.79,0.874291,2026,"Transit"
"TOI-941 b","TOI-941",78.3005249,6.5459146,263.38600000,6.51165317,,8.51460888787,982.42,5745.88,1.184900,2026,"Transit"
"TOI-5159 b","TOI-5159",142.7859562,20.0193431,55.17880000,1.54732112,,5.83639428843,866.29,5156.16,0.854084,2026,"Transit"
"TIC 86380416 b","TIC 86380416",145.1603760,65.7327948,244.68000000,2.41236120,,6.04086434610,,5723.74,0.989724,2026,"Transit"
"K2-19 b","K2-19",174.9602543,0.6035960,289.82700000,7.00000000,0.0748700000,7.91930000000,857.00,5322.00,0.820000,2015,"Transit"
"TOI-5335 b","TOI-5335",46.9523734,15.3590831,331.28900000,4.02422162,,3.61365988443,1048.00,5528.92,0.916633,2026,"Transit"
"TIC 88692598 b","TIC 88692598",149.2109097,47.7706699,73.52580000,1.81295951,,2.64909436758,,3483.17,0.532473,2026,"Transit"
"TOI-1752 b","TOI-1752",253.4614861,60.7096197,103.02100000,1.69300000,0.0162400000,0.93518610000,1036.00,3762.00,0.530000,2026,"Transit"
"TOI-1269 c","TOI-1269",249.6966397,64.5591810,172.13800000,2.22999162,,9.23786144195,757.00,5554.02,0.848906,2026,"Transit"
"TOI-5486 b","TOI-5486",190.5495041,3.7886012,89.68110000,3.96824928,,2.02470073205,752.00,3750.17,0.553216,2026,"Transit"
"TIC 139702105 b","TIC 139702105",66.4980340,-18.2145450,91.78840000,2.45316949,,6.83601903383,,5742.35,1.254230,2026,"Transit"
"TOI-5624 c","TOI-5624",180.8443476,49.2512257,101.91300000,2.47400000,0.0737400000,7.88538500000,857.00,5327.00,0.820000,2026,"Transit"
"TOI-1718 b","TOI-1718",112.0180254,30.3217322,52.30440000,4.10824994,,5.58703768615,948.00,5304.91,0.939285,2026,"Transit"
"TOI-5532 b","TOI-5532",41.3804035,5.1507331,90.99850000,2.52763693,,5.65396594310,617.33,4208.45,0.662052,2026,"Transit"
"TIC 161045582 b","TIC 161045582",223.6258514,49.0977250,162.24600000,2.24566738,,8.85577189959,,5683.87,1.079760,2026,"Transit"
"TOI-1232 c","TOI-1232",116.5013990,-61.8797935,328.60400000,8.88000000,0.1940000000,30.35600000000,660.05,5823.00,1.072000,2026,"Transit Timing Variations"
"TOI-1732 b","TOI-1732",111.8014509,53.0452684,74.75990000,2.49549787,,4.11923678339,657.79,4201.93,0.632571,2026,"Transit"
"TOI-5605 b","TOI-5605",150.5380078,50.1453867,95.07350000,2.52611303,,5.91340454843,669.00,4583.79,0.736044,2026,"Transit"
"TOI-1756 b","TOI-1756",306.3287741,77.6364119,86.71590000,1.94225664,,2.78301736297,696.39,3891.86,0.562607,2026,"Transit"
"TOI-5630 b","TOI-5630",236.4538532,40.3748618,134.04700000,2.37117553,,3.22118452536,1541.00,5385.64,0.933361,2026,"Transit"
"TIC 206466666 b","TIC 206466666",56.7694828,-52.3667509,127.83700000,2.14817673,,9.10486865159,,4620.30,0.667193,2026,"Transit"
"TOI-198 b","TOI-198",2.2715087,-27.1217452,23.72620000,1.36000000,0.0675000000,10.21521300000,456.00,3801.00,0.418000,2023,"Transit"
"KMT-2024-BLG-2005L b","KMT-2024-BLG-2005L",268.4080833,-28.9009806,7720.00000000,8.18000000,1.1200000000,,,,,2026,"Microlensing"
"TOI-1839 b","TOI-1839",196.8331106,5.8520458,116.08600000,2.21895097,,1.42378440907,1405.35,5315.91,0.848099,2026,"Transit"
"TOI-5926 b","TOI-5926",308.0784435,15.5030795,275.10300000,7.56807148,,3.81122794237,987.00,5388.92,0.890046,2026,"Transit"
"TIC 290487717 b","TIC 290487717",139.0870563,2.5508053,395.57400000,6.63777941,,3.40081822900,,5328.97,0.943767,2026,"Transit"
"TOI-672 b","TOI-672",167.9908627,-39.3281151,66.90710000,5.31000000,0.0376000000,3.63358100000,699.50,3810.00,0.540000,2023,"Transit"
"TOI-2071 b","TOI-2071",256.6011813,57.6610327,231.31100000,2.56484195,,5.67395386982,1029.33,5755.41,1.002860,2026,"Transit"
"TOI-4156 c","TOI-4156",230.7808336,76.3318816,213.71900000,2.92303762,,12.82282706375,809.32,5971.64,1.039630,2026,"Transit"
"TIC 356227008 b","TIC 356227008",267.2508238,50.1308080,387.60900000,2.39024009,,2.96147448702,,5731.86,0.959792,2026,"Transit"
"TOI-2518 b","TOI-2518",105.4448495,-34.9196867,160.82500000,2.26838675,,6.89797425216,1095.00,5751.20,0.993374,2026,"Transit"
"TOI-6393 b","TOI-6393",141.2436918,68.7883127,186.22900000,2.75958542,,9.53176110329,696.00,5008.20,0.766023,2026,"Transit"
"EPIC 220674823 b","EPIC 220674823",13.0800239,10.7947051,244.59000000,1.60600000,0.0132000000,0.57130782000,2324.00,5578.00,0.990000,2016,"Transit"
"EPIC 220674823 c","EPIC 220674823",13.0800239,10.7947051,244.59000000,2.71200000,0.1078000000,13.34060300000,838.00,5578.00,0.990000,2016,"Transit"
"TOI-2654 b","TOI-2654",52.9815377,-47.9946912,248.96400000,7.94454164,,2.96760425926,819.00,4594.08,0.756095,2026,"Transit"
"TOI-6699 b","TOI-6699",317.0695839,-63.2504996,85.84630000,2.32645266,,5.32005926761,976.00,4705.10,0.753090,2026,"Transit"
"TOI-1839 c","TOI-1839",196.8331106,5.8520458,116.08600000,2.40867246,,4.02393854207,,5315.91,0.848099,2026,"Transit"
"K2-111 c","K2-111",59.8903081,21.2985263,200.39400000,3.34000000,0.1156500000,15.67480000000,923.00,5775.00,1.250000,2020,"Radial Velocity"
"TOI-4156 b","TOI-4156",230.7808336,76.3318816,213.71900000,2.53823825,,4.46189034133,1289.00,5971.64,1.039630,2026,"Transit"
"TOI-7333 b","TOI-7333",243.5319622,75.9166315,157.21700000,2.09469416,,6.26449803661,755.00,4586.87,0.666066,2026,"Transit"
"rho CrB e","rho CrB",240.2600639,33.3001861,17.46710000,1.75000000,0.1061000000,12.90400000000,1004.88,5817.00,1.361700,2023,"Radial Velocity"
"MOA-2007-BLG-192L b","MOA-2007-BLG-192L",272.0158333,-27.1500750,2160.00000000,3.58000000,2.0200000000,,,,,2008,"Microlensing"
"K2-79 b","K2-79",55.2559307,13.5191871,256.01100000,4.15000000,0.0987000000,10.99503900000,1033.00,5897.00,1.269000,2016,"Transit"
"K2-111 b","K2-111",59.8903081,21.2985263,200.39400000,1.83700000,0.0565000000,5.35189630000,1293.00,5775.00,1.250000,2017,"Transit"
"TOI-4363 b","TOI-4363",37.1105554,-12.5493631,77.77510000,1.76689273,,2.11867592279,884.71,4278.45,0.691320,2026,"Transit"
"HD 5388 b","HD 5388",13.7990300,-47.4067326,53.06610000,13.10000000,1.7570000000,772.50000000000,316.59,6297.00,1.910000,2010,"Radial Velocity"
"Kepler-79 b","Kepler-79",300.5171067,44.3815508,1020.72000000,3.51000000,0.1192900000,13.48451000000,929.00,6389.00,1.316000,2012,"Transit"
"Kepler-79 c","Kepler-79",300.5171067,44.3815508,1020.72000000,3.76000000,0.1914400000,27.40260000000,734.00,6389.00,1.316000,2012,"Transit"
"HD 16760 b","HD 16760",40.5892123,38.6182163,50.17561000,12.10000000,1.1560000000,466.08000000000,226.14,5518.00,0.835000,2009,"Radial Velocity"
"TOI-3457 b","TOI-3457",183.2082686,-79.7572043,370.66600000,10.64000000,0.2001000000,32.60026800000,824.20,6300.00,1.474000,2026,"Transit"
"TOI-6884 b","TOI-6884",193.0087935,26.6739510,562.37600000,10.39072511,0.0629000000,4.80826400000,1652.00,6330.00,1.840000,2026,"Transit"
"TOI-4602.01","TOI-4602",60.6003316,31.3298354,63.06370000,2.45000000,0.0474700000,3.98129990000,1344.00,5966.00,1.080000,2024,"Transit"
"TOI-791 b","TOI-791",118.4347574,-69.7017359,341.22100000,11.13051784,0.6020000000,139.29931000000,434.30,6294.00,1.474000,2026,"Transit"
"eps Eri b","eps Eri",53.2284306,-9.4581715,3.20260000,13.80000000,3.5300000000,2680.00000000000,112.26,5020.38,0.759106,2000,"Radial Velocity"
"TOI-791 c","TOI-791",118.4347574,-69.7017359,341.22100000,12.94637271,0.8630000000,232.01570000000,362.80,6294.00,1.474000,2026,"Transit"
"HD 190360 b","HD 190360",300.9092476,29.8945410,16.00690000,13.50000000,3.9650000000,2887.50000000000,150.00,5560.00,1.140000,2003,"Radial Velocity"
"HD 190360 c","HD 190360",300.9092476,29.8945410,16.00690000,5.53000000,0.1298000000,17.11625000000,794.55,5560.00,1.140000,2005,"Radial Velocity"
"HD 190360 d","HD 190360",300.9092476,29.8945410,16.00690000,3.48000000,0.3886000000,88.69000000000,459.21,5560.00,1.140000,2026,"Radial Velocity"
"TOI-3664 b","TOI-3664",35.3084940,59.7118568,464.74800000,13.69737442,0.0431000000,3.29748390000,1232.00,5593.00,1.110000,2026,"Transit"
"TOI-4034 b","TOI-4034",335.1469845,71.7673462,745.14500000,17.71018951,0.0328900000,1.80209320000,1907.00,5891.00,1.830000,2026,"Transit"
"HD 126105 b","HD 126105",216.0016789,-19.8010960,82.88110000,13.50000000,1.3600000000,524.00000000000,413.60,4875.00,4.210000,2026,"Radial Velocity"
"TIC 52059926 b","TIC 52059926",16.7726869,-68.3681031,216.58100000,10.71000000,0.5530000000,175.53200000000,229.60,4505.00,0.720000,2026,"Transit"
"TOI-4427 b","TOI-4427",135.0492615,72.1477473,198.25100000,13.09208946,0.0538900000,4.61826210000,1040.00,5347.00,0.890000,2026,"Transit"
"TOI-2049 b","TOI-2049",346.9098199,56.6945130,571.48700000,16.64533634,0.0691900000,5.30346800000,1869.00,6164.00,3.200000,2026,"Transit"
"TOI-4458 b","TOI-4458",252.1259976,74.7637501,505.43200000,12.40834163,0.0522000000,3.93937920000,1759.00,6151.00,1.960000,2026,"Transit"
"TOI-159 b","TOI-159",51.7822676,-78.5498308,347.59300000,18.18000000,0.0560000000,3.76283960000,1891.00,7287.00,1.620000,2026,"Transit"
"COCONUTS-2 b","COCONUTS-2 A",117.3009140,-76.7026960,10.88640000,12.57647635,7506.0000000000,402000000.00000000000,493.00,3552.00,0.366000,2021,"Imaging"
"HD 30177 c","HD 30177",70.4770964,-58.0208085,55.58670000,12.90000000,9.9000000000,11320.00000000000,87.87,5680.00,1.019000,2016,"Radial Velocity"
"TOI-1710 b","TOI-1710",94.2838373,76.2110200,81.22710000,5.06000000,0.1652000000,24.28336000000,602.99,5775.00,0.930000,2022,"Transit"
"K2-370 b","K2-370",67.8205302,19.8316901,144.20200000,2.67000000,0.0321000000,2.14080930000,1267.00,5662.00,0.945000,2022,"Transit"
"HIP 8923 b","HIP 8923",28.7250931,-11.5113361,65.99570000,12.50000000,5.9000000000,5160.00000000000,136.48,5980.00,1.321640,2026,"Radial Velocity"
"TOI-201 c","TOI-201",87.4017825,-54.9104230,113.82500000,10.40000000,4.3700000000,2890.00000000000,169.58,6423.00,1.310000,2025,"Transit Timing Variations"
"KMT-2023-BLG-0332L b","KMT-2023-BLG-0332L",270.8901250,-27.2223889,6500.00000000,12.00000000,3.2000000000,,,,,2026,"Microlensing"
"XO-2 S d","XO-2 S",117.0309753,50.2169068,151.39800000,13.00000000,5.4600000000,4696.00000000000,110.98,5325.00,1.020000,2024,"Radial Velocity"
"TOI-237 c","TOI-237",353.2435381,-29.4164870,38.07490000,1.20600000,0.0160000000,1.74486147000,515.00,3226.00,0.205600,2026,"Transit"
"bet Pic b","bet Pic",86.8212337,-51.0661480,19.74420000,18.49485000,10.0700000000,8682.00000000000,1612.00,8038.68,1.544160,2008,"Imaging"
"bet Pic c","bet Pic",86.8212337,-51.0661480,19.74420000,12.50000000,2.7000000000,1202.00000000000,1250.00,8038.68,1.544160,2019,"Radial Velocity"
"bet Pic d","bet Pic",86.8212337,-51.0661480,19.74420000,14.12331568,26.0000000000,33200.00000000000,600.00,8038.68,1.544160,2026,"Imaging"
"Kepler-484 b","Kepler-484",284.3942844,46.2491109,382.13600000,2.28000000,0.0903600000,10.04556931300,766.00,5668.00,0.870000,2016,"Transit"
"Kepler-758 c","Kepler-758",293.0846115,41.1354049,1502.32000000,1.69000000,0.0576800000,4.75793986000,1372.00,6228.00,1.420000,2016,"Transit"
"TOI-4311 b","TOI-4311",41.6855224,-31.1793201,134.98800000,1.37600000,0.0181700000,0.99027380000,1664.00,5063.00,0.844100,2026,"Transit"
"TOI-2147 b","TOI-2147",155.6415937,83.0837241,282.10800000,10.50000000,0.1720000000,26.20518000000,820.00,5983.00,1.390000,2026,"Transit"
"TOI-6019 b","TOI-6019",355.0913498,35.9408402,260.34200000,12.30000000,0.1212000000,14.54795200000,1095.00,5561.00,2.020000,2026,"Transit"
"Kepler-929 b","Kepler-929",298.4811022,41.6152603,1311.23000000,1.11000000,0.0198200000,0.92103213500,2362.00,5869.00,1.020000,2016,"Transit"
"Kepler-1767 b","Kepler-1767",293.6441248,46.9896696,820.50600000,3.01299077,0.2873000000,59.65829849000,393.00,5243.00,0.831000,2021,"Transit"
"Kepler-223 e","Kepler-223",298.3183909,47.2794824,1859.71000000,4.60000000,0.1448100000,19.72567000000,751.00,5803.00,1.720000,2014,"Transit"
"Kepler-1127 b","Kepler-1127",293.2173563,42.7205846,842.45900000,1.96000000,0.0556000000,5.12330347000,994.00,5664.00,0.950000,2016,"Transit"
"Kepler-1793 b","Kepler-1793",291.9129477,40.9539265,1189.88000000,3.79037518,0.0787000000,8.77999973300,713.00,5191.00,0.764000,2021,"Transit"
"HD 141937 b","HD 141937",238.0735585,-18.4359716,33.36220000,12.40000000,1.5400000000,662.37000000000,231.49,5870.00,1.030000,2002,"Radial Velocity"
"Kepler-1367 b","Kepler-1367",288.4166786,47.8787308,401.48400000,0.92000000,0.0236000000,1.57409027200,998.00,4106.00,0.600000,2016,"Transit"
"Kepler-1900 b","Kepler-1900",291.8863206,44.4790319,1540.43000000,1.62314676,0.0420000000,2.98622989700,1356.00,6173.00,1.041000,2021,"Transit"
"Kepler-1364 b","Kepler-1364",295.1521334,49.5876179,1056.90000000,2.15000000,0.1284000000,13.32196237000,1299.00,6805.00,1.790000,2016,"Transit"
"Kepler-482 b","Kepler-482",296.8229326,48.1077628,313.06800000,2.36000000,0.2578700000,56.35418576000,352.00,4871.00,0.720000,2016,"Transit"
"Kepler-1646 b","Kepler-1646",287.5264859,42.9129356,127.59100000,1.23000000,0.0295000000,4.48558383000,365.00,3299.00,0.260000,2016,"Transit"
"HD 6718 b","HD 6718",16.9536005,-8.2336165,51.34440000,13.30000000,3.5300000000,2476.00000000000,148.94,5746.00,1.020000,2009,"Radial Velocity"
"Kepler-32 c","Kepler-32",297.8423073,46.5743595,323.84700000,2.00000000,0.0900000000,8.75220000000,451.00,3900.00,0.530000,2011,"Transit"
"K2-177 b","K2-177",55.2296156,20.7360891,492.16700000,2.11620480,,14.15518500000,,6063.00,1.213565,2018,"Transit"
"Kepler-259 c","Kepler-259",288.2119707,46.6150461,1002.14000000,2.70000000,0.2170000000,36.92493100000,530.00,5938.00,0.898000,2014,"Transit"
"K2-183 b","K2-183",125.0071770,14.0194586,329.04100000,1.10000000,,0.46928500000,,5482.00,0.870000,2018,"Transit"
"Kepler-222 d","Kepler-222",287.9060885,46.9377479,758.85400000,3.69000000,0.1800000000,28.08191200000,522.00,5433.00,0.869000,2014,"Transit"
"Kepler-165 c","Kepler-165",280.6909200,47.8096702,560.88500000,2.23000000,0.1100000000,15.31299000000,581.00,5211.00,0.770000,2014,"Transit"
"K2-263 b","K2-263",129.6821253,15.6806039,162.48100000,2.51300000,0.2573000000,50.81917200000,482.00,5368.00,0.850000,2018,"Transit"
"Kepler-166 d","Kepler-166",293.1600977,48.8812074,603.53000000,1.73000000,0.0244900000,1.55400392800,1313.00,5350.00,0.830000,2016,"Transit"
"Kepler-52 b","Kepler-52",286.7380152,49.9757383,321.54200000,2.10000000,0.0637000000,7.87735650000,553.00,4075.00,0.520000,2012,"Transit"
"K2-186 b","K2-186",135.3350487,18.8252879,330.73900000,3.17207779,,41.47421900000,,5784.00,0.980830,2018,"Transit"
"K2-195 c","K2-195",199.8315191,-8.5095364,315.01400000,2.57581891,,28.48278600000,,5712.00,0.906367,2018,"Transit"
"K2-187 e","K2-187",132.5235618,23.1924709,330.91600000,1.90000000,0.1106000000,13.60662900000,698.00,5438.00,0.830000,2018,"Transit"
"K2-187 c","K2-187",132.5235618,23.1924709,330.91600000,1.40000000,0.0392000000,2.87151200000,1173.00,5438.00,0.830000,2018,"Transit"
"K2-189 b","K2-189",203.6214411,-15.0365158,242.11300000,1.40300000,0.0361000000,2.58812000000,1203.00,5442.00,0.879000,2018,"Transit"
"K2-280 b","K2-280",291.5953596,-22.2477071,391.53700000,7.50000000,0.1461000000,19.89526000000,787.00,5500.00,1.280000,2018,"Transit"
"K2-381 c","K2-381",288.0267612,-21.0075789,145.70100000,2.00000000,,16.03465600000,,4473.00,0.675000,2022,"Transit"
"Kepler-229 b","Kepler-229",286.9994758,48.3757867,826.26500000,2.20000000,0.0620000000,6.25297200000,823.00,5120.00,0.728000,2014,"Transit"
"K2-222 b","K2-222",16.4625203,11.7537171,101.32100000,2.27500000,0.1186000000,15.38892740000,803.00,5942.00,1.072000,2018,"Transit"
"K2-220 b","K2-220",12.7700071,9.5167694,233.51400000,2.37000000,0.1104000000,13.68186000000,761.00,5612.00,1.026000,2018,"Transit"
"Kepler-491 b","Kepler-491",287.1305782,42.3501533,630.78500000,8.92000000,0.0519100000,4.22538451200,1111.00,5582.00,1.030000,2016,"Transit"
"Kepler-197 b","Kepler-197",295.2264739,50.5592348,330.57500000,1.02000000,0.0600000000,5.59930800000,1142.00,6004.00,1.120000,2014,"Transit"
"Kepler-216 b","Kepler-216",293.7280695,46.1291139,1187.47000000,2.35000000,0.0790000000,7.69364100000,1069.00,6091.00,1.260000,2014,"Transit"
"K2-176 b","K2-176",58.2691796,17.9069486,247.30200000,1.49090097,,5.32943900000,,5428.00,0.864160,2018,"Transit"
"K2-223 b","K2-223",185.3061830,-10.2820915,198.60400000,0.89000000,0.0127000000,0.50557000000,2271.00,5859.00,1.000000,2018,"Transit"
"Kepler-1732 b","Kepler-1732",292.2910129,37.5807686,1289.41000000,4.09903273,0.2015000000,32.31240082000,699.00,5821.00,1.494000,2021,"Transit"
"14 Her b","14 Her",242.6021014,43.8163621,17.93230000,12.50000000,2.8390000000,1766.41000000000,147.32,5338.00,0.930000,2002,"Radial Velocity"
"16 Cyg B b","16 Cyg B",295.4656422,50.5168243,21.13970000,13.50000000,1.6600000000,798.50000000000,228.76,5750.00,1.130000,1996,"Radial Velocity"
"K2-368 d","K2-368",332.6357627,-11.1661157,206.60800000,1.94800000,,20.20108500000,,4663.00,0.663000,2022,"Transit"
"Kepler-261 b","Kepler-261",291.3647333,37.6092390,317.49900000,2.18000000,0.0880000000,10.38122700000,672.00,5098.00,0.794000,2014,"Transit"
"1RXS J160929.1-210524 b","1RXS J160929.1-210524",242.3762343,-21.0831403,139.13500000,18.64700000,330.0000000000,,1700.00,4060.00,1.313160,2008,"Imaging"
"CoRoT-4 b","CoRoT-4",102.1946233,-0.6727861,726.41200000,13.34000000,0.0900000000,9.20205000000,1074.00,6190.00,1.170000,2008,"Transit"
"K2-224 c","K2-224",189.7041426,-10.0605942,275.25500000,2.41000000,0.0886000000,10.09489000000,764.00,5620.00,0.840000,2018,"Transit"
"K2-368 c","K2-368",332.6357627,-11.1661157,206.60800000,1.36100000,,9.66018600000,,4663.00,0.663000,2022,"Transit"
"24 Sex c","24 Sex",155.8684866,-0.9023998,72.06910000,13.90000000,2.0800000000,883.00000000000,377.31,5098.00,4.900000,2010,"Radial Velocity"
"CoRoT-7 b","CoRoT-7",100.9561682,-1.0630076,159.90600000,1.68135000,0.0170160000,0.85359163000,1756.00,5275.00,0.830000,2009,"Transit"
"K2-226 b","K2-226",183.6456643,-9.5626286,211.26500000,1.53899305,0.0409500000,3.27109000000,1187.00,5288.00,0.889000,2018,"Transit"
"K2-227 b","K2-227",190.9484237,-8.4784159,187.23400000,1.66551298,,13.62183200000,,5673.00,0.890666,2018,"Transit"
"2MASS J12073346-3932539 b","2MASS J12073346-3932539",181.8890906,-39.5484399,64.30800000,15.69257298,46.0000000000,,1163.00,2825.00,0.218870,2004,"Imaging"
"CoRoT-7 c","CoRoT-7",100.9561682,-1.0630076,159.90600000,2.83000000,0.0460000000,3.69800000000,1098.59,5256.00,0.864273,2009,"Radial Velocity"
"eps Tau b","eps Tau",67.1546573,19.1802782,47.52852000,12.70000000,1.8780000000,585.82000000000,603.08,4877.00,12.350000,2006,"Radial Velocity"
"gam1 Leo b","gam1 Leo",154.9932080,19.8413890,39.88830000,12.50000000,1.1900000000,428.50000000000,1080.70,4330.00,31.880000,2009,"Radial Velocity"
"K2-229 b","K2-229",186.8729195,-6.7218474,102.56400000,1.00000000,0.0131000000,0.58421600000,1818.00,5315.00,0.790000,2018,"Transit"
"Kepler-752 b","Kepler-752",292.2681469,37.9556720,1232.29000000,2.81000000,0.1353000000,18.82747265000,632.00,5373.00,0.830000,2016,"Transit"
"CoRoT-9 b","CoRoT-9",280.7866461,6.2040783,412.98000000,11.94879400,0.4021000000,95.27265600000,420.00,5625.00,0.960000,2009,"Transit"
"K2-343 b","K2-343",134.2021746,21.5026882,166.16900000,1.65000000,,2.78717400000,653.00,3804.00,0.460000,2021,"Transit"
"51 Peg b","51 Peg",344.3675399,20.7690958,15.46140000,14.10000000,0.0520000000,4.23079660000,1328.93,5761.00,1.190000,1995,"Radial Velocity"
"K2-331 c","K2-331",132.7376431,13.1702690,211.43000000,2.72000000,,22.99659100000,673.00,5994.00,1.060000,2021,"Transit"
"EPIC 212624936 c","EPIC 212624936",210.6376171,-10.0236852,561.92900000,2.30000000,,11.81143700000,,5765.00,0.930000,2021,"Transit"
"K2-334 b","K2-334",136.4894259,16.3255146,371.82300000,5.65000000,,5.11398100000,1380.00,6502.00,1.490000,2021,"Transit"
"K2-379 b","K2-379",283.0317641,-27.1807287,182.20700000,2.18100000,,8.77724700000,,4603.00,0.751000,2022,"Transit"
"61 Vir d","61 Vir",199.5964550,-18.3157745,8.50332000,5.11000000,0.4760000000,123.01000000000,382.51,5577.00,0.963000,2009,"Radial Velocity"
"K2-202 b","K2-202",283.2643203,-22.4070553,300.39700000,2.30165603,,3.40516400000,,5491.00,0.910685,2018,"Transit"
"K2-343 c","K2-343",134.2021746,21.5026882,166.16900000,2.02000000,,7.67697200000,465.00,3804.00,0.460000,2021,"Transit"
"K2-342 b","K2-342",133.1218996,21.2386816,208.35700000,2.03000000,,11.56105200000,861.00,5920.00,1.090000,2021,"Transit"
"Kepler-260 b","Kepler-260",291.9259658,38.0140525,627.36500000,2.01000000,0.0750000000,8.18739900000,782.00,5250.00,0.862000,2014,"Transit"
"K2-381 d","K2-381",288.0267612,-21.0075789,145.70100000,1.68900000,,26.80302300000,,4473.00,0.675000,2022,"Transit"
"K2-381 b","K2-381",288.0267612,-21.0075789,145.70100000,1.07500000,,7.93893340000,,4473.00,0.675000,2022,"Transit"
"K2-348 b","K2-348",130.8783479,24.4229559,201.85600000,3.26000000,,4.68841800000,908.00,5077.00,0.850000,2021,"Transit"
"K2-384 d","K2-384",20.4998403,0.7509701,82.66030000,1.39200000,,6.67958200000,,3623.00,0.348000,2022,"Transit"
"81 Cet b","81 Cet",39.4243555,-3.3963607,101.26000000,13.10000000,2.1040000000,1005.57000000000,526.92,4734.00,11.210000,2008,"Radial Velocity"
"K2-352 c","K2-352",140.4451478,18.4696280,176.05100000,1.92000000,,8.23488500000,885.00,5791.00,0.950000,2021,"Transit"
"K2-384 c","K2-384",20.4998403,0.7509701,82.66030000,1.19100000,,4.19476600000,,3623.00,0.348000,2022,"Transit"
"BD+14 4559 b","BD+14 4559",318.4010002,14.6893834,49.35200000,13.80000000,0.7800000000,268.94000000000,246.28,4864.00,0.860000,2009,"Radial Velocity"
"K2-204 b","K2-204",17.3825067,-0.5177539,577.23500000,3.17214154,0.0738000000,7.05590800000,1148.00,5783.00,1.253000,2018,"Transit"
"Kepler-1736 b","Kepler-1736",289.7766991,38.2622374,1430.00000000,3.87658560,0.2188000000,37.81029892000,566.00,6085.00,0.973000,2021,"Transit"
"K2-205 b","K2-205",15.2175909,0.4259660,405.30100000,1.99552771,,26.67226300000,,5890.00,1.077574,2018,"Transit"
"Kepler-8 b","Kepler-8",281.2881335,42.4510975,1021.87000000,15.87194400,0.0474000000,3.52249910000,1680.00,6213.00,1.486000,2010,"Transit"
"K2-209 b","K2-209",14.6903464,1.3828070,76.49860000,0.86850263,,2.08061500000,,4720.00,0.712365,2018,"Transit"
"Kepler-745 b","Kepler-745",291.4994412,37.0592571,1780.38000000,2.16000000,0.0915000000,9.93143556000,931.00,5849.00,1.040000,2016,"Transit"
"K2-211 b","K2-211",21.1061587,1.7049101,272.29700000,1.33162691,0.0141900000,0.66956100000,1873.00,5117.00,0.818000,2018,"Transit"
"Kepler-262 c","Kepler-262",290.7287168,37.2526575,613.12900000,1.64000000,0.1520000000,21.85372200000,618.00,5841.00,0.881000,2014,"Transit"
"Kepler-119 b","Kepler-119",295.9463854,42.6588324,701.99600000,3.60000000,0.0350000000,2.42208200000,1213.00,5595.00,0.839000,2014,"Transit"
"K2-394 b","K2-394",71.1100020,16.5185817,98.01520000,1.69200000,,5.09571700000,643.00,4938.00,0.631000,2022,"Transit"
"CoRoT-19 b","CoRoT-19",97.0335983,-0.1707293,790.66300000,14.46000000,0.0518000000,3.89713000000,2000.00,6090.00,1.650000,2011,"Transit"
"Kepler-748 b","Kepler-748",292.2628779,37.2369732,1705.99000000,2.52000000,0.0745000000,7.40742793000,938.00,5934.00,1.100000,2016,"Transit"
"HD 113538 b","HD 113538",196.2339330,-52.4463502,16.28170000,13.20000000,1.2400000000,663.20000000000,140.67,4462.00,0.530000,2010,"Radial Velocity"
"Kepler-112 b","Kepler-112",296.9811361,43.2097025,513.20600000,2.36000000,0.0760000000,8.40887800000,809.00,5544.00,0.841000,2014,"Transit"
"HD 114386 b","HD 114386",197.6652124,-35.0561807,27.92430000,13.60000000,1.7300000000,937.70001000000,154.56,4836.00,0.760000,2003,"Radial Velocity"
"HD 136418 b","HD 136418",229.7756438,41.7324230,105.16800000,13.30000000,1.2900000000,464.29999000000,411.81,4989.00,3.780000,2009,"Radial Velocity"
"GJ 676 A b","GJ 676 A",262.5448903,-51.6377777,16.02720000,12.80000000,1.7350000000,1051.44521000000,113.55,3734.00,0.690000,2010,"Radial Velocity"
"HAT-P-31 b","HAT-P-31",271.5376722,26.4266061,344.05000000,12.21781000,0.0610000000,5.00542000000,1450.00,6065.00,1.390000,2011,"Transit"
"HD 11506 b","HD 11506",28.2106607,-19.5073960,51.26100000,12.90000000,2.8850000000,1617.70000000000,193.57,6123.00,1.240000,2007,"Radial Velocity"
"HD 11506 c","HD 11506",28.2106607,-19.5073960,51.26100000,14.00000000,0.7710000000,223.92000000000,374.44,6123.00,1.240000,2008,"Radial Velocity"
"GJ 581 e","GJ 581",229.8564725,-7.7226935,6.29810000,1.38000000,0.0279900000,3.14810000000,554.37,3500.00,0.302000,2009,"Radial Velocity"
"HAT-P-35 b","HAT-P-35",123.2507030,4.7870288,506.96500000,14.93038800,0.0497800000,3.64670600000,1581.00,6096.00,1.435000,2011,"Transit"
"HD 116029 b","HD 116029",200.1646905,24.6484725,123.24500000,13.60000000,1.6500000000,670.00000000000,400.04,4819.00,4.890000,2011,"Radial Velocity"
"HD 142245 b","HD 142245",238.2342443,15.4306118,97.23050000,13.10000000,2.7800000000,1299.00000000000,306.30,4922.00,4.630000,2011,"Radial Velocity"
"GJ 876 b","GJ 876",343.3239737,-14.2665958,4.67517000,13.30000000,0.2083170000,61.11660000000,190.60,3293.74,0.300000,1998,"Radial Velocity"
"HD 118203 b","HD 118203",203.5099560,53.7281876,92.25890000,12.77823800,0.0713000000,6.13497790000,1361.00,5742.00,2.040000,2005,"Radial Velocity"
"HD 142 b","HD 142",1.5836771,-49.0753625,26.18530000,12.70000000,1.0390000000,351.43394000000,358.19,6245.00,1.470000,2001,"Radial Velocity"
"GJ 876 d","GJ 876",343.3239737,-14.2665958,4.67517000,2.51000000,0.0208066500,1.93778000000,603.09,3293.74,0.300000,2005,"Radial Velocity"
"HD 125595 b","HD 125595",215.3434326,-40.3942443,28.19890000,,0.0800000000,9.67370000000,687.97,4691.00,0.740000,2011,"Radial Velocity"
"GQ Lup b","GQ Lup",237.3003643,-35.6515055,151.16900000,33.60000000,100.0000000000,,2650.00,4360.00,1.941530,2004,"Imaging"
"GJ 876 e","GJ 876",343.3239737,-14.2665958,4.67517000,3.92000000,0.3343000000,124.26000000000,150.46,3293.74,0.300000,2010,"Radial Velocity"
"HD 100655 b","HD 100655",173.7653631,20.4415410,137.17800000,13.50000000,0.6800000000,157.57001000000,907.14,4891.00,10.060000,2011,"Radial Velocity"
"Kepler-744 b","Kepler-744",296.4960493,47.1827848,449.96400000,1.62000000,0.0973500000,12.06222443000,750.00,5594.00,0.930000,2016,"Transit"
"HD 10180 f","HD 10180",24.4731133,-60.5114881,38.96070000,5.24000000,0.4929000000,122.74400000000,427.54,5911.00,1.109000,2010,"Radial Velocity"
"HD 126614 b","HD 126614",216.7005171,-5.1784093,73.09610000,12.70000000,2.2490000000,1257.25303000000,209.54,5568.00,1.369794,2009,"Radial Velocity"
"HD 10180 g","HD 10180",24.4731133,-60.5114881,38.96070000,,1.4270000000,604.67000000000,251.27,5911.00,1.109000,2010,"Radial Velocity"
"HD 12661 b","HD 12661",31.1423525,25.4135632,37.84780000,13.30000000,0.8400000000,262.70862000000,325.35,5645.00,1.200000,2000,"Radial Velocity"
"HAT-P-15 b","HAT-P-15",66.2481420,39.4606020,192.51600000,11.88154000,0.0965000000,10.86350000000,904.00,5568.00,1.070000,2010,"Transit"
"HAT-P-16 b","HAT-P-16",9.5730343,42.4630961,226.63700000,14.68376472,0.0413000000,2.77596727000,1566.00,6140.00,1.158000,2010,"Transit"
"Kepler-764 b","Kepler-764",297.3931183,47.1645814,1047.84000000,1.64000000,0.0724000000,7.33683936000,875.00,5557.00,0.890000,2016,"Transit"
"Kepler-123 b","Kepler-123",296.9985853,42.7819633,1021.66000000,2.94000000,0.1350000000,17.23236600000,817.00,6089.00,1.264000,2014,"Transit"
"HD 104985 b","HD 104985",181.3157854,76.9053359,100.57600000,12.80000000,0.7150000000,199.68000000000,901.01,4738.00,11.120000,2003,"Radial Velocity"
"HD 104067 b","HD 104067",179.7923543,-20.3556058,20.36320000,9.20000000,0.2674000000,55.85100000000,407.83,4952.00,0.780000,2011,"Radial Velocity"
"HD 13189 b","HD 13189",32.4173964,32.3164548,497.82300000,12.40000000,1.2500000000,471.60001000000,1115.98,4175.00,38.410000,2005,"Radial Velocity"
"HD 106252 b","HD 106252",183.3730583,10.0404302,38.18500000,12.50000000,2.6550000000,1535.00000000000,178.13,5874.00,1.050000,2002,"Radial Velocity"
"HD 132406 b","HD 132406",224.2276121,53.3809615,70.78320000,12.80000000,1.9800000000,908.00000000000,228.73,5766.00,1.340000,2007,"Radial Velocity"
"HD 108874 c","HD 108874",187.6126029,22.8794399,59.51750000,13.80000000,2.6590000000,1624.00000000000,168.21,5551.00,1.050000,2005,"Radial Velocity"
"HD 10647 b","HD 10647",25.6233526,-53.7412852,17.33570000,13.80000000,2.0150000000,989.20000000000,221.54,6218.00,1.100000,2006,"Radial Velocity"
"HD 134060 b","HD 134060",227.6847587,-61.4223747,24.01250000,3.16000000,0.0444000000,3.26960000000,1473.18,5966.00,1.164285,2019,"Radial Velocity"
"HAT-P-21 b","HAT-P-21",171.2749348,41.0280207,277.27800000,12.44199000,0.0503700000,4.12448000000,1367.00,5588.00,1.210000,2010,"Transit"
"HD 215152 b","HD 215152",340.8380941,-6.4020685,21.59740000,,0.0576380000,5.75999000000,846.89,4935.00,0.730000,2018,"Radial Velocity"
"HD 37124 c","HD 37124",84.2599947,20.7289784,31.66340000,14.10000000,1.7100000000,885.50000000000,204.73,5698.64,0.949168,2002,"Radial Velocity"
"HD 159868 b","HD 159868",264.7466665,-43.1462347,55.85030000,13.30000000,2.3200000000,1184.10000000000,255.69,5534.00,2.130000,2006,"Radial Velocity"
"HD 187085 b","HD 187085",297.3915731,-37.7809929,45.89930000,13.90000000,2.1000000000,1019.74000000000,229.38,6117.00,1.270000,2006,"Radial Velocity"
"HD 216437 b","HD 216437",343.6639631,-70.0733957,26.69020000,13.00000000,2.5700000000,1359.00000000000,209.85,5909.00,1.394000,2002,"Radial Velocity"
"HD 187123 c","HD 187123",296.7428786,34.4189900,45.95480000,13.20000000,4.8900000000,3810.00000000000,135.42,5790.00,1.150430,2008,"Radial Velocity"
"HD 216770 b","HD 216770",343.9748751,-26.6595286,36.66250000,14.10000000,0.4600000000,118.45000000000,370.18,5399.00,0.930000,2003,"Radial Velocity"
"HD 18742 b","HD 18742",45.0443115,-20.8027024,162.68500000,13.10000000,1.8200000000,766.00000000000,399.93,4940.00,5.130000,2011,"Radial Velocity"
"HD 21693 c","HD 21693",51.8040469,-58.3232726,33.25500000,4.34000000,0.2586000000,53.73570000000,492.36,5430.00,0.914378,2019,"Radial Velocity"
"HD 162020 b","HD 162020",267.6599252,-40.3184646,30.82480000,12.50000000,0.0800000000,8.42820000000,650.00,4723.00,0.750000,2002,"Radial Velocity"
"HD 190647 b","HD 190647",301.8318167,-35.5395236,54.47380000,13.40000000,2.2310000000,1176.45000000000,214.19,5656.00,1.376000,2007,"Radial Velocity"
"HD 190984 b","HD 190984",302.8779827,-64.6202728,148.18700000,13.00000000,5.5000000000,4885.00000000000,152.29,5988.00,1.530000,2009,"Radial Velocity"
"HD 192263 b","HD 192263",303.4990864,-0.8657574,19.63590000,14.20000000,0.1500000000,24.35560000000,486.00,4976.00,0.740000,1999,"Radial Velocity"
"HD 217786 b","HD 217786",345.7838088,-0.4303594,55.48470000,12.30000000,2.4460000000,1301.36009000000,207.30,5966.00,1.270000,2011,"Radial Velocity"
"HD 217107 c","HD 217107",344.5647243,-2.3954489,20.06190000,12.90000000,5.9220000000,5138.70000000000,123.27,5622.00,1.224500,2005,"Radial Velocity"
"HD 41004 B b","HD 41004 B",89.9565956,-48.2394114,41.55040000,12.10000000,,1.32830000000,,5036.00,1.041370,2003,"Radial Velocity"
"HD 163607 c","HD 163607",268.4181383,56.3924701,67.78550000,13.30000000,2.3900000000,1272.00000000000,228.50,5522.00,1.760000,2012,"Radial Velocity"
"HD 192310 c","HD 192310",303.8284712,-27.0337556,8.79687000,5.25000000,1.1800000000,525.80000000000,185.00,5166.00,0.857922,2011,"Radial Velocity"
"HD 4208 b","HD 4208",11.1125532,-26.5150392,34.19370000,13.90000000,1.6620000000,832.97000000000,196.68,5717.00,0.846000,2001,"Radial Velocity"
"HD 164922 b","HD 164922",270.6304652,26.3104077,22.00160000,13.30000000,2.1600000000,1207.00000000000,159.40,5390.00,0.946000,2005,"Radial Velocity"
"HD 197037 b","HD 197037",309.8869681,42.2475930,33.19440000,13.90000000,2.0700000000,1035.70000000000,216.67,6150.00,1.105000,2012,"Radial Velocity"
"HD 4308 b","HD 4308",11.1652594,-65.6527159,22.01580000,4.12000000,0.1200000000,15.56000000000,799.37,5686.00,1.020000,2005,"Radial Velocity"
"Kepler-272 c","Kepler-272",299.1275257,47.5938319,889.60800000,1.79000000,0.0610000000,6.05734200000,947.00,5297.00,0.929000,2014,"Transit"
"HD 4313 b","HD 4313",11.4181301,7.8450492,136.30800000,13.40000000,1.1570000000,356.21000000000,502.39,4943.00,5.140000,2009,"Radial Velocity"
"HD 168746 b","HD 168746",275.4573269,-11.9229757,41.56810000,11.10000000,0.0700000000,6.40400000000,900.00,5570.00,1.090000,2002,"Radial Velocity"
"HD 148156 b","HD 148156",247.0723035,-46.3175085,57.12890000,13.90000000,2.4500000000,1027.00000000000,213.76,6308.00,1.210000,2009,"Radial Velocity"
"HD 17092 b","HD 17092",41.5924261,49.6530375,228.42200000,12.50000000,1.3100000000,359.89999000000,671.64,4326.00,13.580000,2007,"Radial Velocity"
"HD 27894 b","HD 27894",65.1975693,-59.4096776,43.82140000,14.10000000,0.1250000000,18.01939000000,627.88,4875.00,0.891767,2005,"Radial Velocity"
"HD 28254 b","HD 28254",66.2108141,-50.6228081,55.28840000,13.00000000,2.4500000000,1333.00000000000,212.28,5664.00,1.480000,2010,"Radial Velocity"
"HD 148427 b","HD 148427",247.1171311,-13.3996231,71.34990000,13.70000000,1.1100000000,331.90000000000,451.86,5025.00,3.860000,2009,"Radial Velocity"
"HD 171028 b","HD 171028",278.0643694,6.9456827,111.65900000,13.20000000,1.3200000000,550.00000000000,374.07,5671.00,2.470000,2007,"Radial Velocity"
"HD 204313 c","HD 204313",322.0510568,-21.7274194,47.79450000,4.31000000,0.2110000000,34.95875000000,634.95,5767.00,1.100000,2015,"Radial Velocity"
"HD 30177 b","HD 30177",70.4770964,-58.0208085,55.58670000,12.60000000,3.4900000000,2539.00000000000,148.00,5680.00,1.019000,2002,"Radial Velocity"
"HD 290327 b","HD 290327",80.8399887,-2.2780391,56.43300000,13.30000000,3.4300000000,2443.00000000000,139.70,5505.00,0.950000,2009,"Radial Velocity"
"HD 152581 b","HD 152581",253.4316451,11.9736828,165.76000000,13.40000000,1.6600000000,686.50000000000,426.55,5027.00,5.140000,2011,"Radial Velocity"
"HD 177830 b","HD 177830",286.3363574,25.9204327,62.76740000,13.50000000,1.1400000000,410.10001000000,399.64,4901.00,3.260000,1999,"Radial Velocity"
"HD 20794 b","HD 20794",49.9997666,-43.0666533,6.00278000,1.45000000,0.1257000000,18.31400000000,660.00,5368.00,0.930000,2011,"Radial Velocity"
"HD 31253 b","HD 31253",73.6822877,12.3520103,58.14380000,14.10000000,1.2600000000,466.00000000000,348.36,6130.00,1.750000,2010,"Radial Velocity"
"HD 178911 B b","HD 178911 B",287.2632091,34.6006972,40.97270000,12.60000000,0.3400000000,71.48400000000,480.24,5588.00,1.080000,2001,"Radial Velocity"
"HD 155358 b","HD 155358",257.3930947,33.3549277,43.61970000,13.80000000,0.6300000000,194.30000000000,421.43,5905.00,1.380000,2007,"Radial Velocity"
"HD 154857 b","HD 154857",257.8161940,-56.6810380,63.44820000,13.30000000,1.2900000000,408.60001000000,359.86,5589.00,2.300000,2004,"Radial Velocity"
"HD 155358 c","HD 155358",257.3930947,33.3549277,43.61970000,13.90000000,1.0200000000,391.90000000000,330.92,5900.00,1.380000,2007,"Radial Velocity"
"HD 210702 b","HD 210702",332.9638643,16.0404806,54.19630000,13.60000000,1.0790000000,355.50000000000,485.86,4912.00,4.540000,2007,"Radial Velocity"
"HD 3651 b","HD 3651",9.8387218,21.2488844,11.13360000,10.10000000,0.2950000000,62.25000000000,432.84,5221.00,0.871954,2003,"Radial Velocity"
"HD 156668 b","HD 156668",259.4183491,29.2281610,24.33230000,1.87000000,0.0500000000,4.64550000000,887.48,4850.00,0.720000,2010,"Radial Velocity"
"HD 156411 b","HD 156411",259.9639522,-48.5502313,56.86550000,14.00000000,1.8800000000,842.20000000000,304.95,5900.00,2.160000,2009,"Radial Velocity"
"HD 183263 b","HD 183263",292.1022982,8.3579183,54.19550000,13.10000000,1.4600000000,624.87404000000,263.26,5948.00,1.230000,2004,"Radial Velocity"
"HD 63454 b","HD 63454",114.8406393,-78.2791464,37.68940000,12.31000000,0.0400000000,2.81805000000,1018.06,4812.00,0.770000,2005,"Radial Velocity"
"HD 89307 b","HD 89307",154.5874958,12.6209392,32.01040000,13.40000000,3.2700000000,2166.00000000000,166.55,5955.00,1.100000,2009,"Radial Velocity"
"rho CrB b","rho CrB",240.2600639,33.3001861,17.46710000,13.70000000,0.2245000000,39.84900000000,614.00,5817.00,1.361700,1997,"Radial Velocity"
"HD 66428 b","HD 66428",120.8691654,-1.1636019,53.28170000,12.40000000,3.3950000000,2269.81726000000,159.02,5716.00,1.130000,2005,"Radial Velocity"
"HD 93083 b","HD 93083",161.0866672,-33.5776794,28.51590000,14.30000000,0.5080000000,144.72000000000,311.57,5033.80,0.837000,2005,"Radial Velocity"
"HD 69830 b","HD 69830",124.6010091,-12.6364246,12.55910000,3.17000000,0.0785000000,8.66700000000,872.84,5385.00,0.886947,2006,"Radial Velocity"
"TrES-3 b","TrES-3",268.0291106,37.5463268,231.33700000,14.97500000,0.0228200000,1.30618581000,1638.00,5650.00,0.829000,2007,"Transit"
"WASP-50 b","WASP-50",43.6880738,-10.8980242,184.84800000,13.06969400,0.0293000000,1.95510000000,1394.84,5400.00,0.843000,2011,"Transit"
"HD 69830 d","HD 69830",124.6010091,-12.6364246,12.55910000,4.45000000,0.6300000000,197.00000000000,308.10,5385.00,0.886947,2006,"Radial Velocity"
"HD 96127 b","HD 96127",166.4415020,44.3015500,587.65900000,13.00000000,1.4100000000,638.90000000000,947.29,3943.00,35.000000,2011,"Radial Velocity"
"HD 70573 b","HD 70573",125.7079153,1.8591088,59.18200000,12.80000000,1.7600000000,851.80000000000,206.11,5737.00,0.976919,2007,"Radial Velocity"
"HD 97658 b","HD 97658",168.6376584,25.7105962,21.56180000,2.12000000,0.0805000000,9.48971160000,751.00,5212.00,0.728000,2010,"Radial Velocity"
"V0391 Peg b","V0391 Peg",331.0504119,26.4188227,1195.98000000,13.10000000,1.7000000000,1170.00000000000,519.69,29300.00,0.230000,2007,"Pulsation Timing Variations"
"WASP-8 b","WASP-8",359.9008737,-35.0313349,89.96060000,12.66617000,0.0801000000,8.15872000000,1059.00,5600.00,1.030000,2010,"Transit"
"WASP-10 b","WASP-10",348.9930457,31.4627508,140.99800000,12.10600000,0.0378100000,3.09276160000,1370.00,4675.00,0.698000,2008,"Transit"
"XO-2 N b","XO-2 N",117.0267691,50.2251472,154.27300000,11.13053700,0.0366600000,2.61585906000,1328.00,5290.00,0.998000,2007,"Transit"
"HD 74156 b","HD 74156",130.6047813,4.5772338,57.60300000,13.50000000,0.2800000000,51.63564000000,679.63,6068.00,1.510576,2003,"Radial Velocity"
"HD 99706 b","HD 99706",172.1261621,43.9662025,146.60000000,13.70000000,1.9800000000,841.00000000000,391.46,4862.00,5.520000,2011,"Radial Velocity"
"HIP 12961 b","HIP 12961",41.6800749,-23.0860048,23.37100000,13.20000000,0.2500000000,57.43500000000,303.32,3901.00,0.650000,2010,"Radial Velocity"
"HD 45184 b","HD 45184",96.1820205,-28.7806402,21.95320000,3.52000000,0.0644000000,5.88540000000,1156.34,5869.00,1.075139,2019,"Radial Velocity"
"WASP-16 b","WASP-16",214.6830109,-20.2754374,194.13400000,13.67498000,0.0415000000,3.11860000000,1389.00,5700.00,1.140000,2009,"Transit"
"HD 45364 b","HD 45364",96.4105736,-31.4810037,34.35400000,9.03000000,0.6793000000,225.79000000000,301.69,5466.00,0.890000,2008,"Radial Velocity"
"HD 75898 b","HD 75898",133.4611999,33.0566885,78.05050000,13.20000000,1.2025000000,422.82000000000,335.16,6122.00,1.550000,2007,"Radial Velocity"
"HD 7924 b","HD 7924",20.4956562,76.7101475,16.99220000,,0.0600000000,5.39792000000,825.90,5131.00,0.780000,2008,"Radial Velocity"
"Kepler-746 b","Kepler-746",290.6822097,37.3551593,450.00000000,1.11000000,0.0435000000,3.48159251000,1156.00,5418.00,0.930000,2016,"Transit"
"HD 79498 b","HD 79498",138.7885794,23.3748792,48.94890000,13.60000000,2.9800000000,1807.00000000000,164.53,5748.00,1.050000,2011,"Radial Velocity"
"HD 48265 b","HD 48265",100.0073683,-48.5418284,90.54460000,12.60000000,1.8140000000,778.51000000000,283.00,5733.00,1.901000,2008,"Radial Velocity"
"HD 49674 b","HD 49674",102.8773483,40.8672284,43.03990000,6.20000000,0.0600000000,4.94737000000,1113.78,5602.00,1.020000,2002,"Radial Velocity"
"HIP 57274 c","HIP 57274",176.1705487,30.9576484,25.86180000,14.20000000,0.1780000000,32.03000000000,437.32,4640.00,0.680000,2011,"Radial Velocity"
"HD 52265 b","HD 52265",105.0746449,-5.3668142,29.98030000,13.70000000,0.5200000000,119.27000000000,405.00,6136.00,1.320000,2000,"Radial Velocity"
"HR 8799 e","HR 8799",346.8701486,21.1340376,41.24410000,13.11453000,16.4000000000,20815.60000000000,1150.00,7400.00,1.493380,2010,"Imaging"
"HD 5891 b","HD 5891",15.1383168,20.2923139,283.50200000,12.60000000,0.6400000000,177.11000000000,918.78,4673.00,10.640000,2011,"Radial Velocity"
"HD 85390 b","HD 85390",147.5105663,-49.7905254,33.52250000,6.16000000,1.3730000000,799.52000000000,190.89,5186.00,0.800000,2011,"Radial Velocity"
"xi Aql b","xi Aql",298.5624491,8.4611051,56.18580000,13.40000000,0.6250000000,136.97000000000,973.07,4841.00,10.860000,2007,"Radial Velocity"
"WASP-35 b","WASP-35",76.0818912,-6.2297801,202.21800000,14.57170000,0.0431700000,3.16158000000,1338.29,5990.00,1.080000,2011,"Transit"
"TOI-1408 b","TOI-1408",313.5110469,72.5806455,139.48400000,25.00000000,0.0577800000,4.42587000000,1293.00,6117.00,1.530000,2023,"Transit"
"TOI-2524 b","TOI-2524",160.8868435,-1.9126984,438.84200000,11.20898070,0.0730000000,7.18585000000,1100.00,5831.00,1.119000,2023,"Transit"
"HD 219415 b","HD 219415",348.7243579,56.7303001,165.18400000,13.80000000,3.2000000000,2093.30000000000,221.26,4820.00,2.900000,2012,"Radial Velocity"
"WD 0806-661 b","WD 0806-661",121.7275683,-66.3058835,19.24440000,12.10569916,2500.0000000000,,357.00,10393.00,,2011,"Imaging"
"WASP-99 b","WASP-99",39.8976689,-50.0081934,158.66000000,11.43318000,0.0717000000,5.75251000000,1480.00,6150.00,1.640000,2014,"Transit"
"HD 32963 b","HD 32963",76.9820146,26.3276805,38.07860000,13.40000000,3.4100000000,2372.00000000000,157.63,5727.00,1.111044,2015,"Radial Velocity"
"K2-133 b","K2-133",70.1493775,25.0098135,75.17030000,1.34000000,0.0319400000,3.07133000000,665.21,3655.00,0.455000,2017,"Transit"
"HATS-53 b","HATS-53",176.6283230,-33.8600764,585.77000000,15.02006000,0.0475300000,3.85377680000,1312.00,5644.00,1.101000,2017,"Transit"
"Kepler-286 b","Kepler-286",290.6761874,48.2942362,1226.85000000,1.24000000,0.0270000000,1.79630200000,1367.00,5580.00,0.863000,2014,"Transit"
"TOI-283 b","TOI-283",118.5693065,-65.4414820,82.70130000,2.34000000,0.1230000000,17.61745000000,661.00,5213.00,0.850000,2025,"Transit"
"Kepler-69 b","Kepler-69",293.2609013,44.8688656,730.62500000,2.24000000,0.0940000000,13.72234100000,779.00,5638.00,0.930000,2013,"Transit"
"TOI-2525 b","TOI-2525",86.8509737,-60.5213081,395.39800000,8.67575106,0.1511000000,23.28560000000,512.97,5096.00,0.785000,2023,"Transit"
"HD 169830 b","HD 169830",276.9561859,-29.8167919,37.60480000,13.20000000,0.7650000000,225.67372000000,345.00,6300.00,1.935709,2000,"Radial Velocity"
"HD 192699 b","HD 192699",304.0248392,4.5805708,71.86270000,13.40000000,1.0630000000,340.94000000000,495.11,5041.00,4.410000,2007,"Radial Velocity"
"Pr0211 b","Pr0211",130.5477440,19.2769570,182.71400000,13.40000000,0.0317600000,2.14610000000,1304.13,5300.00,0.827000,2012,"Radial Velocity"
"HATS-3 b","HATS-3",312.4574879,-24.4286938,411.21100000,15.48000000,0.0485000000,3.54785100000,1648.00,6351.00,1.404000,2013,"Transit"
"HD 33844 c","HD 33844",78.1505649,-14.9509775,105.77900000,13.50000000,2.2400000000,916.00000000000,360.22,4861.00,5.290000,2015,"Radial Velocity"
"HATS-29 b","HATS-29",285.0965172,-54.8933408,353.89100000,14.02245900,0.0547500000,4.60587490000,1212.00,5670.00,1.073000,2016,"Transit"
"K2-138 b","K2-138",348.9490311,-10.8497391,202.58500000,1.51000000,0.0338500000,2.35309000000,1157.00,5356.30,0.863000,2017,"Transit"
"gam Lib c","gam Lib",233.8818636,-14.7895020,47.40170000,12.80000000,2.3180000000,966.49000000000,543.71,4879.00,12.380000,2018,"Radial Velocity"
"TOI-406.01","TOI-406",49.2626428,-42.2441492,31.05970000,2.08000000,0.0809000000,13.17568200000,368.00,3392.00,0.410000,2024,"Transit"
"Kepler-282 d","Kepler-282",284.6772402,44.7976401,1337.61000000,2.46000000,0.1583700000,24.80600000000,588.00,5656.00,0.890000,2013,"Transit"
"TOI-663 b","TOI-663",160.0658525,-8.5110827,64.23080000,2.27000000,0.0295000000,2.59890200000,674.00,3681.00,0.512000,2024,"Transit"
"Kepler-283 b","Kepler-283",293.6137413,47.8389380,468.09400000,2.13000000,0.0820000000,11.00815100000,488.00,4351.00,0.566000,2014,"Transit"
"HD 195019 b","HD 195019",307.0792427,18.7692509,37.66810000,13.00000000,0.1400000000,18.20132000000,901.66,5751.00,1.480000,1998,"Radial Velocity"
"BD-06 1339 c","BD-06 1339",88.2511811,-5.9963378,20.26950000,8.38000000,0.4350000000,125.94000000000,261.91,4324.00,0.686355,2013,"Radial Velocity"
"CoRoT-25 b","CoRoT-25",280.6296561,6.5138223,1103.48000000,12.11000000,0.0578000000,4.86069000000,1330.00,6040.00,1.190000,2013,"Transit"
"HD 564 b","HD 564",2.4694459,-50.2678998,51.16590000,12.50000000,1.2000000000,492.30000000000,261.10,5902.00,1.010000,2014,"Radial Velocity"
"HATS-45 b","HATS-45",101.9942455,-21.9107112,772.11000000,14.41477400,0.0551100000,4.18762440000,1518.00,6450.00,1.315000,2018,"Transit"
"Kepler-421 b","Kepler-421",283.2568116,45.0876823,348.55800000,4.16000000,1.2190000000,704.19840000000,185.00,5308.00,0.757000,2014,"Transit"
"TOI-663 d","TOI-663",160.0658525,-8.5110827,64.23080000,1.92000000,0.0576000000,7.10272680000,482.00,3681.00,0.512000,2024,"Transit"
"TOI-1443 b","TOI-1443",297.3986780,76.1391776,85.80340000,2.30381001,0.1470000000,23.54067800000,520.66,5224.00,0.751100,2024,"Transit"
"HAT-P-41 b","HAT-P-41",297.3226523,4.6724124,348.18500000,22.97845000,0.0425800000,2.69405000000,1941.00,6390.00,2.050000,2012,"Transit"
"HD 5608 b","HD 5608",14.5594349,33.9505774,58.11050000,13.70000000,1.7900000000,768.70000000000,403.72,4807.00,5.430000,2012,"Radial Velocity"
"HD 13908 b","HD 13908",34.5609102,65.5941901,79.55150000,13.90000000,0.1540000000,19.38200000000,993.25,6255.00,1.670000,2013,"Radial Velocity"
"HD 108341 b","HD 108341",186.8791724,-71.4224896,48.91020000,13.30000000,2.0000000000,1129.00000000000,155.23,5122.00,0.790000,2014,"Radial Velocity"
"KELT-12 b","KELT-12",267.6404906,36.5701761,368.03000000,19.95202000,0.0670800000,5.03162300000,1800.00,6279.00,2.370000,2017,"Transit"
"HD 34445 f","HD 34445",79.4207483,7.3527156,46.09070000,6.88000000,1.5430000000,676.80000000000,266.14,5836.00,1.380000,2017,"Radial Velocity"
"HD 34445 e","HD 34445",79.4207483,7.3527156,46.09070000,4.26000000,0.2687000000,49.17500000000,637.76,5836.00,1.380000,2017,"Radial Velocity"
"KELT-19 A b","KELT-19 A",111.5095293,7.6157759,300.27600000,21.40919000,0.0637000000,4.61170930000,1935.00,7500.00,1.830000,2017,"Transit"
"KOI-1257 b","KOI-1257",291.2250888,44.9272918,656.00000000,10.54000000,0.3820000000,86.64766100000,511.00,5520.00,1.130000,2014,"Transit"
"TOI-1226 b","TOI-1226",103.7548364,-69.8671293,257.93000000,2.41011120,,3.92880881576,1123.44,5434.91,0.986943,2026,"Transit"
"K2-219 d","K2-219",12.8452963,8.8675474,325.40000000,2.57634456,,11.13727800000,,5753.00,1.189232,2018,"Transit"
"HD 216435 b","HD 216435",343.4094703,-48.5986332,32.98340000,13.70000000,2.5600000000,1311.00000000000,242.57,5999.00,1.800029,2002,"Radial Velocity"
"HD 23079 b","HD 23079",54.9281897,-52.9162344,33.45910000,13.20000000,1.6000000000,735.74000000000,237.47,5994.00,1.080000,2001,"Radial Velocity"
"BD+49 828 b","BD+49 828",45.6406187,49.7299481,442.04200000,13.50000000,4.2000000000,2590.00000000000,320.63,4943.00,7.600000,2015,"Radial Velocity"
"HD 20794 e","HD 20794",49.9997666,-43.0666533,6.00278000,2.03000000,0.5090000000,147.02000000000,352.04,5401.00,0.930000,2017,"Radial Velocity"
"K2-239 b","K2-239",160.5941265,4.4413751,31.08490000,1.10000000,0.0441000000,5.24000000000,502.00,3420.00,0.360000,2018,"Transit"
"TOI-880.02","TOI-880",94.1644734,-13.9873370,60.66790000,2.19000000,0.0349000000,2.57571000000,1085.00,5050.00,0.830000,2024,"Transit"
"TOI-1232 b","TOI-1232",116.5013990,-61.8797935,328.60400000,10.92875618,0.1170000000,14.25600000000,785.71,5823.00,1.072000,2026,"Transit"
"WASP-71 b","WASP-71",29.2634506,0.7588247,362.71500000,13.22662000,0.0460000000,2.90367000000,2016.10,6050.00,1.820000,2012,"Transit"
"HD 159243 c","HD 159243",263.3395365,5.7008254,73.30550000,13.40000000,0.8000000000,248.40000000000,349.35,6123.00,1.120000,2013,"Radial Velocity"
"HIP 91258 b","HIP 91258",279.2211173,61.7015065,45.88460000,13.70000000,0.0600000000,5.05050000000,1024.97,5519.00,0.890000,2013,"Radial Velocity"
"HIP 109384 b","HIP 109384",332.4089720,71.3139560,58.95820000,13.50000000,1.1340000000,499.48000000000,213.83,5180.00,0.831075,2016,"Radial Velocity"
"HD 27894 c","HD 27894",65.1975693,-59.4096776,43.82140000,8.24000000,0.1980000000,36.07000000000,498.89,4875.00,0.891767,2017,"Radial Velocity"
"K2-239 d","K2-239",160.5941265,4.4413751,31.08490000,1.10000000,0.0685000000,10.11500000000,399.00,3420.00,0.360000,2018,"Transit"
"Kepler-778 b","Kepler-778",287.4774867,44.2374702,938.16800000,1.68000000,0.0453000000,3.75574426000,977.00,5102.00,0.770000,2016,"Transit"
"TOI-1244 b","TOI-1244",256.2795590,69.5190930,102.55100000,2.46700000,0.0606940000,6.40031648300,714.86,4599.00,0.721000,2024,"Transit"
"TOI-1466 b","TOI-1466",307.3965319,61.5507253,86.57830000,2.46741991,,1.87190602231,1001.00,4435.39,0.749646,2026,"Transit"
"K2-157 b","K2-157",183.7514959,-5.7820178,298.37300000,0.93500000,0.0096200000,0.36525750000,2432.00,5334.00,0.860000,2018,"Transit"
"HD 33564 b","HD 33564",80.6378979,79.2318488,20.95310000,12.50000000,1.1000000000,388.00000000000,344.43,6250.00,1.436700,2005,"Radial Velocity"
"WASP-55 b","WASP-55",203.7581951,-17.5034961,297.46200000,14.72860064,0.0558000000,4.46563100000,1342.00,6096.00,1.090000,2012,"Transit"
"ROXs 12 b","ROXs 12",246.6167993,-25.4466950,136.65000000,12.20000000,210.0000000000,,13.23,3850.00,1.066270,2013,"Imaging"
"bet UMi b","bet UMi",222.6764950,74.1555480,38.77472000,12.70000000,1.4000000000,522.30000000000,1040.63,4126.00,38.300000,2014,"Radial Velocity"
"HD 216536 b","HD 216536",343.2665641,44.4777303,376.23300000,13.80000000,0.6100000000,148.60001000000,897.99,4639.00,9.830000,2015,"Radial Velocity"
"HIP 65407 b","HIP 65407",201.0876630,48.8847322,61.78040000,14.30000000,0.1770000000,28.12500000000,610.68,5460.00,0.952252,2016,"Radial Velocity"
"HD 12484 b","HD 12484",30.6115322,2.8158078,48.33670000,13.20000000,0.2970000000,58.83000000000,524.30,5920.00,1.001848,2016,"Radial Velocity"
"NGTS-1 b","NGTS-1",82.7142134,-36.6309812,218.12100000,14.90797000,0.0326000000,2.64729800000,790.00,3916.00,0.573000,2017,"Transit"
"K2-148 b","K2-148",14.5176494,-0.1932580,124.45800000,1.33000000,0.0454000000,4.38395000000,733.87,4079.00,0.632000,2018,"Transit"
"K2-158 b","K2-158",179.9397081,-5.7216879,197.29900000,2.64000000,0.0887000000,10.06049000000,794.00,5503.00,0.950000,2018,"Transit"
"HD 86081 b","HD 86081",149.0243714,-3.8083543,103.93600000,13.60000000,0.0346000000,2.13784310000,1860.31,5939.00,1.460000,2006,"Radial Velocity"
"HD 45652 b","HD 45652",97.3058709,10.9336212,34.85410000,14.30000000,0.2370000000,44.07300000000,508.40,5294.00,0.940000,2008,"Radial Velocity"
"WASP-62 b","WASP-62",87.1398205,-63.9883286,175.63100000,14.79588000,0.0571000000,4.41195000000,1475.30,6230.00,1.230000,2012,"Transit"
"TOI-1422 b","TOI-1422",354.2408290,39.6392793,155.14100000,3.83000000,0.1070000000,12.99894000000,870.00,5840.00,1.019000,2022,"Transit"
"HIP 65426 b","HIP 65426",201.1501727,-51.5045384,108.87500000,16.81350000,92.0000000000,,1500.00,8840.00,1.770000,2017,"Imaging"
"K2-148 d","K2-148",14.5176494,-0.1932580,124.45800000,1.64000000,0.0774000000,9.75790000000,562.05,4079.00,0.632000,2018,"Transit"
"GJ 1265 b","GJ 1265",333.4324675,-17.6870623,10.25250000,2.63000000,0.0260000000,3.65110000000,424.04,3236.00,0.192000,2018,"Radial Velocity"
"HD 6061 b","HD 6061",15.5981441,37.1854394,67.62030000,2.42763557,0.0600000000,5.25490000000,1075.31,5934.00,1.007200,2023,"Transit"
"FU Tau b","FU Tau",65.8974962,25.0506711,133.49504660,12.20000000,800.0000000000,,2375.00,2838.00,,2008,"Imaging"
"Kepler-19 c","Kepler-19",290.4209694,37.8516556,218.56200000,3.68000000,0.1765736996,28.73100000000,589.64,5544.00,0.859000,2011,"Transit Timing Variations"
"Kepler-25 d","Kepler-25",286.6383905,39.4879038,243.24900000,10.00000000,0.4164221832,122.40000000000,544.68,6354.00,1.316000,2014,"Radial Velocity"
"HIP 8541 b","HIP 8541",27.5271962,-54.4651633,155.12100000,12.60000000,3.7290000000,1852.14387000000,305.12,4672.00,6.840000,2016,"Radial Velocity"
"K2-113 b","K2-113",19.4493823,6.8688469,635.72200000,12.14000000,0.0642000000,5.81768500000,1098.00,5660.00,1.240000,2017,"Transit"
"K2-152 b","K2-152",181.6324078,-5.8274311,108.44900000,2.29000000,0.1716000000,32.64790000000,337.00,4044.00,0.610000,2018,"Transit"
"K2-243 c","K2-243",181.1211419,-4.8991358,266.86400000,2.01000000,0.1817000000,24.94598000000,801.00,6570.00,1.390000,2018,"Transit"
"HD 13167 b","HD 13167",32.0576350,-24.6955750,148.93400000,13.10000000,4.1000000000,2613.00000000000,208.79,5671.00,2.390000,2018,"Radial Velocity"
"TOI-929 b","TOI-929",45.9071657,-39.9307758,114.42100000,2.68983343,,5.83015366944,774.00,4457.16,0.717414,2026,"Transit"
"K2-162 b","K2-162",186.0383865,-1.1114790,124.43300000,1.44000000,0.0795000000,9.45889000000,631.00,4842.00,0.690000,2018,"Transit"
"K2-161 b","K2-161",183.7938491,-3.4956913,916.31900000,6.11721229,,9.28318800000,,4972.00,2.568173,2018,"Transit"
"KELT-3 b","KELT-3",148.6431193,40.3879446,210.25200000,17.48604000,0.0412300000,2.70339000000,1816.00,6304.00,1.700000,2013,"Transit"
"Kepler-97 c","Kepler-97",287.3265292,48.6733443,400.90700000,,,789.00000000000,,5779.00,0.980000,2014,"Radial Velocity"
"KELT-14 b","KELT-14",108.3014090,-42.4097623,250.12100000,19.53728700,0.0300500000,1.71005660000,1970.00,5720.00,1.520000,2016,"Transit"
"tau Cet h","tau Cet",26.0093029,-15.9337987,3.60304000,1.19000000,0.2430000000,49.41000000000,473.22,5310.00,0.830000,2017,"Radial Velocity"
"K2-154 c","K2-154",189.0015173,-2.6696217,129.35600000,2.07000000,0.0677000000,7.95486000000,552.00,4097.00,0.630000,2018,"Transit"
"K2-246 b","K2-246",181.6296115,-1.1606000,703.61600000,3.49000000,0.0602000000,5.76918000000,977.00,5610.00,0.940000,2018,"Transit"
"TOI-969 b","TOI-969",115.1366858,2.0985879,77.25540000,2.76500000,0.0263600000,1.82373050000,941.00,4435.00,0.671000,2022,"Transit"
"TOI-1291 b","TOI-1291",245.8180089,62.9251213,428.12300000,5.63826391,,7.16200975510,1649.00,6139.95,1.810900,2026,"Transit"
"HD 220689 b","HD 220689",351.4707282,-20.6167923,46.87780000,13.70000000,3.3960000000,2266.40000000000,160.11,5921.00,1.068000,2012,"Radial Velocity"
"GJ 163 b","GJ 163",62.3228353,-53.3711768,15.12850000,3.25000000,0.0607000000,8.63182000000,438.49,3500.00,0.409738,2013,"Radial Velocity"
"WASP-104 b","WASP-104",160.6023689,7.4350768,185.93200000,12.74500000,0.0291800000,1.75541370000,1516.00,5475.00,0.963000,2014,"Transit"
"HAT-P-53 b","HAT-P-53",21.8711012,38.9681137,666.80200000,14.77346200,0.0315900000,1.96162410000,1778.00,5956.00,1.209000,2015,"Transit"
"HD 111591 b","HD 111591",192.5725483,22.8631285,114.16600000,12.90000000,2.5000000000,1056.40000000000,422.08,4884.00,8.030000,2017,"Radial Velocity"
"K2-155 b","K2-155",65.4696140,21.3532633,72.79980000,1.80000000,0.0562000000,6.34200000000,708.00,4258.00,0.580000,2018,"Transit"
"HD 180053 b","HD 180053",288.4008374,34.9146658,137.04300000,13.30000000,0.8430000000,213.72000000000,542.98,5131.00,4.060000,2018,"Radial Velocity"
"TOI-1669 c","TOI-1669",45.9564744,83.5874273,111.27600000,2.29639770,0.0376000000,2.68005350000,1285.16,5497.00,1.056100,2024,"Transit"
"K2-165 d","K2-165",184.9004881,0.9683270,134.59100000,2.64809498,,14.10136100000,629.38,5185.00,0.803827,2018,"Transit"
"DENIS-P J082303.1-491201 b","DENIS-P J082303.1-491201",125.7620668,-49.2003008,20.77000000,11.90000000,0.3600000000,246.36000000000,,,,2013,"Astrometry"
"NGC 2682 YBP 1514 b","NGC 2682 YBP 1514",132.7531307,11.8865128,914.22100000,14.00000000,,5.11800000000,,5725.00,0.890000,2014,"Radial Velocity"
"HD 14067 b","HD 14067",34.2933480,23.7676546,142.02400000,12.20000000,5.1500000000,2744.00000000000,360.28,4815.00,12.400000,2014,"Radial Velocity"
"K2-30 b","K2-30",52.3420548,22.2993491,333.04200000,11.64615100,0.0483900000,4.09850300000,1092.00,5425.00,0.844000,2016,"Transit"
"YZ Cet d","YZ Cet",18.1330792,-16.9962434,3.71207000,1.03000000,0.0285100000,4.65626000000,356.70,3151.00,0.157000,2017,"Radial Velocity"
"Kepler-90 i","KOI-351",284.4334642,49.3051239,848.25400000,1.32000000,0.1201380843,14.44912000000,709.00,6015.00,1.290000,2017,"Transit"
"HD 75784 c","HD 75784",133.0992289,13.2330548,85.43210000,12.80000000,8.4000000000,7900.00000000000,149.31,4867.00,3.400000,2018,"Radial Velocity"
"WASP-56 b","WASP-56",183.3660401,23.0556870,321.08400000,10.53646000,0.0561400000,4.61710000000,1216.00,5600.00,0.960000,2012,"Transit"
"GJ 667 C g","GJ 667 C",259.7510609,-34.9977651,7.24396000,1.99000000,0.5490000000,256.20000000000,,3350.00,,2013,"Radial Velocity"
"WASP-135 b","WASP-135",267.2848846,29.8790428,298.21400000,14.57170000,0.0243000000,1.40137940000,1403.66,5675.00,0.960000,2015,"Transit"
"CoRoT-32 b","CoRoT-32",100.1951714,9.2573953,576.68300000,6.38913000,0.0710000000,6.71837000000,938.00,5970.00,0.790000,2018,"Transit"
"TOI-1054.01","TOI-1054",302.1141738,-54.3175014,88.43430000,2.43432000,,15.50778550000,853.00,6122.00,1.170000,2021,"Transit"
"Kepler-504 b","Kepler-504",284.9219608,45.9723265,99.06880000,1.59000000,0.0646000000,9.54927542200,374.00,3519.00,0.330000,2016,"Transit"
"KMT-2025-BLG-0975L b","KMT-2025-BLG-0975L",267.5743333,-30.5875000,7923.00000000,5.97000000,0.8100000000,,,,,2026,"Microlensing"
"TOI-1691 b","TOI-1691",272.4041179,86.8603430,111.44500000,3.66000000,0.1293650000,16.73688893500,703.49,5759.00,1.000000,2024,"Transit"
"K2-221 b","K2-221",16.6550286,10.1897385,318.81000000,1.67890272,,2.39909400000,,5716.00,0.947599,2018,"Transit"
"GJ 504 b","GJ 504",199.1923480,9.4249781,17.52990000,12.10569916,43.5000000000,,510.00,6234.00,1.260000,2013,"Imaging"
"WASP-68 b","WASP-68",305.0957239,-19.3147271,226.39900000,14.79588000,0.0620600000,5.08430000000,1490.00,5910.00,1.790000,2014,"Transit"
"psi1 Dra B b","psi1 Dra B",265.4925754,72.1557114,22.71880000,13.50000000,4.4300000000,3117.00000000000,159.48,6212.00,1.255735,2015,"Radial Velocity"
"K2-118 b","K2-118",132.1268608,15.6558964,321.72200000,2.54000000,0.2450000000,50.92092000000,394.64,4726.29,0.734626,2017,"Transit"
"GJ 3942 b","GJ 3942",242.2645452,52.9441443,16.92870000,2.57000000,0.0608000000,6.90500000000,590.00,3867.00,0.610000,2017,"Radial Velocity"
"Kepler-1654 b","Kepler-1654",282.1856949,44.4344617,568.11700000,9.18017100,2.0260000000,1047.83560000000,206.00,5597.00,1.179000,2018,"Transit"
"TOI-1695 b","TOI-1695",21.9217346,72.2966148,45.13090000,1.90000000,0.0335480000,3.13427910000,698.00,3690.00,0.515000,2022,"Transit"
"Kepler-750 b","Kepler-750",289.0968274,44.0043640,1296.02000000,3.07000000,0.0874200000,9.42887179000,1163.00,6160.00,1.230000,2016,"Transit"
"WASP-78 b","WASP-78",63.7562662,-22.1163901,754.25800000,21.63337000,0.0348800000,2.17518000000,2469.70,6100.00,2.460000,2012,"Transit"
"HD 66141 b","HD 66141",120.5662825,2.3350265,68.15090000,12.80000000,1.2000000000,480.50000000000,880.31,4323.00,21.400000,2012,"Radial Velocity"
"HD 203030 b","HD 203030",319.7432238,26.2305846,39.25030000,14.45958510,487.1000000000,,1040.00,5603.00,0.856458,2006,"Imaging"
"WASP-88 b","WASP-88",309.5112337,-48.4620833,523.75600000,16.36514000,0.0643100000,4.95400000000,1772.00,6430.00,1.800000,2014,"Transit"
"KIC 10001893 c","KIC 10001893",287.3892308,46.9844491,1672.94000000,,,0.32528000000,,27500.00,0.180000,2014,"Orbital Brightness Modulation"
"Wolf 1061 d","Wolf 1061",247.5748276,-12.6676866,4.30592000,2.69000000,0.4700000000,217.21000000000,130.24,3342.00,0.307000,2015,"Radial Velocity"
"K2-130 b","K2-130",290.2705419,-19.6908744,118.01100000,1.25000000,0.0320000000,2.49412000000,1013.11,4356.47,0.744261,2017,"Transit"
"K2-129 b","K2-129",289.1485491,-25.6463233,27.79570000,1.04000000,0.0570000000,8.23949300000,419.19,3459.09,0.360010,2017,"Transit"
"HD 147379 b","HD 147379",244.1725686,67.2392041,10.76430000,4.94000000,0.3193000000,86.58000000000,276.66,4090.00,0.628304,2017,"Radial Velocity"
"HATS-42 b","HATS-42",108.4523991,-33.4373462,800.37700000,15.69260000,0.0368900000,2.29210200000,1856.00,6060.00,1.480000,2018,"Transit"
"WASP-144 b","WASP-144",320.7628761,-40.0484393,355.51300000,9.52765000,0.0316000000,2.27831520000,1260.00,5200.00,0.810000,2018,"Transit"
"HD 83443 c","HD 83443",144.2994103,-43.2727210,40.89910000,13.60000000,8.0000000000,8241.00000000000,89.95,5442.00,0.940000,2022,"Radial Velocity"
"TOI-1347 c","TOI-1347",280.3266806,70.2900536,147.47600000,1.60000000,0.0546000000,4.84196200000,1000.00,5464.00,0.830000,2024,"Transit"
"HD 108147 b","HD 108147",186.4409852,-64.0223492,38.92000000,10.90000000,0.1020000000,10.89850000000,890.00,6255.73,1.206640,2002,"Radial Velocity"
"CHXR 73 b","CHXR 73",166.6193985,-77.6258725,190.37400000,12.30000000,210.0000000000,,,3099.00,,2006,"Imaging"
"KIC 8540376 b","KOI-7892",282.3775397,44.6945690,1072.30000000,4.10000000,,31.80990000000,,6474.00,1.260000,2015,"Transit"
"HATS-51 b","HATS-51",102.8474248,-29.0586551,389.57000000,15.80469000,0.0463900000,3.34887020000,1553.00,5758.00,1.440000,2017,"Transit"
"K2-233 b","K2-233",230.4799011,-20.2317975,67.50620000,1.31500000,0.0329300000,2.46758300000,1127.00,4796.00,0.710000,2018,"Transit"
"Kepler-814 b","Kepler-814",284.9105256,48.4315896,2055.77000000,2.12000000,0.0695000000,6.14698510000,1164.00,6162.00,1.220000,2016,"Transit"
"HD 18599 b","HD 18599",44.2620144,-56.1918694,38.56530000,2.60000000,0.0480000000,4.13743540000,863.00,5145.00,0.767000,2022,"Transit"
"Kepler-127 c","Kepler-127",285.1899439,46.0280596,352.79400000,2.66000000,0.2000000000,29.39319500000,698.00,6106.00,1.359000,2014,"Transit"
"HIP 55507 b","HIP 55507",170.5227246,46.9078030,25.48930000,12.60000000,5.0620000000,5138.43727000000,76.05,4171.00,0.723643,2022,"Radial Velocity"
"NGC 2682 Sand 1429 b","NGC 2682 Sand 1429",133.0147781,11.6899626,852.79300000,13.40000000,0.3840000000,77.48000000000,683.00,6000.00,2.130000,2024,"Radial Velocity"
"Kepler-955 b","Kepler-955",288.4714969,40.2698157,550.38300000,3.13000000,0.1083000000,14.53244172000,664.00,5350.00,0.840000,2016,"Transit"
"Kepler-962 b","Kepler-962",295.3131906,46.2375024,411.48600000,1.97000000,0.0987400000,12.05707239000,689.00,5478.00,0.860000,2016,"Transit"
"TOI-5678 b","TOI-5678",47.3841872,-34.1984808,165.39300000,4.91000000,0.2490000000,47.73022000000,513.00,5485.00,0.938000,2023,"Transit"
"HD 155918 c","HD 155918",260.5364025,-75.3492390,27.56100000,12.80000000,13.1830000000,17202.19446000000,77.38,5771.84,1.019060,2022,"Radial Velocity"
"TOI-6034 b","TOI-6034",317.9001392,68.4020762,117.99200000,11.92000000,0.0294900000,2.57618400000,714.00,3635.00,0.489000,2024,"Transit"
"HD 101581 b","HIP 56998",175.2563039,-44.4041485,12.77810000,0.95600000,0.0460000000,4.46569000000,834.00,4675.00,0.630000,2025,"Transit"
"Kepler-922 b","Kepler-922",284.7316084,49.5331490,536.32300000,1.42000000,0.0179500000,0.93846683200,1876.00,5671.00,0.930000,2016,"Transit"
"Barnard c","Barnard's star",269.4486144,4.7379808,1.82655000,0.74300000,0.0274000000,4.12440000000,400.00,3195.00,0.185000,2025,"Radial Velocity"
"TIC 32032563 b","TIC 32032563",56.0905221,-68.8580554,507.85800000,3.47739942,,13.83460487791,,5567.93,1.001880,2026,"Transit"
"Kepler-911 b","Kepler-911",298.5891948,40.7506921,556.16800000,2.60000000,0.1559400000,20.31050100000,931.00,6112.00,1.990000,2016,"Transit"
"HD 16905 b","HD 16905",40.0136203,-61.3550396,39.74010000,12.40000000,8.8000000000,10256.00000000000,69.63,4866.12,0.774940,2022,"Radial Velocity"
"HD 184010 b","HD 184010",292.8401421,26.6172796,60.79930000,12.10000000,0.9400000000,286.60000000000,545.04,4971.00,4.860000,2022,"Radial Velocity"
"TOI-6041 b","TOI-6041",46.0610334,43.5576668,72.47310000,4.55000000,0.1651000000,26.04945000000,605.60,5445.00,0.879000,2025,"Transit"
"TOI-6281 b","TOI-6281",172.3785238,-40.6094246,57.74510000,1.92416074,,1.05426244177,2240.00,4533.23,0.874219,2026,"Transit"
"TOI-4600 c","TOI-4600",258.4503674,64.5661727,216.05600000,9.42000000,1.1520000000,482.81910000000,191.00,5170.00,0.810000,2023,"Transit"
"Luhman 16 b","Luhman 16 A",162.3282594,-53.3193715,,11.90000000,3.5200000000,9697.00000000000,,,,2017,"Imaging"
"Barnard b","Barnard's star",269.4486144,4.7379808,1.82655000,0.72000000,0.0229000000,3.15420000000,438.00,3195.00,0.185000,2024,"Radial Velocity"
"Barnard e","Barnard's star",269.4486144,4.7379808,1.82655000,0.63700000,0.0381000000,6.73920000000,340.00,3195.00,0.185000,2025,"Radial Velocity"
"HD 224018 c","HD 224018",358.6390056,-4.7233362,105.48000000,2.42000000,0.2170000000,36.57669000000,641.00,5784.00,1.147000,2025,"Transit"
"TIC 38825265 b","TIC 38825265",68.2492759,-65.2039666,165.63800000,2.18869476,,3.31336980985,,4375.52,0.664503,2026,"Transit"
"Kepler-1012 b","Kepler-1012",289.2962253,46.4579889,411.07700000,1.29000000,0.0606600000,5.50860439000,934.00,5556.00,0.910000,2016,"Transit"
"Kepler-1754 b","Kepler-1754",295.4570818,50.0771838,718.94500000,2.43996509,0.0718000000,8.19594955400,672.00,4723.00,0.747000,2021,"Transit"
"LHS 1678 d","LHS 1678",68.1789866,-39.7908744,19.87820000,0.98100000,0.0400000000,4.96522290000,462.95,3490.00,0.329000,2024,"Transit"
"HD 18143 c","HD 18143",43.9140248,26.8723829,22.52430000,12.50000000,17.5300000000,28982.41764000000,54.55,5078.00,0.870000,2022,"Radial Velocity"
"Kepler-935 b","Kepler-935",295.0217193,46.6192011,471.78200000,1.35000000,0.0527000000,4.88083852000,879.00,4830.00,0.730000,2016,"Transit"
"Kepler-879 c","Kepler-879",295.8065515,50.9097521,802.67200000,0.40000000,,0.64671600000,,5456.75,1.022000,2024,"Transit"
"ZTF J1230-2655 b","ZTF J1230-2655",187.5689308,-26.9309608,186.69000000,13.78704626,,0.23597766000,2949.65,10000.00,0.012300,2025,"Transit"
"TIC 270471727 b","TIC 270471727",97.2114071,-78.4730589,182.10400000,2.75029559,,10.45623256647,1147.10,5271.39,0.997091,2026,"Transit"
"TIC 65612701 b","TIC 65612701",310.4738195,36.3388288,151.62400000,5.07802804,,10.22467974953,,5692.29,1.737090,2026,"Transit"
"Kepler-1014 b","Kepler-1014",285.1219875,44.1105331,624.80000000,2.39000000,0.1210000000,16.57110363000,614.00,5388.00,0.840000,2016,"Transit"
"Kepler-1044 b","Kepler-1044",293.1444017,46.6662155,1278.96000000,2.67000000,0.0741000000,6.77408868000,1058.00,5985.00,1.110000,2016,"Transit"
"Kepler-66 b","Kepler-66",293.9815378,46.6877280,1202.96000000,2.80000000,0.1352000000,17.81581500000,699.00,5962.00,0.966000,2013,"Transit"
"Kepler-857 b","Kepler-857",294.6323978,43.4004526,983.50200000,6.80000000,0.3751000000,85.35129427000,390.00,5773.00,0.990000,2016,"Transit"
"TOI-6080 b","TOI-6080",266.6044226,38.0787076,188.18300000,3.32424168,,8.05562348084,919.33,5775.46,1.062210,2026,"Transit"
"Wolf 1069 b","Wolf 1069",306.5242477,58.5753044,9.58341000,1.08000000,0.0672000000,15.56400000000,250.10,3158.00,0.181300,2023,"Radial Velocity"
"TOI-6330 b","TOI-6330",22.1679816,53.6860778,139.04200000,10.89000000,0.0576300000,6.85002460000,495.00,3539.00,0.490000,2025,"Transit"
"ITG 15 b","ITG 15 A",69.9370379,26.0312128,136.37000000,12.10000000,435.0000000000,,2601.00,,,2024,"Imaging"
"WISPIT 2 b","WISPIT 2",290.8209991,-7.6820823,134.90700000,17.93436912,57.0000000000,,33.46,4400.00,1.418000,2025,"Imaging"
"NGTS-38 b","NGTS-38",108.7147541,-29.4306223,268.63700000,12.11690814,0.6970000000,180.52797000000,457.00,6310.00,1.880000,2026,"Transit"
"TOI-5210 b","TOI-5210",314.3169230,21.9502055,302.08600000,10.72699453,0.0557000000,4.56610610000,1286.00,5723.00,1.209000,2025,"Transit"
"TOI-5726.01","TOI-5726",123.3950504,68.5745899,108.84800000,2.55400000,0.0621860000,5.49112521500,1093.03,5874.00,1.106000,2024,"Transit"
"HD 194490 b","HD 194490",306.9980087,-51.6644646,80.23490000,12.40000000,11.1160000000,13092.18348000000,90.87,5861.32,1.149110,2022,"Radial Velocity"
"HD 190228 b","HD 190228",300.7537294,28.3065564,62.71460000,12.90000000,2.4060000000,1143.59858000000,267.99,5360.00,2.586580,2022,"Radial Velocity"
"HD 206893 b","HD 206893",326.3416874,-12.7833522,40.75830000,14.01122587,10.7500000000,11100.00000000000,1429.20,6500.00,1.311160,2021,"Imaging"
"HD 112570 b","HD 112570",194.2824262,46.1765638,101.16600000,13.10000000,3.9000000000,2615.00000000000,364.01,4750.00,9.850000,2023,"Radial Velocity"
"HD 154391 b","HD 154391",255.3201345,60.6489226,100.94700000,12.50000000,7.4600000000,5163.00000000000,253.57,4909.00,8.560000,2023,"Radial Velocity"
"G 196-3 b","G 196-3",151.0884754,50.3861806,21.79120000,12.00000000,350.0000000000,,1670.00,3517.00,0.522432,2024,"Imaging"
"Kepler-1026 b","Kepler-1026",283.6053012,39.9979286,351.23900000,2.21000000,0.1977000000,36.51560530000,425.00,4948.00,0.750000,2016,"Transit"
"G 261-6 b","G 261-6",291.0743200,75.5558405,10.62670000,1.10000000,0.0297100000,5.45360000000,322.30,2907.00,0.153162,2025,"Radial Velocity"
"TOI-5789 d","TOI-5789",302.7734475,16.1897138,20.45810000,1.91000000,0.1756000000,29.65000000000,545.00,5185.00,0.833000,2026,"Radial Velocity"
"TOI-5789 b","TOI-5789",302.7734475,16.1897138,20.45810000,1.26000000,0.0360800000,2.76369000000,1201.00,5185.00,0.833000,2026,"Radial Velocity"
"TIC 142589416 b","TIC 142589416",168.2439697,73.8301439,168.93300000,2.67899519,,2.09518466313,,4396.27,0.713832,2026,"Transit"
"NGTS-39 b","NGTS-39",109.9386973,9.9412647,278.40200000,12.19537100,0.3077000000,58.20472000000,519.00,6053.00,1.160000,2026,"Transit"
"Gliese 48 b","Gliese 48",15.6582402,71.6781735,8.23366000,2.77000000,0.1752000000,39.62990000000,271.00,3450.00,0.463000,2026,"Radial Velocity"
"Kepler-993 b","Kepler-993",292.6141076,44.3946644,324.42300000,2.97000000,0.1300000000,22.08557563000,352.00,3843.00,0.540000,2016,"Transit"
"Kepler-80 d","Kepler-80",296.1125759,39.9787451,369.45100000,1.53000000,0.0372000000,3.07222000000,722.00,4540.00,0.678000,2014,"Transit"
"K2-411 b","K2-411",58.0036310,19.3909877,298.21900000,0.98980000,0.0511000000,3.21410000000,1428.52,5711.00,1.375000,2022,"Transit"
"HD 169142 b","HD 169142",276.1240717,-29.7805318,113.60000000,13.10000000,37.2000000000,,71.02,7246.00,1.537020,2023,"Imaging"
"TOI-6383 A b","TOI-6383 A",60.4246951,60.8913677,171.31900000,11.29000000,0.0229200000,1.79058695000,745.00,3444.00,0.457000,2024,"Transit"
"TIC 139270665 b","TIC 139270665",124.0338967,33.2914532,189.87500000,7.22979255,0.1630000000,23.62400000000,703.00,5844.00,1.016000,2024,"Transit"
"TOI-7149 b","TOI-7149",244.7384657,19.1758116,126.12600000,13.20000000,0.0260300000,2.65206166000,593.00,3363.00,0.351000,2025,"Transit"
"Kepler-348 b","Kepler-348",297.2550814,40.5483883,570.78300000,1.52000000,0.0760000000,7.05677000000,1196.00,6177.00,1.359000,2014,"Transit"
"TOI-5789 e","TOI-5789",302.7734475,16.1897138,20.45810000,3.43000000,0.2901000000,62.98000000000,424.00,5185.00,0.833000,2026,"Radial Velocity"
"TIC 154870955 b","TIC 154870955",191.7456685,88.8298759,226.46300000,3.09467466,,7.96987471280,,4739.58,0.724328,2026,"Transit"
"Kepler-332 b","Kepler-332",286.6627811,47.4136938,344.19000000,1.17000000,0.0700000000,7.62632400000,703.00,4955.00,0.720000,2014,"Transit"
"TOI-5238 b","TOI-5238",223.3588909,68.8594720,290.64600000,5.22000000,,4.87217100000,1042.00,5631.00,1.022830,2022,"Transit"
"Kepler-914 b","Kepler-914",290.4120774,44.8993227,753.72300000,1.38000000,0.0545400000,4.40966548000,1192.00,5877.00,1.150000,2016,"Transit"
"K2-413 c","K2-413",353.4175668,-7.6120272,285.16200000,1.23270000,0.0426000000,5.33010000000,804.55,4116.00,0.700000,2022,"Transit"
"TOI-6086 b","TOI-6086",265.3704236,30.3037755,31.45660000,1.18000000,0.0154100000,1.38887250000,634.00,3200.00,0.259000,2024,"Transit"
"Kepler-314 c","Kepler-314",294.6741507,42.0756037,268.88100000,2.90000000,0.0640000000,5.96039200000,890.00,5378.00,0.950000,2014,"Transit"
"HIP 29442 c","TOI-469",93.0578446,-14.6493167,68.19200000,1.55100000,0.0451800000,3.53795590000,1123.00,5289.00,0.980000,2023,"Radial Velocity"
"HD 63433 d","HD 63433",117.4793699,27.3631342,22.40350000,1.07300000,0.0503000000,4.20907500000,1040.00,5688.00,0.912000,2023,"Transit"
"Kepler-317 b","Kepler-317",294.9438822,39.0320499,940.58400000,2.09000000,0.0610000000,5.52424200000,976.00,5497.00,0.941000,2014,"Transit"
"TOI-7384 b","TOI-7384",83.1031834,-39.8342501,66.79020000,3.56000000,0.0439000000,6.23402580000,378.00,3185.00,0.319000,2026,"Transit"
"Kepler-1768 b","Kepler-1768",299.9572335,44.7718851,632.76600000,2.23346338,0.1286000000,15.13589954000,933.00,6050.00,1.572000,2021,"Transit"
"Kepler-981 b","Kepler-981",289.2489051,47.6501141,878.08200000,2.31000000,0.0535000000,4.46975773600,1103.00,5718.00,0.960000,2016,"Transit"
"Kepler-1043 b","Kepler-1043",281.6629579,47.5685927,903.33200000,2.55000000,0.2159000000,38.50533980000,532.00,5629.00,0.900000,2016,"Transit"
"TOI-5777 b","TOI-5777",141.0022390,82.8586961,114.27700000,3.09551273,,6.91716177373,602.00,4408.03,0.671912,2026,"Transit"
"HIP 113103 b","HIP 113103",343.5723794,-43.0102291,46.21220000,1.82900000,0.0689900000,7.61030300000,721.00,4930.00,0.742000,2023,"Transit"
"UCAC3 113-933 b","UCAC3 113-933",5.2758121,-33.8031679,52.58290000,12.10000000,6100.0000000000,,1.79,3864.00,0.564484,2024,"Imaging"
"HD 73344 c","HD 73344",129.6894456,23.6852651,35.26000000,13.50000000,0.3388000000,65.94000000000,562.57,6148.00,1.220000,2025,"Radial Velocity"
"Kepler-139 f","Kepler-139",282.3919451,43.8894167,391.03800000,6.67000000,,355.00000000000,,5630.00,1.045000,2025,"Transit Timing Variations"
"TIC 249022743 b","TIC 249022743",78.5762192,-3.4466123,396.46000000,4.79568155,,2.25719681538,,5567.58,1.208400,2026,"Transit"
"TIC 260969020 b","TIC 260969020",74.9407148,-79.5859489,121.22200000,2.22686612,,8.48584501953,,4572.94,0.689880,2026,"Transit"
"Kepler-62 e","Kepler-62",283.2125621,45.3496992,300.87400000,1.61000000,0.4270000000,122.38740000000,270.00,4925.00,0.640000,2013,"Transit"
"HD 105618 c","HD 105618",182.4021288,11.2115695,70.08370000,11.90000000,35.7310000000,77114.07158000000,51.64,5671.00,1.273990,2022,"Radial Velocity"
"HIP 113103 c","HIP 113103",343.5723794,-43.0102291,46.21220000,2.40000000,0.1047900000,14.24564800000,585.00,4930.00,0.742000,2023,"Transit"
"Kepler-1053 b","Kepler-1053",291.4186349,39.1273664,151.12900000,0.98000000,0.0315000000,2.41435165400,953.00,4529.00,0.690000,2016,"Transit"
"Kepler-102 d","Kepler-102",281.4824731,47.2078263,107.79600000,1.15400000,0.0861800000,10.31176700000,686.00,4909.00,0.724000,2014,"Transit"
"HD 196067 c","HD 196067",310.4364195,-75.3514992,39.93460000,3.21000000,,4.60108800000,,6072.00,1.710000,2025,"Radial Velocity"
"GJ 887 d","GJ 887",346.5027573,-35.8473489,3.28679000,2.34000000,0.2120000000,50.77000000000,241.00,3688.00,0.468000,2026,"Radial Velocity"
"Kepler-347 b","Kepler-347",289.1995995,49.3056404,1298.88000000,1.97000000,0.1100000000,12.79836000000,908.00,6088.00,1.005000,2014,"Transit"
"HD 11112 b","HD 11112",27.0881399,-41.4944106,44.38040000,12.60000000,13.3800000000,17244.90764000000,94.51,5905.64,1.473680,2022,"Radial Velocity"
"Kepler-485 b","Kepler-485",294.9963415,50.4700458,1140.95000000,14.41000000,0.0440100000,3.24325979600,1243.00,5958.00,1.090000,2016,"Transit"
"TIC 393818343 b","TIC 393818343",310.2917002,3.6382967,93.73450000,12.18416202,0.1291000000,16.24921000000,805.50,5756.00,1.086000,2024,"Transit"
"Kepler-1032 b","Kepler-1032",289.9308779,40.0977109,673.01000000,1.87000000,0.0361000000,3.29011795300,802.00,4647.00,0.710000,2016,"Transit"
"HD 284149 AB b","HD 284149 A",61.6616887,20.3030344,117.80700000,12.00000000,431.1600000000,,2395.00,6035.00,1.360000,2017,"Imaging"
"WASP-132 d","WASP-132",217.6091998,-46.1595160,122.91000000,12.80000000,2.7100000000,1816.60000000000,107.00,4686.00,0.758000,2024,"Radial Velocity"
"K2-157 c","K2-157",183.7514959,-5.7820178,298.37300000,6.08000000,0.1650000000,25.94200000000,587.00,5334.00,0.860000,2025,"Radial Velocity"
"KOINTREAU-4 b","2MASS J16262785-2625152",246.6160467,-26.4209954,145.43400000,12.20000000,182.0000000000,,,3252.00,,2026,"Imaging"
"TIC 390586021 b","TIC 390586021",199.8225789,-31.4655097,114.55800000,2.86009388,,2.74703755819,,4434.81,0.726565,2026,"Transit"
"HD 113337 c","HD 113337",195.4438496,63.6103280,36.18000000,12.10000000,6.8050000000,5429.93477000000,153.36,6774.00,1.500000,2020,"Radial Velocity"
"HD 94771 b","HD 94771",163.9746776,-35.1145225,57.78070000,14.20000000,3.4800000000,2164.00000000000,200.79,5631.00,1.903000,2023,"Radial Velocity"
"TOI-6695 b","TOI-6695",129.5720221,-23.5502170,282.53600000,9.52763359,0.4020000000,80.38900000000,599.00,6400.00,1.517000,2025,"Transit"
"Gaia-5 b","Gaia-5",302.0408173,41.9415455,41.18130000,12.10000000,,358.62000000000,,3447.00,0.345000,2025,"Astrometry"
"DMPP-2 d","DMPP-2",27.4077310,-34.4590985,137.94000000,11.60000000,0.1432000000,16.49100000000,1105.06,6500.00,1.780000,2026,"Radial Velocity"
"TIC 423703298 b","TIC 423703298",22.9360486,-17.0135676,136.19100000,2.77230429,,4.03712711976,,4540.37,0.729825,2026,"Transit"
"Kepler-335 b","Kepler-335",296.0642944,45.4285986,1278.97000000,3.39000000,0.0750000000,6.56233100000,1290.00,5877.00,1.854000,2014,"Transit"
"Kepler-1023 b","Kepler-1023",289.0297232,49.7697034,694.17500000,2.63000000,0.3028400000,62.13877140000,524.00,5494.00,0.890000,2016,"Transit"
"TOI-5592 b","TOI-5592",106.6800684,65.8572490,597.02600000,17.14974047,0.0393500000,2.60858460000,1789.00,6237.00,1.393000,2025,"Transit"
"HD 122562 c","HD 122562",210.5886904,20.8810286,53.25280000,10.10000000,0.4060000000,84.96276000000,552.02,4956.00,2.166270,2022,"Radial Velocity"
"HD 115404 A c","HD 115404 A",199.2155793,17.0160384,10.98160000,12.50000000,11.3640000000,15319.22517000000,61.22,5019.17,0.727007,2022,"Radial Velocity"
"GJ 1002 c","GJ 1002",1.6764641,-7.5462123,4.84867000,1.10000000,0.0738000000,21.20200000000,181.70,3024.00,0.137000,2022,"Radial Velocity"
"Kepler-932 b","Kepler-932",296.9520797,43.2720233,465.61200000,1.37000000,0.0287600000,1.92143739600,1276.00,5331.00,0.840000,2016,"Transit"
"TOI-6707 b","TOI-6707",109.7634707,-58.1155263,641.46700000,5.72673066,,3.83479363758,1509.43,6289.49,1.582020,2026,"Transit"
"Kepler-139 e","Kepler-139",282.3919451,43.8894167,391.03800000,13.70000000,3.2357963900,2047.63537300000,154.06,5622.00,1.045000,2023,"Radial Velocity"
"Kepler-328 c","Kepler-328",295.8092756,40.0084866,2213.19000000,5.40000000,0.3540000000,71.31200000000,475.00,6064.00,1.060000,2013,"Transit"
"TOI-7510 d","TOI-7510",273.7281880,-54.4340547,249.00600000,10.52000000,0.2672000000,48.86446800000,542.40,5720.00,1.035000,2025,"Transit"
"Kepler-138 d","Kepler-138",290.3814122,43.2930645,66.86240000,1.51000000,0.1288000000,23.09230000000,345.00,3841.00,0.535000,2014,"Transit"
"Kepler-1779 b","Kepler-1779",300.4174607,45.6054854,908.50100000,3.03295685,0.1264000000,16.34359932000,730.00,5730.00,1.056000,2021,"Transit"
"Kepler-973 b","Kepler-973",290.1653203,49.9238126,328.52000000,1.96000000,0.2489000000,49.60773310000,402.00,5213.00,0.780000,2016,"Transit"
"TOI-5595 b","TOI-5595",110.4601649,35.2219829,136.95500000,4.73740402,,5.99002553853,621.00,4417.30,0.743344,2026,"Transit"
"HD 203387 b","HD 203387",320.5617820,-16.8345229,61.74770000,13.10000000,1.7710000000,512.53520000000,610.00,5174.32,10.585200,2022,"Radial Velocity"
"TOI-6016 b","TOI-6016",4.5239602,59.7661983,364.71500000,13.67495645,0.0550000000,4.02368700000,1890.00,6110.00,1.510000,2024,"Transit"
"HIP 99770 b","HIP 99770",303.6338344,36.8066046,40.07650000,12.20000000,15.8000000000,18600.00000000000,135.17,8000.00,1.939860,2023,"Imaging"
"Kepler-1772 b","Kepler-1772",289.4381201,39.2703594,871.56400000,2.68609988,0.0439100000,3.21509003600,1155.00,5541.00,0.934000,2021,"Transit"
"GJ 2126 b","GJ 2126",257.3606793,-35.3917190,38.12900000,13.60000000,0.7100000000,272.70000000000,203.08,4159.00,0.728000,2025,"Radial Velocity"
"TOI-5616 b","TOI-5616",184.9016378,48.6832895,390.41500000,10.78000000,0.0272000000,2.00284900000,939.00,3996.00,0.646000,2024,"Transit"
"Kepler-408 b","Kepler-408",284.7862158,48.4232622,88.78320000,0.82000000,0.0359200000,2.46502000000,1561.00,6104.00,1.230000,2014,"Transit"
"Gaia23braL b","Gaia23braL",155.6294583,-63.2639167,4330.00000000,13.50000000,4.8470000000,,129.20,5055.00,1.361810,2026,"Microlensing"
"Kepler-10 d","Kepler-10",285.6792980,50.2414842,185.50600000,3.49000000,0.5379000000,151.06000000000,387.00,5708.00,1.065000,2023,"Radial Velocity"
"GJ 3988 b","GJ 3988",255.8503747,51.4089795,9.91050000,1.74000000,0.0405000000,6.94420000000,348.00,3273.00,0.197340,2023,"Radial Velocity"
"TOI-1408 c","TOI-1408",313.5110469,72.5806455,139.48400000,2.22000000,0.0358700000,2.16640000000,1864.00,6117.00,1.530000,2024,"Transit Timing Variations"
"HD 68475 b","HD 68475",122.7192621,-42.8128841,33.42970000,12.80000000,7.2700000000,7832.00000000000,79.88,5022.00,0.790990,2026,"Radial Velocity"
"HD 48265 c","HD 48265",100.0073683,-48.5418284,90.54460000,12.90000000,10.4000000000,10418.00000000000,124.28,5805.00,2.050000,2026,"Radial Velocity"
"Kepler-958 b","Kepler-958",287.2566578,46.0667247,449.77300000,2.06000000,0.0863100000,9.76788050000,749.00,5421.00,0.860000,2016,"Transit"
"TOI-5624 d","TOI-5624",180.8443476,49.2512257,101.91300000,3.58400000,0.1067000000,13.73146800000,712.60,5327.00,0.820000,2026,"Transit"
"KOI-351 d","KOI-351",284.4334642,49.3051239,848.25400000,2.87000000,0.3200000000,59.73667000000,520.00,6080.00,1.200000,2013,"Transit"
"Kepler-20 e","Kepler-20",287.6979913,42.3385782,282.56300000,0.82100000,0.0637000000,6.09848820000,1004.00,5495.00,0.916400,2011,"Transit"
"nu Oct A b","nu Oct A",325.3702792,-77.3910853,21.19990000,13.30000000,1.2400000000,402.40000000000,477.33,4910.00,5.040000,2016,"Radial Velocity"
"TOI-1288 c","TOI-1288",313.1670294,65.6087833,114.86500000,11.10000000,1.0700000000,416.00000000000,245.88,5388.00,0.958300,2022,"Radial Velocity"
"Kepler-104 c","Kepler-104",287.6046621,42.1665104,400.78500000,3.13000000,0.1530000000,23.66820500000,668.00,5711.00,1.349000,2014,"Transit"
"Kepler-507 b","Kepler-507",297.0188074,50.4090460,391.64400000,1.30000000,0.0478100000,3.56809692600,1407.00,6113.00,1.320000,2016,"Transit"
"HN Lib b","HN Lib",218.5684823,-12.5170062,6.24442000,2.20000000,0.1417000000,36.11600000000,234.40,3347.00,0.299000,2023,"Radial Velocity"
"Kepler-49 d","Kepler-49",292.2945208,40.5918123,311.22200000,1.60000000,0.0310000000,2.57654900000,717.00,4252.00,0.559000,2014,"Transit"
"HIP 10090 b","HIP 10090",32.4351198,-30.7470844,82.39370000,13.00000000,3.8700000000,2960.00000000000,163.17,5661.00,1.382680,2026,"Radial Velocity"
"Kepler-346 b","Kepler-346",288.0119248,46.1176003,984.10500000,2.66000000,0.0710000000,6.51112700000,1008.00,6033.00,1.021000,2014,"Transit"
"Kepler-265 d","Kepler-265",290.5104788,41.2447430,1280.25000000,2.49000000,0.2360000000,43.13061700000,554.00,5835.00,1.103000,2014,"Transit"
"Kepler-399 b","Kepler-399",299.5017242,40.6707669,740.53700000,0.96000000,0.1030000000,14.42528100000,773.00,5502.00,0.680000,2014,"Transit"
"Kepler-110 c","Kepler-110",292.9291693,48.6028303,586.53100000,2.21000000,0.1980000000,31.71977500000,743.00,5960.00,1.149000,2014,"Transit"
"Kepler-1248 b","Kepler-1248",288.0592191,51.3544564,593.02600000,1.18000000,0.0806000000,7.46725407000,1035.00,6149.00,1.210000,2016,"Transit"
"Kepler-1269 b","Kepler-1269",287.8055442,45.3405371,1097.23000000,1.63000000,0.2361100000,37.33315360000,657.00,5998.00,1.150000,2016,"Transit"
"Kepler-1314 b","Kepler-1314",294.2373599,45.1968274,141.98685057,5.11000000,0.0504000000,5.42474928100,625.00,4188.00,0.590000,2016,"Transit"
"Kepler-1870 b","Kepler-1870",293.9335076,40.5907040,407.21600000,2.10143764,0.0452000000,3.60694003100,1046.00,5508.00,0.840000,2021,"Transit"
"Kepler-236 b","Kepler-236",283.8664285,39.8981928,288.76300000,1.57000000,0.0650000000,8.29561100000,469.00,3750.00,0.510000,2014,"Transit"
"Kepler-125 c","Kepler-125",298.2581101,47.6050031,183.36500000,0.74000000,0.0510000000,5.77446400000,529.00,3810.00,0.512000,2014,"Transit"
"Kepler-304 d","Kepler-304",294.4418031,40.5575408,434.68400000,2.75000000,0.0800000000,9.65347100000,611.00,4731.00,0.687000,2014,"Transit"
"Kepler-326 d","Kepler-326",294.3255898,46.0022646,487.67500000,1.21000000,0.0660000000,6.76688800000,781.00,5105.00,0.801000,2014,"Transit"
"Kepler-126 c","Kepler-126",289.3473634,44.2084445,237.40100000,1.58000000,0.1620000000,21.86974100000,790.00,6239.00,1.358000,2014,"Transit"
"Kepler-400 c","Kepler-400",290.9444679,40.4800528,845.97000000,1.49000000,0.1340000000,17.34082400000,755.00,5886.00,1.145000,2014,"Transit"
"Kepler-1089 b","Kepler-1089",291.0926509,49.1901729,259.32800000,1.83000000,0.0497000000,5.13248561800,584.00,3753.00,0.490000,2016,"Transit"
"Kepler-102 f","Kepler-102",281.4824731,47.2078263,107.79600000,0.86100000,0.1656000000,27.45359200000,495.00,4909.00,0.724000,2014,"Transit"
"Kepler-1223 b","Kepler-1223",285.2956462,44.5527542,459.95700000,1.22000000,0.1186000000,16.30125900000,557.00,4870.00,0.750000,2016,"Transit"
"Kepler-1853 b","Kepler-1853",284.7478834,46.3735415,562.34800000,1.51862272,0.2395000000,48.88819885000,386.00,4821.00,0.788000,2021,"Transit"
"Kepler-512 b","Kepler-512",298.2689217,48.9167391,467.37500000,2.69000000,0.2139500000,34.43587975000,652.00,5997.00,1.300000,2016,"Transit"
"Kepler-369 b","Kepler-369",293.6743322,47.9084727,214.00000000,1.13000000,0.0300000000,2.73275600000,687.00,3591.00,0.471000,2014,"Transit"
"Kepler-305 c","Kepler-305",299.2242557,40.3431670,868.47700000,3.30000000,0.0756800000,8.29100000000,728.00,5080.00,0.800000,2013,"Transit"
"Kepler-975 c","Kepler-975",290.5485100,38.4952415,426.08800000,10.69000000,0.0567000000,5.05821338000,1168.00,4883.00,1.667000,2023,"Transit"
"Kepler-22 b","Kepler-22",289.2172051,47.8841427,194.64200000,2.10000000,0.8120000000,289.86387600000,279.00,5596.00,0.869000,2011,"Transit"
"Kepler-1995 b","Kepler-1995",284.3427250,46.3165907,595.33100000,4.28000000,0.3259000000,73.75788750000,375.00,5029.00,0.930000,2023,"Transit"
"Kepler-1227 b","Kepler-1227",287.0664109,41.8749712,623.70600000,2.29000000,0.3855500000,94.28875770000,369.00,5747.00,0.950000,2016,"Transit"
"Kepler-1272 b","Kepler-1272",285.2197605,38.8058393,1206.37000000,2.37000000,0.2705000000,51.13097040000,542.00,5926.00,1.090000,2016,"Transit"
"Kepler-201 c","Kepler-201",293.6260590,41.2728004,636.44500000,2.85000000,0.5730000000,151.88405800000,378.00,6065.00,1.229000,2014,"Transit"
"Kepler-215 c","Kepler-215",294.9735313,45.2136867,485.99700000,1.77000000,0.1130000000,14.66710800000,675.00,5739.00,1.027000,2014,"Transit"
"Kepler-267 c","Kepler-267",299.8305655,47.1575741,264.99300000,2.13000000,0.0600000000,6.87745000000,484.00,4258.00,0.555000,2014,"Transit"
"Kepler-373 c","Kepler-373",289.3879904,50.5970115,1090.45000000,1.24000000,0.1260000000,16.72594800000,729.00,5787.00,0.845000,2014,"Transit"
"Kepler-54 d","Kepler-54",294.7739245,43.0561976,271.70100000,1.53000000,0.1260000000,20.99569400000,328.00,4252.00,0.554000,2014,"Transit"
"Kepler-329 b","Kepler-329",299.2681646,45.2272852,439.71900000,1.40000000,0.0610000000,7.41639700000,547.00,4257.00,0.523000,2014,"Transit"
"Kepler-279 d","Kepler-279",287.3912950,42.1948220,1037.40000000,3.10000000,0.2901000000,54.41400000000,574.00,6689.45,1.070000,2013,"Transit"
"HD 219134 c","HD 219134",348.3372026,57.1696255,6.53127000,1.51100000,0.0653000000,6.76458000000,782.00,4699.00,0.778000,2015,"Radial Velocity"
"Kepler-1198 b","Kepler-1198",288.8339659,44.8381980,743.03000000,1.47000000,0.0732000000,7.68477160000,830.00,5517.00,0.900000,2016,"Transit"
"Kepler-161 c","Kepler-161",290.5164698,43.0838642,434.63200000,2.05000000,0.0680000000,7.06424000000,769.00,5078.00,0.806000,2014,"Transit"
"Kepler-1294 b","Kepler-1294",291.2681037,44.4881624,1855.70000000,3.19000000,0.4684000000,115.68622580000,401.00,5776.00,0.970000,2016,"Transit"
"Kepler-1319 b","Kepler-1319",290.9564463,49.3667933,103.91700000,1.34000000,0.0296000000,2.88676264500,557.00,3655.00,0.540000,2016,"Transit"
"Kepler-275 d","Kepler-275",292.4797004,38.5149018,2034.25000000,3.33000000,0.2240000000,35.67606200000,671.00,6165.00,1.383000,2014,"Transit"
"Kepler-374 b","Kepler-374",294.1378921,42.3704075,1265.61000000,1.03000000,0.0290000000,1.89780600000,1761.00,5977.00,0.911000,2014,"Transit"
"Kepler-306 d","Kepler-306",288.5387145,40.6160545,775.67900000,2.47000000,0.1200000000,17.32664400000,535.00,4954.00,0.719000,2014,"Transit"
"Kepler-305 e","Kepler-305",299.2242557,40.3431670,868.47700000,1.79381530,0.0401700000,3.20538000000,1000.00,4974.00,0.827279,2020,"Transit"
"Kepler-11 f","Kepler-11",297.1150949,41.9091092,646.34600000,2.49000000,0.2500000000,46.68880000000,513.00,5663.00,1.065000,2010,"Transit"
"Kepler-276 d","Kepler-276",293.5681970,39.0363123,1144.86000000,2.80000000,0.2466600000,48.64800000000,489.00,5693.00,1.030000,2013,"Transit"
"Kepler-36 c","Kepler-36",291.2501859,49.2318073,527.95600000,3.67900000,0.1269200000,16.21865000000,928.00,5979.00,1.634000,2012,"Transit"
"Kepler-1251 b","Kepler-1251",292.1151093,49.2563792,902.20400000,1.84000000,0.2478000000,45.09046430000,487.00,5545.00,0.890000,2016,"Transit"
"Kepler-1843 b","Kepler-1843",292.8852302,41.2791690,784.62500000,2.70909809,0.1787100000,25.54339981000,772.00,5422.00,1.782000,2021,"Transit"
"Kepler-1857 b","Kepler-1857",296.4557129,39.5985370,853.27500000,1.96065412,0.0830800000,8.94340992000,946.00,6074.00,1.005000,2021,"Transit"
"Kepler-190 c","Kepler-190",288.5839761,44.7337701,433.38700000,1.46000000,0.0450000000,3.76302400000,948.00,5106.00,0.795000,2014,"Transit"
"Kepler-123 c","Kepler-123",296.9985853,42.7819633,1021.66000000,1.48000000,0.1810000000,26.69507400000,706.00,6089.00,1.264000,2014,"Transit"
"Kepler-380 c","Kepler-380",282.3947017,48.7591334,813.71300000,1.27000000,0.0780000000,7.63000400000,1056.00,6045.00,1.224000,2014,"Transit"
"Kepler-283 c","Kepler-283",293.6137413,47.8389380,468.09400000,1.82000000,0.3410000000,92.74371100000,240.00,4351.00,0.566000,2014,"Transit"
"KELT-6 c","KELT-6",195.9818362,30.6401450,240.72600000,13.00000000,2.3900000000,1276.00000000000,241.90,6272.00,1.529000,2015,"Radial Velocity"
"Kepler-85 b","Kepler-85",290.9734395,45.2902761,765.02500000,1.77800000,0.0788500000,8.30000000000,809.00,5505.20,0.875000,2012,"Transit"
"Kepler-799 c","Kepler-799",287.1748966,44.8784754,1509.08400000,2.78068551,0.1214000000,15.19419956000,893.00,5588.00,1.593000,2021,"Transit"
"Kepler-1884 b","Kepler-1884",296.7463986,43.0454207,1443.09000000,1.81406781,0.0845000000,8.98832035100,864.00,5984.00,0.906000,2021,"Transit"
"Kepler-381 b","Kepler-381",285.1828685,43.8310283,267.32300000,0.99000000,0.0660000000,5.62902100000,1576.00,6152.00,1.568000,2014,"Transit"
"Kepler-84 d","Kepler-84",298.2520208,40.4960842,1023.90000000,1.38000000,0.0520000000,4.22453700000,1254.00,6031.00,1.169000,2014,"Transit"
"Kepler-334 b","Kepler-334",287.1406177,47.1151153,426.59000000,1.12000000,0.0610000000,5.47031900000,1090.00,5828.00,1.068000,2014,"Transit"
"Kepler-285 c","Kepler-285",291.3908469,48.0655392,824.31000000,1.12000000,0.0640000000,6.18667600000,851.00,5411.00,0.808000,2014,"Transit"
"Kepler-1232 b","Kepler-1232",296.5500966,49.1023070,632.86500000,1.93000000,0.1654500000,26.78391830000,523.00,5471.00,0.890000,2016,"Transit"
"Kepler-1858 b","Kepler-1858",292.3074315,46.6265790,833.05500000,2.42168247,0.3575000000,88.07160187000,330.00,4939.00,0.819000,2021,"Transit"
"Kepler-204 c","Kepler-204",285.3471620,41.7618450,686.72300000,1.79000000,0.1730000000,25.66059300000,683.00,5812.00,1.238000,2014,"Transit"
"Kepler-515 b","Kepler-515",290.4939130,52.0556110,255.00000000,1.46000000,0.1333000000,19.96371318000,564.00,5293.00,0.830000,2016,"Transit"
"Kepler-221 e","Kepler-221",296.6547477,46.8352242,385.23100000,2.63000000,0.1300000000,18.36991700000,582.00,5243.00,0.821000,2014,"Transit"
"Kepler-1877 b","Kepler-1877",294.8669240,46.7904816,285.31200000,0.62408600,0.0347200000,2.37756991400,1278.00,5615.00,0.936000,2021,"Transit"
"Kepler-350 d","Kepler-350",285.4195845,39.7061009,956.85900000,2.80000000,0.1786000000,26.13600000000,782.00,6492.30,1.250000,2013,"Transit"
"Kepler-58 e","Kepler-58",296.3586251,39.1152033,969.25200000,1.61000000,0.0533000000,4.45814897000,1212.00,6100.00,1.083000,2023,"Transit"
"Kepler-1679 b","Kepler-1679",293.9005786,50.4270507,909.28000000,2.06920360,0.0892000000,9.75376000000,813.00,5501.00,0.873196,2020,"Transit"
"Kepler-58 c","Kepler-58",296.3586251,39.1152033,969.25200000,2.86000000,0.1230700000,15.57415680000,799.00,5843.00,1.030000,2012,"Transit"
"Kepler-1844 b","Kepler-1844",292.6903973,37.9345682,1804.36000000,3.03648191,0.0478000000,3.92451000200,1074.00,5776.00,0.849000,2021,"Transit"
"Kepler-1278 b","Kepler-1278",282.9569197,42.8255589,889.42600000,1.01000000,0.0441700000,3.23941344000,1213.00,6074.00,1.160000,2016,"Transit"
"Kepler-1864 b","Kepler-1864",289.6867653,41.5889178,298.89400000,0.75408365,0.0490000000,3.88151001900,1156.00,5854.00,0.979000,2021,"Transit"
"Kepler-1324 b","Kepler-1324",291.1849503,40.3112023,481.66700000,1.51000000,0.0466000000,4.11584467900,895.00,4776.00,0.730000,2016,"Transit"
"Kepler-462 c","Kepler-462",299.8211502,43.8142793,596.62500000,4.00000000,0.7584000000,207.62000000000,453.00,7500.00,1.570000,2018,"Transit"
"Kepler-226 d","Kepler-226",292.3760942,47.8809596,980.13800000,1.22000000,0.0760000000,8.10904400000,800.00,5571.00,0.802000,2014,"Transit"
"Kepler-221 b","Kepler-221",296.6547477,46.8352242,385.23100000,1.71000000,0.0370000000,2.79590600000,1090.00,5243.00,0.821000,2014,"Transit"
"Kepler-245 c","Kepler-245",291.6389972,42.4363482,861.52700000,2.18000000,0.1240000000,17.46081200000,568.00,5100.00,0.795000,2014,"Transit"
"Kepler-352 b","Kepler-352",299.8966237,46.0519022,252.73300000,0.86000000,0.0850000000,10.05537000000,694.00,5212.00,0.781000,2014,"Transit"
"Kepler-382 c","Kepler-382",299.1362435,45.8699582,935.44600000,1.59000000,0.0970000000,12.16270100000,882.00,5600.00,0.945000,2014,"Transit"
"Kepler-336 b","Kepler-336",290.2376224,41.3313637,768.86000000,1.02000000,0.0330000000,2.02482300000,1625.00,5867.00,1.304000,2014,"Transit"
"HD 11755 b","HD 11755",29.7078360,73.1521372,235.04500000,12.80000000,1.0900000000,433.70001000000,903.49,4312.00,20.580000,2015,"Radial Velocity"
"Kepler-385 c","Kepler-385",294.3385109,50.3365178,1432.61000000,3.04000000,0.1270000000,15.16316100000,829.00,6326.00,1.126000,2014,"Transit"
"Kepler-267 d","Kepler-267",299.8305655,47.1575741,264.99300000,2.27000000,0.1540000000,28.46451500000,301.00,4258.00,0.555000,2014,"Transit"
"Kepler-384 c","Kepler-384",286.0261113,44.7828571,895.67800000,1.13000000,0.2360000000,45.34826900000,531.00,5577.00,0.882000,2014,"Transit"
"Kepler-299 e","Kepler-299",283.2070156,48.5805222,1052.24000000,1.87000000,0.2200000000,38.28548900000,534.00,5617.00,1.032000,2014,"Transit"
"8 UMi b","8 UMi",224.2016850,74.9009379,162.55200000,13.50000000,0.4620000000,93.31000000000,1126.38,4847.00,10.730000,2015,"Radial Velocity"
"Kepler-1104 b","Kepler-1104",294.4685197,49.3309789,530.65800000,1.23000000,0.0632100000,5.03728015000,1321.00,6417.00,1.410000,2016,"Transit"
"Kepler-1987 e","Kepler-1987",295.8254663,42.9433716,595.68300000,1.92000000,0.0765000000,8.74292005000,643.00,4769.00,0.714000,2023,"Transit"
"Kepler-1830 b","Kepler-1830",295.1390408,40.9790527,1056.88000000,3.32992941,0.3176900000,56.49330139000,681.00,6160.00,2.046000,2021,"Transit"
"Kepler-182 b","Kepler-182",289.8301128,50.5862025,1549.09000000,2.58000000,0.0960000000,9.82579200000,935.00,6250.00,1.146000,2014,"Transit"
"Kepler-1688 b","Kepler-1688",289.5530051,41.2978532,567.44687087,1.26174569,0.0577000000,5.62012000000,772.00,4632.11,0.746000,2020,"Transit"
"Kepler-385 b","Kepler-385",294.3385109,50.3365178,1432.61000000,2.73000000,0.0970000000,10.04368600000,951.00,6326.00,1.126000,2014,"Transit"
"Kepler-55 f","Kepler-55",285.1683291,44.0264898,578.79600000,1.59000000,0.0810000000,10.19854500000,559.00,4503.00,0.619000,2014,"Transit"
"Kepler-339 d","Kepler-339",293.3517010,48.4445922,616.63700000,1.17000000,0.0910000000,10.55834500000,796.00,5631.00,0.802000,2014,"Transit"
"Kepler-1669 d","Kepler-1669",297.4303826,39.8478795,543.44400000,1.22000000,0.0468000000,4.72941177000,669.00,4224.00,0.603000,2023,"Transit"
"Kepler-69 c","Kepler-69",293.2609013,44.8688656,730.62500000,1.71000000,0.6400000000,242.46130000000,299.00,5638.00,0.930000,2013,"Transit"
"HAT-P-57 b","HAT-P-57",274.7434180,10.5971968,279.86000000,19.50366000,0.0406000000,2.46530000000,2200.00,6330.00,1.850000,2015,"Transit"
"Kepler-1067 c","Kepler-1067",285.3873706,45.0490265,667.69300000,1.74682428,0.0606900000,5.42583990100,973.00,5594.00,0.934000,2021,"Transit"
"Kepler-299 d","Kepler-299",283.2070156,48.5805222,1052.24000000,1.86000000,0.1180000000,15.05478600000,729.00,5617.00,1.032000,2014,"Transit"
"Kepler-208 c","Kepler-208",293.8901979,42.5279413,775.32800000,1.39000000,0.0790000000,7.46662300000,1141.00,6092.00,1.314000,2014,"Transit"
"Kepler-530 b","Kepler-530",283.3402948,48.5490620,457.70900000,3.01000000,0.2149100000,39.30941904000,488.00,5697.00,0.890000,2016,"Transit"
"Kepler-354 d","Kepler-354",285.7515347,41.3356739,554.06400000,1.24000000,0.1460000000,24.20984200000,451.00,4648.00,0.674000,2014,"Transit"
"Kepler-339 c","Kepler-339",293.3517010,48.4445922,616.63700000,1.15000000,0.0690000000,6.98805500000,914.00,5631.00,0.802000,2014,"Transit"
"Kepler-1114 b","Kepler-1114",299.2370531,45.8347781,418.41700000,1.35000000,0.1105600000,14.97435694000,631.00,5374.00,0.830000,2016,"Transit"
"Kepler-114 d","Kepler-114",294.1214820,48.3497977,259.53300000,2.53000000,0.0835800000,11.77600000000,446.00,4660.00,0.540000,2013,"Transit"
"Kepler-303 c","Kepler-303",283.1354742,43.6567036,209.73800000,1.14000000,0.0570000000,7.06114900000,521.00,3944.00,0.485000,2014,"Transit"
"Kepler-1212 b","Kepler-1212",296.8534096,50.0373196,1316.57000000,2.14000000,0.1082000000,12.94130146000,795.00,6051.00,1.150000,2016,"Transit"
"Kepler-394 c","Kepler-394",296.3019792,50.6723115,1058.72000000,1.66000000,0.1100000000,12.13068600000,901.00,6402.00,1.132000,2014,"Transit"
"Kepler-393 c","Kepler-393",290.9952050,45.1921880,881.40400000,1.33000000,0.1240000000,14.61361200000,901.00,6189.00,1.382000,2014,"Transit"
"Kepler-318 c","Kepler-318",298.4828337,46.7936357,489.14100000,3.68000000,0.1050000000,11.81500700000,762.00,5746.00,1.189000,2014,"Transit"
"Kepler-1241 b","Kepler-1241",294.5762033,38.4569588,968.72200000,2.63000000,0.1336000000,18.55257010000,612.00,5261.00,0.800000,2016,"Transit"
"Kepler-185 b","Kepler-185",282.4681674,43.8899464,466.73500000,1.17000000,0.0260000000,1.63290000000,1237.00,5208.00,0.806000,2014,"Transit"
"Kepler-1283 b","Kepler-1283",295.4623336,40.7769335,2921.99000000,1.91000000,0.1062000000,12.94609780000,764.00,6175.00,1.250000,2016,"Transit"
"Kepler-1714 b","Kepler-1714",293.7164655,46.2266878,409.46000000,3.26437302,0.1054900000,10.27530003000,1211.00,6150.00,2.086000,2021,"Transit"
"Kepler-1331 b","Kepler-1331",297.0737928,41.2244613,319.19700000,1.05000000,0.0142000000,0.78916165300,1244.00,4508.00,0.690000,2016,"Transit"
"Kepler-319 b","Kepler-319",288.8119782,39.7706431,503.43600000,1.63000000,0.0510000000,4.36270500000,1023.00,5526.00,0.903000,2014,"Transit"
"Kepler-396 b","Kepler-396",296.1328135,48.9773095,223.75700000,3.50000000,0.2406700000,42.99400000000,496.00,5656.00,1.060000,2013,"Transit"
"Kepler-1085 c","Kepler-1085",287.4776359,46.1411685,1364.53000000,3.26817741,0.2979800000,56.77710000000,491.00,5816.00,1.078300,2020,"Transit"
"Kepler-1084 b","Kepler-1084",290.1019809,48.2511460,405.53300000,1.11000000,0.0324000000,2.05333679000,1737.00,6113.00,1.280000,2016,"Transit"
"Kepler-1108 b","Kepler-1108",296.0422962,45.9851400,767.70100000,1.46000000,0.0511000000,4.51005748000,1063.00,5406.00,0.840000,2016,"Transit"
"Kepler-1214 b","Kepler-1214",285.1427113,49.8006565,729.22700000,2.36000000,0.1280000000,18.82634264000,591.00,5130.00,0.800000,2016,"Transit"
"Kepler-155 c","Kepler-155",288.4957831,51.0819286,293.49900000,2.24000000,0.2420000000,52.66179300000,286.00,4508.00,0.620000,2014,"Transit"
"Kepler-396 c","Kepler-396",296.1328135,48.9773095,223.75700000,5.30000000,0.3894600000,88.50500000000,390.00,5656.00,1.060000,2013,"Transit"
"Kepler-1369 b","Kepler-1369",285.7972604,40.9361923,1236.56000000,2.69000000,0.1741000000,25.87314800000,667.00,5761.00,0.990000,2016,"Transit"
"Kepler-1370 b","Kepler-1370",284.5656897,41.7784781,1004.10000000,1.84000000,0.1576300000,20.26416840000,770.00,6202.00,1.290000,2016,"Transit"
"Kepler-252 b","Kepler-252",295.5793290,44.5459052,379.42400000,1.23000000,0.0580000000,6.66839100000,587.00,4208.00,0.549000,2014,"Transit"
"Kepler-360 c","Kepler-360",286.2847077,44.7815817,876.04400000,2.10000000,0.0750000000,7.18643400000,860.00,6053.00,1.058000,2014,"Transit"
"Kepler-245 e","Kepler-245",291.6389972,42.4363482,861.52700000,1.75000000,0.0405300000,3.21982105600,998.00,5174.00,0.800000,2016,"Transit"
"Kepler-298 d","Kepler-298",283.0398448,48.8253303,518.20400000,2.50000000,0.3050000000,77.47363300000,277.00,4465.00,0.582000,2014,"Transit"
"Kepler-324 b","Kepler-324",286.4714473,49.6490933,501.57400000,1.14000000,0.0500000000,4.38531500000,935.00,5194.00,0.840000,2014,"Transit"
"Kepler-1796 b","Kepler-1796",301.5430397,44.6056251,825.88300000,2.75047868,0.1879000000,29.45579910000,598.00,6036.00,0.949000,2021,"Transit"
"Kepler-520 c","Kepler-520",293.1802903,41.6177408,623.90100000,1.07000000,0.0603500000,5.21104261000,1107.00,6112.00,1.090000,2016,"Transit"
"Kepler-1244 b","Kepler-1244",282.3012505,46.5161814,1075.81000000,1.35000000,0.0502000000,3.70428172000,1839.00,6680.00,1.770000,2016,"Transit"
"Kepler-169 c","Kepler-169",285.9999204,40.9193822,406.52900000,1.21000000,0.0620000000,6.19546900000,776.00,4997.00,0.763000,2014,"Transit"
"Kepler-97 b","Kepler-97",287.3265292,48.6733443,400.90700000,1.48000000,0.0356300000,2.58664000000,1328.00,5779.00,0.980000,2014,"Transit"
"Kepler-1336 b","Kepler-1336",296.2776587,46.8998006,1126.64000000,1.98000000,0.1584500000,23.19868100000,793.00,5512.00,1.300000,2016,"Transit"
"Kepler-88 d","KOI-142",291.1481028,40.6694130,376.86300000,13.10000000,2.4663298660,1403.00000000000,158.95,5466.00,0.897000,2020,"Radial Velocity"
"Kepler-301 d","Kepler-301",283.9829040,49.2329512,719.16600000,1.75000000,0.1120000000,13.75124300000,725.00,5815.00,0.900000,2014,"Transit"
"Kepler-104 d","Kepler-104",287.6046621,42.1665104,400.78500000,3.58000000,0.2570000000,51.75539400000,515.00,5711.00,1.349000,2014,"Transit"
"Kepler-1192 b","Kepler-1192",282.1405603,43.8964934,1304.19000000,2.36000000,0.1693000000,25.20347870000,600.00,5438.00,0.830000,2016,"Transit"
"Kepler-516 b","Kepler-516",295.6087625,38.7357368,687.09400000,5.74000000,0.1992000000,24.85462415000,1095.00,7099.00,2.020000,2016,"Transit"
"Kepler-1851 b","Kepler-1851",285.6737597,45.6398375,1589.81000000,3.90012032,0.1016000000,12.02289963000,776.00,5982.00,0.879000,2021,"Transit"
"Kepler-212 b","Kepler-212",287.6208165,43.1416239,687.19400000,1.09000000,0.1330000000,16.25758200000,830.00,5852.00,1.455000,2014,"Transit"
"Kepler-1372 b","Kepler-1372",288.8865895,44.8394672,1303.22000000,1.27000000,0.0240000000,1.31155556800,1655.00,5677.00,0.970000,2016,"Transit"
"Kepler-364 b","Kepler-364",281.5699998,47.3986233,891.46200000,1.55000000,0.1780000000,25.74571800000,753.00,6108.00,1.284000,2014,"Transit"
"KELT-23 A b","KELT-23 A",232.1466406,66.3587097,126.26100000,14.82950700,0.0330200000,2.25525100000,1561.00,5899.00,0.996000,2019,"Transit"
"HD 191939 d","HD 191939",302.0256247,66.8503014,53.60890000,2.99500000,0.2132000000,38.35303700000,540.00,5348.00,0.940000,2020,"Transit"
"HATS-77 b","HATS-77",149.8236672,-27.3928174,436.17600000,13.05846252,0.0360700000,3.08762620000,828.30,4071.00,0.642800,2021,"Transit"
"TOI-4479 b","TOI-4479",316.0969388,24.6536739,80.65320000,2.82000000,0.0164000000,1.15890000000,861.00,3400.00,0.451000,2022,"Transit"
"TOI-1752 c","TOI-1752",253.4614861,60.7096197,103.02100000,2.29000000,0.1614000000,32.71443000000,291.00,3762.00,0.530000,2026,"Transit"
"Kepler-1705 c","Kepler-1705",301.5785316,44.3121639,1633.49000000,2.05000000,,11.28000000000,,6312.00,1.259000,2021,"Transit"
"TOI-1753 b","TOI-1753",252.4698351,61.1735768,226.67100000,2.47852533,0.0590000000,5.38461040000,1005.43,5621.00,0.971500,2024,"Transit"
"TOI-2274 b","TOI-2274",277.4593110,40.5414117,48.87600000,2.45000000,0.0500000000,2.67963000000,771.46,3943.00,0.631000,2024,"Transit"
"Kepler-43 b","Kepler-43",285.2408288,46.6682411,1005.84000000,13.66377100,0.0460000000,3.02409490000,1620.00,6041.00,1.420000,2011,"Transit"
"Kepler-858 b","Kepler-858",288.8488552,51.2090375,298.53200000,4.87000000,0.3393900000,76.13602028000,399.00,5653.00,0.910000,2016,"Transit"
"TOI-3023 b","TOI-3023",165.3158231,-72.3567044,389.91600000,16.43236571,0.0505000000,3.90149710000,1596.00,5760.00,1.668000,2023,"Transit"
"Kepler-1752 b","Kepler-1752",290.8541401,51.2227435,962.88800000,4.54060463,0.2698000000,56.35850143000,419.00,5446.00,0.821000,2021,"Transit"
"Kepler-1408 b","Kepler-1408",282.6998783,45.4257884,535.04800000,0.89000000,0.0421800000,2.99793191000,1616.00,6170.00,1.350000,2016,"Transit"
"HIP 54373 b","HIP 54373",166.8643532,-19.2916857,18.71680000,2.87000000,0.0630000000,7.76000000000,580.66,4021.00,0.564998,2019,"Radial Velocity"
"Teegarden's Star b","Teegarden's Star",43.2691449,16.8649024,3.83078000,1.05000000,0.0259000000,4.90634000000,277.00,3034.00,0.120000,2019,"Radial Velocity"
"BD+60 1417 b","BD+60 1417",190.8875453,60.0143636,44.95430000,14.68376472,1662.0000000000,,1303.00,4993.00,0.797000,2021,"Imaging"
"TOI-1227 b","TOI-1227",186.7673635,-72.4518501,100.64100000,9.57246952,0.0886000000,27.36397000000,243.77,3072.00,0.560000,2022,"Transit"
"CoRoT-7 d","CoRoT-7",100.9561682,-1.0630076,159.90600000,4.31000000,,8.96600000000,,5250.00,0.838900,2022,"Radial Velocity"
"TOI-1758 b","TOI-1758",354.7415810,75.6852317,96.62150000,3.62000000,0.1414090000,20.70507468500,551.44,5169.00,0.810000,2024,"Transit"
"TOI-2567 b","TOI-2567",288.4656683,66.3479375,504.77500000,10.92875618,0.0672000000,5.98394400000,1352.00,5611.00,1.686000,2022,"Transit"
"Kepler-1410 b","Kepler-1410",290.5102933,38.7435010,367.00000000,1.78000000,0.2543000000,60.86616800000,290.00,4092.00,0.600000,2016,"Transit"
"HD 24085 b","HD 24085",56.2563447,-70.0245193,54.90040000,3.46000000,0.0340000000,2.04550000000,1875.43,6034.00,1.412551,2019,"Radial Velocity"
"WASP-87 b","WASP-87",185.3246821,-52.8408163,298.39200000,15.52446500,0.0294600000,1.68279500000,2049.54,6450.00,1.627000,2016,"Transit"
"TOI-163 b","TOI-163",79.7682532,-71.8955269,411.71900000,16.69020100,0.0580000000,4.23130600000,1669.00,6495.00,1.648000,2019,"Transit"
"K2-315 b","K2-315",228.0210932,-20.1081634,56.96860000,0.95000000,,3.14431890000,460.00,3300.00,0.196000,2020,"Transit"
"HD 216520 b","HD 216520",341.8768719,83.6975307,19.55200000,3.18000000,0.1980000000,35.45000000000,482.10,5103.00,0.760000,2020,"Radial Velocity"
"TOI-1775 b","TOI-1775",150.1151015,39.4577506,149.23400000,8.04728896,0.0800000000,10.24055490000,707.89,5284.00,0.828800,2024,"Transit"
"Kepler-296 c","Kepler-296",286.5400278,49.4372614,167.00000000,2.00000000,0.0521000000,5.84163660000,606.00,3740.00,0.480000,2014,"Transit"
"WASP-187 b","WASP-187",17.4747400,25.6816494,371.41400000,18.38276000,0.0653000000,5.14787800000,1760.00,6150.00,2.830000,2020,"Transit"
"HD 161178 b","HD 161178",264.2873565,72.4558590,107.18800000,14.10000000,0.8500000000,279.30000000000,828.33,4786.00,10.950000,2021,"Radial Velocity"
"GJ 514 b","GJ 514",202.5040424,10.3725387,7.61778000,2.13000000,0.4220000000,140.43000000000,202.00,3728.00,0.500000,2022,"Radial Velocity"
"HD 77946 b","HD 77946",136.7776440,46.6724251,99.45100000,2.89646124,0.0730000000,6.52736300000,1128.86,6007.00,1.317400,2024,"Transit"
"TOI-2345 c","TOI-2345",43.8847940,-34.9779745,81.65410000,2.45100000,0.1257000000,21.06430200000,544.00,4687.00,0.729000,2025,"Transit"
"Kepler-876 b","Kepler-876",283.4781717,43.3837235,820.91300000,1.43000000,0.0549000000,5.14438011000,923.00,5060.00,0.770000,2016,"Transit"
"Kepler-1894 c","Kepler-1894",295.5864604,49.6668523,935.19100000,1.21000000,0.0576000000,5.05368985000,1007.00,5772.00,0.901000,2023,"Transit"
"HD 233832 b","HD 233832",171.5196515,50.3763099,58.74200000,13.50000000,2.8270000000,2058.00000000000,117.80,4981.00,0.680000,2018,"Radial Velocity"
"GJ 687 c","GJ 687",264.1041731,68.3336741,4.54939000,4.14000000,1.1650000000,727.56200000000,98.62,3413.00,0.418300,2020,"Radial Velocity"
"HIP 5763 b","HIP 5763",18.4953430,16.4942738,31.90430000,14.20000000,0.1700000000,30.01400000000,440.90,4352.00,0.750378,2021,"Radial Velocity"
"TOI-712 b","TOI-712",92.9361063,-65.8258386,58.62120000,2.04900000,0.0792800000,9.53136100000,650.00,4622.00,0.674000,2022,"Transit"
"TOI-1782.01","TOI-1782",213.0787718,74.4117909,95.26490000,2.36800000,0.0502400000,4.98764102800,697.84,4336.00,0.669000,2024,"Transit"
"TOI-2092 b","TOI-2092",212.5474866,45.5638685,176.75900000,2.94892961,,4.30325528074,1042.00,5842.06,1.051900,2026,"Transit"
"Kepler-303 b","Kepler-303",283.1354742,43.6567036,209.73800000,0.89000000,0.0240000000,1.93705500000,802.00,3944.00,0.485000,2014,"Transit"
"Kepler-271 c","Kepler-271",283.0029316,44.2841080,404.54200000,0.95000000,0.0699300000,7.41086267000,850.00,5555.00,0.870000,2014,"Transit"
"KOI-142 b","KOI-142",291.1481028,40.6694130,376.86300000,3.43800000,0.0958600000,10.91647000000,758.00,5466.00,0.897000,2013,"Transit"
"Qatar-6 b","Qatar-6",222.2100773,22.1526136,100.84800000,11.90395800,0.0423000000,3.50619500000,1006.00,5052.00,0.722000,2017,"Transit"
"GJ 9066 c","GJ 9066",30.0588307,13.0443172,4.47100000,9.60000000,0.8800000000,771.36000000000,65.66,3154.00,0.164000,2020,"Radial Velocity"
"K2-400 b","K2-400",154.5110307,3.6969271,62.38040000,1.16300000,,3.86505300000,,3578.00,0.382000,2022,"Transit"
"TOI-2094 b","TOI-2094",254.1425333,70.0273157,50.02480000,1.90000000,0.1360000000,18.79319300000,276.00,3435.00,0.384000,2026,"Transit"
"TOI-2714 b","TOI-2714",61.4012482,-14.9267458,597.87300000,13.72000000,0.0360000000,2.49938700000,1603.00,5665.00,1.250000,2024,"Transit"
"HD 164922 d","HD 164922",270.6304652,26.3104077,22.00160000,1.83000000,0.1030000000,12.45800000000,787.68,5390.00,0.946000,2020,"Radial Velocity"
"2MASS J01033563-5515561 AB b","2MASS J01033563-5515561 A",15.8992489,-55.2658291,47.20000000,12.30000000,84.0000000000,,,,,2013,"Imaging"
"TOI-2382 b","TOI-2382",356.3751852,-16.1141240,434.92000000,12.25141591,0.0590000000,4.66120610000,1426.00,6033.00,1.417000,2025,"Transit"
"Kepler-402 b","Kepler-402",288.3701976,43.3546109,625.33900000,1.22000000,0.0510000000,4.02875100000,1311.00,6090.00,1.264000,2014,"Transit"
"EPIC 201841433 b","EPIC 201841433",175.2067520,6.1348146,436.48800000,1.04000000,0.0350000000,4.16980000000,1032.49,5053.00,0.628461,2019,"Transit"
"USco1621 b","USco1621 A",245.3730855,-25.4954265,137.90100000,12.20000000,2880.0000000000,,2270.00,3460.00,0.710071,2019,"Imaging"
"K2-318 b","K2-318",232.4461375,-17.5574630,147.86600000,1.66000000,0.0911000000,7.01000000000,456.00,3851.00,0.552000,2020,"Transit"
"K2-405 b","K2-405",164.3759959,12.5356140,197.23400000,4.56900000,,3.43547100000,969.00,4927.00,0.765000,2022,"Transit"
"TOI-784 b","HD 307842",159.3412205,-63.6556923,64.59970000,1.93000000,0.0380000000,2.79703650000,1256.00,5558.00,0.907000,2023,"Transit"
"TOI-1814 b","TOI-1814",236.8168817,77.2326429,362.52200000,5.18536642,,6.36861010462,977.83,4872.84,2.389500,2026,"Transit"
"Kepler-1419 b","Kepler-1419",292.2545917,37.9713760,1498.58000000,2.86000000,0.2391000000,42.52158950000,510.00,5796.00,1.010000,2016,"Transit"
"EPIC 206215704 b","EPIC 206215704",335.0949721,-9.5097112,109.88800000,1.00000000,,2.25543600000,,3297.00,0.250000,2019,"Transit"
"Kepler-848 b","Kepler-848",293.2882949,48.8116114,1378.47000000,1.70000000,0.0758600000,6.91134416000,1086.00,5695.00,1.200000,2016,"Transit"
"Kepler-819 b","Kepler-819",295.3708312,39.1772925,664.30600000,2.76000000,0.1894000000,33.19956480000,485.00,5279.00,0.810000,2016,"Transit"
"TOI-799 b","TOI-799",98.4691249,-52.4602958,158.52600000,2.06631784,,5.54519139676,958.69,5662.81,0.915519,2026,"Transit"
"K2-146 c","K2-146",130.0266951,19.0923416,79.30020000,2.19000000,0.0327000000,4.00498000000,518.53,3385.00,0.330000,2019,"Transit"
"K2-324 b","K2-324",157.6222171,6.8636732,136.66700000,2.43000000,0.0331000000,3.26200000000,707.00,3752.00,0.505000,2020,"Transit"
"Kepler-822 b","Kepler-822",292.2760929,39.5501136,860.39100000,1.77000000,0.0407800000,3.22296927300,1239.00,5928.00,1.080000,2016,"Transit"
"TOI-1181 b","TOI-1181",297.2158166,64.3543506,302.81900000,17.02644168,0.0364000000,2.10318900000,1942.12,6054.00,1.961000,2022,"Transit"
"TOI-808 b","TOI-808",133.7485497,-44.2886304,98.18480000,2.20344362,,9.73944854026,710.98,5078.20,0.833198,2026,"Transit"
"TOI-815 b","TOI-815",155.8719377,-43.8349248,59.71170000,2.94000000,0.0903000000,11.19725900000,686.00,4869.00,0.770000,2024,"Transit"
"TOI-2141 b","TOI-2141",258.7623456,18.3403449,77.68200000,3.14700000,0.1322000000,18.26160800000,728.00,5635.00,0.950000,2023,"Transit"
"TOI-2447 b","TOI-2447",70.9975864,-31.9066369,148.98700000,9.60609646,0.3470000000,69.33684000000,414.00,5730.00,1.006000,2024,"Transit"
"TOI-2818 b","TOI-2818",119.0598183,-35.1167104,312.67400000,15.27784069,0.0493000000,4.03970900000,1376.00,5721.00,1.229000,2023,"Transit"
"Kepler-1371 c","Kepler-1371",288.8314251,47.5519753,515.33400000,0.64000000,0.0293700000,2.00541269000,1216.00,5361.00,0.830000,2016,"Transit"
"EPIC 212587672 b","EPIC 212587672",205.4445125,-10.8625468,320.07000000,1.26000000,,15.28078000000,756.00,6004.00,0.980000,2019,"Transit"
"Kepler-843 b","Kepler-843",296.3219786,48.9714373,1165.66000000,2.59000000,0.0313000000,2.05387982100,1523.00,5830.00,1.030000,2016,"Transit"
"K2-408 b","K2-408",227.9168555,-17.6842698,162.30600000,1.67700000,,20.97895900000,,5335.00,0.784000,2022,"Transit"
"TOI-1516 b","TOI-1516",340.0846204,69.5037313,247.05400000,15.24421375,,2.05601400000,1839.00,6520.00,1.140000,2022,"Transit"
"TOI-2458 b","TOI-2458",79.6215290,1.2534390,112.95800000,2.83000000,0.0482000000,3.73659000000,1509.40,6005.00,1.310000,2024,"Transit"
"Kepler-1423 b","Kepler-1423",288.2437481,41.1100655,449.00000000,1.06000000,0.1586000000,23.95537800000,741.00,4939.00,0.750000,2016,"Transit"
"HATS-57 b","HATS-57",60.9482779,-19.0568182,279.48500000,12.76705100,0.0349300000,2.35062100000,1413.40,5587.00,0.960000,2019,"Transit"
"HATS-56 b","HATS-56",180.1650720,-45.7994559,564.40900000,18.92079200,0.0604300000,4.32479900000,1902.00,6536.00,2.201000,2019,"Transit"
"TOI-763 b","TOI-763",194.4680980,-39.7580613,95.12740000,2.28000000,0.0600000000,5.60570000000,1038.00,5450.00,0.897000,2020,"Transit"
"K2-409 b","K2-409",228.4551125,-16.3512966,431.03100000,2.48200000,,1.90808400000,,5742.00,1.228000,2022,"Transit"
"TOI-1722 b","TOI-1722",114.3452126,61.1539249,136.41900000,4.38298108,,9.60523206943,952.00,5999.55,1.094140,2026,"Transit"
"TOI-1873 b","TOI-1873",212.5684755,84.3718582,182.01400000,2.86356397,,7.00572708834,923.50,5597.99,0.971675,2026,"Transit"
"TOI-2158 b","TOI-2158",276.8100527,20.5268868,198.47300000,10.76062147,0.0750000000,8.60077000000,1188.00,5673.00,1.410000,2022,"Transit"
"Kepler-1888 b","Kepler-1888",289.3945523,41.7822597,402.94700000,1.32578716,0.0956000000,11.39169979000,886.00,5557.00,1.249000,2021,"Transit"
"Kepler-1901 b","Kepler-1901",291.1643587,45.3183061,1028.37000000,1.47418907,0.0453000000,3.48412990600,1132.00,5696.00,0.921000,2021,"Transit"
"GJ 433 c","GJ 433",173.8619194,-32.5436302,9.06456000,6.27000000,4.8190000000,5094.10500000000,53.76,3461.00,0.500000,2014,"Radial Velocity"
"K2-374 c","K2-374",137.3794986,16.3558324,359.43900000,2.21300000,,16.43445000000,,5789.00,0.907000,2022,"Transit"
"TOI-1860 b","TOI-1860",226.4567308,64.0476821,45.86400000,1.31000000,0.0204000000,1.06621070000,1885.00,5752.00,0.940000,2022,"Transit"
"TOI-1723 b","TOI-1723",116.7971978,68.4766845,100.72700000,3.43500000,0.1134960000,13.72701264300,782.98,5777.00,1.090000,2024,"Transit"
"TOI-1937 A b","TOI-1937 A",116.3707214,-52.3832587,415.13500000,13.97759893,0.0193200000,0.94667944000,2097.00,5814.00,1.080000,2023,"Transit"
"Kepler-292 f","Kepler-292",295.7661979,42.4242822,1056.48000000,2.35000000,0.1410000000,20.83423700000,563.00,5299.00,0.826000,2014,"Transit"
"Kepler-1395 b","Kepler-1395",292.3374945,47.6641732,492.89400000,0.80000000,0.0497400000,3.78470649000,1311.00,6138.00,1.230000,2016,"Transit"
"Kepler-1905 b","Kepler-1905",292.5733475,46.3668273,1051.53000000,1.44607340,0.0451000000,3.42392993000,1212.00,5788.00,1.015000,2021,"Transit"
"Kepler-65 e","Kepler-65",288.6887221,41.1511076,303.72800000,13.90000000,0.8539307544,258.80000000000,389.08,6220.00,1.437000,2019,"Radial Velocity"
"GJ 682 b","GJ 682",264.2610245,-44.3232519,5.00671000,1.93000000,0.0800000000,17.47800000000,281.93,3028.00,0.298255,2014,"Radial Velocity"
"TOI-132 b","TOI-132",338.3996623,-43.4368720,163.67800000,3.42000000,0.0260000000,2.10970190000,1395.00,5397.00,0.900000,2020,"Transit"
"TOI-2000 c","TOI-2000",146.3970631,-66.6866307,175.71300000,8.14000000,0.0878000000,9.12705500000,1038.00,5611.00,1.134000,2023,"Transit"
"TOI-2000 b","TOI-2000",146.3970631,-66.6866307,175.71300000,2.70000000,0.0427100000,3.09833000000,1488.00,5611.00,1.134000,2023,"Transit"
"TOI-2194 b","TOI-2194",299.1563393,-31.3351812,19.57110000,1.98920000,,15.33759700000,590.88,4756.00,0.690900,2023,"Transit"
"TOI-2498 b","TOI-2498",95.4162204,11.2516477,275.26500000,6.06000000,0.0491000000,3.73825200000,1443.00,5905.00,1.260000,2023,"Transit"
"Kepler-102 e","Kepler-102",281.4824731,47.2078263,107.79600000,2.17000000,0.1162000000,16.14569940000,590.00,4909.00,0.724000,2013,"Transit"
"HD 2685 b","HD 2685",7.3289156,-76.3040320,196.85200000,16.14096000,0.0568000000,4.12688000000,2061.00,6801.00,1.560000,2019,"Transit"
"Kepler-95 b","Kepler-95",284.4824281,44.3978910,445.65600000,3.42000000,0.1023200000,11.52310000000,927.00,5699.00,1.410000,2014,"Transit"
"Wendelstein-2 b","Wendelstein-2",297.7909214,16.9125679,565.54100000,12.99347280,0.0234000000,1.75222390000,2470.00,4591.00,0.660000,2020,"Transit"
"K2-384 b","K2-384",20.4998403,0.7509701,82.66030000,1.07600000,,2.23152700000,,3623.00,0.348000,2022,"Transit"
"HD 174205 b","HD 174205",280.7932014,70.7928237,234.02700000,13.00000000,1.7000000000,582.00000000000,821.72,4308.00,26.600000,2022,"Radial Velocity"
"Kepler-430 c","Kepler-430",292.8085984,49.5794242,917.47700000,1.75000000,0.4757000000,110.97900000000,458.00,5884.00,1.485000,2015,"Transit"
"Kepler-1656 b","Kepler-1656",284.4722473,39.9118890,185.87500000,4.57400000,0.1974000000,31.56200000000,651.00,5569.00,1.100000,2018,"Transit"
"Kepler-647 c","Kepler-647",284.7882977,44.5916225,1087.87000000,4.00135002,0.1829100000,29.66630000000,644.00,5906.74,1.545710,2020,"Transit"
"Kepler-210 b","Kepler-210",292.5034196,43.0832188,232.75000000,2.94000000,0.0320000000,2.45323400000,737.00,4559.00,0.650000,2014,"Transit"
"OGLE-2006-BLG-109L c","OGLE-2006-BLG-109L",268.1437920,-30.0877778,1510.00000000,11.10000000,4.5000000000,4927.50000000000,59.00,,,2008,"Microlensing"
"KMT-2016-BLG-1397L b","KMT-2016-BLG-1397L",272.6646120,-24.8577385,6600.00000000,12.70000000,5.1000000000,,,,,2018,"Microlensing"
"KMT-2019-BLG-0253L b","KMT-2019-BLG-0253L",267.8825833,-29.5654722,4900.00000000,2.99000000,3.1000000000,,,,,2022,"Microlensing"
"KMT-2023-BLG-0548L b","KMT-2023-BLG-0548L",270.3476250,-27.1067500,6830.00000000,13.10000000,6.8500000000,,,,,2025,"Microlensing"
"Kepler-1963 b","Kepler-1963",296.5875182,47.2071290,492.84700000,0.74437023,0.0291500000,1.96226000800,1448.00,5726.00,0.979000,2021,"Transit"
"Kepler-1517 b","Kepler-1517",287.8072115,43.1888008,847.29900000,9.76000000,0.0780000000,5.54608366500,2336.00,7010.00,1.950000,2016,"Transit"
"Kepler-1711 b","Kepler-1711",298.1772916,42.2370289,590.26800000,1.92300000,0.1463000000,21.06080055000,669.00,5706.00,1.034000,2021,"Transit"
"MOA-2010-BLG-328L b","MOA-2010-BLG-328L",269.4963330,-30.7151750,810.00000000,2.99000000,0.9200000000,,,,,2013,"Microlensing"
"MOA-2011-BLG-291L b","MOA-2011-BLG-291L",268.8678890,-29.1706657,4400.00000000,4.43000000,0.6900000000,,,,,2018,"Microlensing"
"KMT-2018-BLG-1743L b","KMT-2018-BLG-1743L",274.2833750,-26.3596389,6483.00000000,10.50000000,1.4490000000,,,,,2021,"Microlensing"
"OGLE-2018-BLG-0516L b","OGLE-2018-BLG-0516L",269.6401250,-31.2623889,7000.00000000,4.73000000,2.2000000000,,,,,2022,"Microlensing"
"KMT-2023-BLG-0949L b","KMT-2023-BLG-0949L",263.4194167,-28.0914611,6060.00000000,12.80000000,2.0300000000,,,,,2025,"Microlensing"
"KMT-2024-BLG-2059L b","KMT-2024-BLG-2059L",270.9297500,-28.5681889,6070.00000000,2.54000000,2.5500000000,,,,,2025,"Microlensing"
"Kepler-146 b","Kepler-146",294.1107631,38.7102222,716.79700000,3.71000000,0.2000000000,31.15879900000,639.00,5948.00,1.208000,2014,"Transit"
"Kepler-1468 d","Kepler-1468",293.5198289,41.2773671,1899.24000000,3.33187146,0.1456000000,19.59059906000,819.00,5794.00,1.496000,2021,"Transit"
"Kepler-348 c","Kepler-348",297.2550814,40.5483883,570.78300000,1.33000000,0.1380000000,17.26542700000,888.00,6177.00,1.359000,2014,"Transit"
"Kepler-1641 c","Kepler-1641",296.3594560,41.5745321,860.37000000,2.95000000,0.2065000000,32.65721200000,767.00,6152.00,1.190000,2016,"Transit"
"Kepler-1641 b","Kepler-1641",296.3594560,41.5745321,860.37000000,3.11000000,0.1473000000,19.67226600000,908.00,6152.00,1.190000,2016,"Transit"
"Kepler-39 b","Kepler-39",296.9603348,46.0342954,1057.41000000,13.90000000,0.1640000000,21.08721000000,897.00,6350.00,1.400000,2011,"Transit"
"Kepler-174 c","Kepler-174",287.4389454,43.8320052,384.75700000,1.49000000,0.2140000000,44.00052900000,377.00,4880.00,0.622000,2014,"Transit"
"KMT-2023-BLG-1642L b","KMT-2023-BLG-1642L",261.3660000,-29.0584694,6980.00000000,13.80000000,1.4100000000,,,,,2024,"Microlensing"
"Kepler-1468 b","Kepler-1468",293.5198289,41.2773671,1899.24000000,1.73000000,0.0817000000,8.23984869000,1093.00,5893.00,1.050000,2016,"Transit"
"Kepler-203 b","Kepler-203",297.0899590,41.3880686,703.30200000,2.57000000,0.0430000000,3.16269700000,1308.00,5821.00,1.114000,2014,"Transit"
"Kepler-152 b","Kepler-152",286.8653826,41.9889571,441.09000000,2.79000000,0.1240000000,18.20797300000,551.00,5088.00,0.724000,2014,"Transit"
"OGLE-2015-BLG-0966L b","OGLE-2015-BLG-0966L",268.7542500,-29.0471111,3300.00000000,4.86000000,2.7000000000,,,,,2016,"Microlensing"
"MOA-2011-BLG-028L b","MOA-2011-BLG-028L",270.8540000,-29.2134167,7380.00000000,5.99000000,4.1400000000,,,,,2016,"Microlensing"
"OGLE-2018-BLG-0383L b","OGLE-2018-BLG-0383L",268.6807500,-28.7392778,7700.00000000,2.41000000,1.8000000000,,,,,2022,"Microlensing"
"KMT-2021-BLG-1391L b","KMT-2021-BLG-1391L",270.6835833,-28.0605000,5720.00000000,1.97000000,2.2900000000,,,,,2022,"Microlensing"
"Kepler-195 c","Kepler-195",288.1209339,47.9666141,652.05100000,1.55000000,0.1970000000,34.09686300000,469.00,5329.00,0.775000,2014,"Transit"
"Kepler-880 c","Kepler-880",281.9712347,43.6727839,601.32400000,2.87000000,0.1216000000,11.80617370000,1407.00,6900.00,2.599000,2023,"Transit"
"Kepler-608 b","Kepler-608",293.8829010,44.6380717,946.68300000,3.64000000,0.0685000000,6.41251503700,1069.00,5820.00,1.010000,2016,"Transit"
"Kepler-1704 b","Kepler-1704",291.2012559,51.1442437,835.45500000,11.94877343,2.0270000000,988.88112000000,253.80,5746.00,1.697000,2021,"Transit"
"Kepler-561 c","Kepler-561",293.7471107,45.1071981,621.37800000,2.68000000,0.0594700000,5.35016198300,989.00,5646.00,0.940000,2016,"Transit"
"OGLE-2015-BLG-0051L b","OGLE-2015-BLG-0051L",269.6625370,-28.0316944,8200.00000000,14.00000000,0.7300000000,,,,,2016,"Microlensing"
"OGLE-2018-BLG-0740L b","OGLE-2018-BLG-0740L",272.1769583,-29.8358056,3200.00000000,12.90000000,5.0000000000,5480.00000000000,,5912.00,,2019,"Microlensing"
"OGLE-2017-BLG-1099L b","OGLE-2017-BLG-1099L",263.9642500,-29.5858611,7250.00000000,13.10000000,2.7300000000,,,,,2021,"Microlensing"
"KMT-2021-BLG-0748L b","KMT-2021-BLG-0748L",272.4213333,-25.7465806,6090.00000000,14.30000000,2.4300000000,,,,,2022,"Microlensing"
"TOI-2267 d","TOI-2267 B",65.0615000,84.9008250,22.55000000,1.77000000,0.0145000000,2.03446710000,422.00,3022.00,0.130000,2025,"Transit"
"Kepler-1719 b","Kepler-1719",284.7068546,38.9367566,905.40600000,3.95000623,0.0686800000,6.14955997500,1287.00,5687.00,1.775000,2021,"Transit"
"Kepler-1254 c","Kepler-1254",285.1733174,48.7700099,622.81800000,1.30000000,0.0422000000,3.60084276000,927.00,4985.00,0.750000,2016,"Transit"
"Kepler-639 b","Kepler-639",292.1868271,41.7269440,850.24200000,2.38000000,0.0935800000,10.21420496000,957.00,5896.00,1.290000,2016,"Transit"
"KMT-2016-BLG-0212L b","KMT-2016-BLG-0212L",268.4392500,-29.0868889,6300.00000000,12.20000000,2.2000000000,,,,,2018,"Microlensing"
"KMT-2019-BLG-1552L b","KMT-2019-BLG-1552L",269.5957917,-27.5669389,4600.00000000,13.00000000,2.6000000000,,,,,2022,"Microlensing"
"KMT-2024-BLG-0349L b","KMT-2024-BLG-0349L",261.3715417,-30.2470194,5750.00000000,12.40000000,6.4600000000,,,,,2026,"Microlensing"
"Kepler-208 d","Kepler-208",293.8901979,42.5279413,775.32800000,1.20000000,0.1030000000,11.13178600000,999.00,6092.00,1.314000,2014,"Transit"
"Kepler-171 b","Kepler-171",296.7719082,41.7555958,863.85500000,2.34000000,0.0500000000,4.16697200000,1053.00,5642.00,0.839000,2014,"Transit"
"Kepler-1525 b","Kepler-1525",290.5594479,49.9428629,382.98900000,0.91000000,0.0355700000,2.41660118300,1343.00,5748.00,1.040000,2016,"Transit"
"Kepler-1645 b","Kepler-1645",297.4795142,48.4185820,1202.47000000,1.78000000,0.1285000000,16.17795610000,754.00,5812.00,1.020000,2016,"Transit"
"KMT-2018-BLG-1990L b","KMT-2018-BLG-1990L",268.4353750,-22.1525389,967.00000000,12.90000000,0.7630000000,,,,,2019,"Microlensing"
"KMT-2018-BLG-0247L b","KMT-2018-BLG-0247L",264.5600417,-27.1504111,6760.00000000,13.40000000,2.4600000000,,,,,2022,"Microlensing"
"Kepler-30 d","Kepler-30",285.2836483,38.9472625,914.22100000,8.80000000,0.5000000000,143.34394000000,308.00,5498.00,0.950000,2012,"Transit"
"PSR B1257+12 d","PSR B1257+12",195.0149029,12.6823534,600.00000000,1.80000000,0.4600000000,98.21140000000,,,,1992,"Pulsar Timing"
"OGLE-2016-BLG-0263L b","OGLE-2016-BLG-0263L",269.8954160,-31.8186111,6500.00000000,13.00000000,5.4000000000,,,,,2017,"Microlensing"
"OGLE-2012-BLG-0026L c","OGLE-2012-BLG-0026L",263.5779170,-27.1427500,4019.00000000,13.90000000,4.8000000000,,,,,2012,"Microlensing"
"KMT-2018-BLG-2602L b","KMT-2018-BLG-2602L",267.3970417,-21.9762000,4310.00000000,13.70000000,3.8100000000,,,,,2022,"Microlensing"
"KMT-2016-BLG-1337L b","KMT-2016-BLG-1337L",269.1300417,-33.0341889,6920.00000000,11.40000000,3.9700000000,,,,,2026,"Microlensing"
"Kepler-220 d","Kepler-220",291.5060432,46.8956262,171.10900000,0.98000000,0.1630000000,28.12239700000,401.00,4632.00,0.666000,2014,"Transit"
"Kepler-1949 b","Kepler-1949",293.5422586,43.0260555,2617.35000000,2.21964541,0.0352000000,2.20828008700,1709.00,6028.00,1.454000,2021,"Transit"
"Kepler-695 b","Kepler-695",299.3160934,40.8223815,842.94700000,9.21000000,0.0374000000,3.04033042400,1021.00,5181.00,0.800000,2016,"Transit"
"Kepler-529 d","Kepler-529",285.8884067,47.8803640,799.00800000,2.79502603,0.2134000000,35.86619949000,633.00,6078.00,1.189000,2021,"Transit"
"OGLE-2005-BLG-390L b","OGLE-2005-BLG-390L",268.5799580,-30.3773056,6600.00000000,2.21000000,2.6000000000,3285.00000000000,50.00,,,2005,"Microlensing"
"Kepler-220 b","Kepler-220",291.5060432,46.8956262,171.10900000,0.81000000,0.0460000000,4.15980700000,759.00,4632.00,0.666000,2014,"Transit"
"Kepler-1993 b","Kepler-1993",293.7968548,45.1607261,1031.91000000,4.15000000,0.1943000000,26.65657370000,903.00,5159.00,3.062000,2023,"Transit"
"Kepler-154 e","Kepler-154",289.7805393,49.8965624,915.21200000,1.50000000,0.0476600000,3.93276465000,1140.00,5769.00,0.980000,2016,"Transit"
"MOA-2009-BLG-387L b","MOA-2009-BLG-387L",268.4616250,-33.9903333,5690.00000000,13.20000000,1.8000000000,1980.00000000000,,,,2010,"Microlensing"
"OGLE-2018-BLG-1647L b","OGLE-2018-BLG-1647L",268.9623750,-31.8170000,7880.00000000,13.80000000,1.3600000000,,,,,2022,"Microlensing"
"Kepler-154 c","Kepler-154",289.7805393,49.8965624,915.21200000,2.95000000,0.3030000000,62.30327600000,454.00,5690.00,1.001000,2014,"Transit"
"Kepler-390 c","Kepler-390",291.6288086,41.2088351,435.27700000,0.79000000,0.1010000000,13.06002200000,630.00,5166.00,0.776000,2014,"Transit"
"Kepler-967 c","Kepler-967",286.5580128,38.4052418,568.54600000,3.65000000,0.6253000000,198.71125020000,258.00,5178.00,0.800000,2016,"Transit"
"Kepler-248 c","Kepler-248",293.0613138,43.5813577,738.79200000,4.07000000,0.1230000000,16.23949400000,598.00,5190.00,0.831000,2014,"Transit"
"Kepler-648 b","Kepler-648",283.8996207,45.0169137,636.03000000,3.22000000,0.1332400000,17.42117490000,674.00,5741.00,0.980000,2016,"Transit"
"OGLE-2017-BLG-0406L b","OGLE-2017-BLG-0406L",268.9996670,-29.8631389,5200.00000000,14.20000000,3.5000000000,,,,,2020,"Microlensing"
"OGLE-2018-BLG-1367L b","OGLE-2018-BLG-1367L",269.7556250,-29.1683611,5370.00000000,13.80000000,1.2100000000,,,,,2022,"Microlensing"
"OGLE-2018-BLG-0932L b","OGLE-2018-BLG-0932L",268.3512083,-29.0218056,6620.00000000,13.90000000,1.7500000000,,,,,2022,"Microlensing"
"OGLE-2017-BLG-0364L b","OGLE-2017-BLG-0364L",265.2278750,-34.6175833,7860.00000000,10.30000000,3.7900000000,,,,,2024,"Microlensing"
"Kepler-1814 c","Kepler-1814",285.2166767,41.2824449,726.34600000,1.76000000,0.0133000000,0.62628176600,1711.00,4922.00,0.823000,2023,"Transit"
"Kepler-1588 b","Kepler-1588",288.2327232,48.0021967,924.14100000,0.76000000,0.0741900000,7.84931739000,925.00,5817.00,0.990000,2016,"Transit"
"Kepler-436 b","Kepler-436",301.7207775,44.4120856,588.86700000,2.73000000,0.3390000000,64.00205000000,322.00,4651.00,0.697000,2015,"Transit"
"KOI-3503 c","KOI-3503",293.1507654,41.7291532,887.06400000,1.21000000,0.1868800000,31.82800000000,686.00,6001.00,1.255000,2021,"Transit"
"Kepler-1491 c","Kepler-1491",293.6297645,45.7406293,2065.59000000,2.44000000,0.3045000000,61.56976500000,530.00,5626.00,1.389000,2023,"Transit"
"Kepler-158 c","Kepler-158",284.0323723,39.7815365,315.17700000,1.90000000,0.1580000000,28.55138300000,418.00,4623.00,0.624000,2014,"Transit"
"MOA-2011-BLG-293L b","MOA-2011-BLG-293L",268.9139580,-28.4768472,7720.00000000,12.90000000,1.1000000000,3000.00000000000,,,,2012,"Microlensing"
"OGLE-2017-BLG-0173L b","OGLE-2017-BLG-0173L",267.9706120,-29.2713604,4705.00000000,1.62000000,3.9130000000,,,,,2018,"Microlensing"
"OGLE-2018-BLG-1269L b","OGLE-2018-BLG-1269L",269.6934170,-27.6179444,2510.00000000,14.10000000,4.5100000000,,,,,2020,"Microlensing"
"KMT-2021-BLG-0119L b","KMT-2021-BLG-0119L",274.0005417,-29.7438889,3130.00000000,12.80000000,2.9200000000,,,,,2022,"Microlensing"
"Kepler-968 c","Kepler-968",285.6025889,50.1120401,290.32400000,1.69000000,0.0520000000,5.70940491800,644.00,4598.00,0.700000,2016,"Transit"
"Kepler-28 b","Kepler-28",292.1370409,42.4294835,438.35900000,1.95900000,0.0568700000,5.91000000000,585.00,4499.30,0.664000,2011,"Transit"
"MOA-2008-BLG-379L b","MOA-2008-BLG-379L",269.7060000,-30.1969306,3300.00000000,13.00000000,2.7000000000,,,,,2013,"Microlensing"
"MOA-2022-BLG-091L b","MOA-2022-BLG-091L",268.9422083,-32.3414389,4250.00000000,13.00000000,3.4400000000,,,,,2025,"Microlensing"
"KMT-2023-BLG-2209L b","KMT-2023-BLG-2209L",268.9942083,-29.3056694,5570.00000000,13.90000000,3.5100000000,,,,,2025,"Microlensing"
"Kepler-1533 b","Kepler-1533",295.9755645,44.7133739,966.80100000,3.46000000,0.9341600000,308.54710000000,330.00,6431.00,1.510000,2016,"Transit"
"Kepler-558 b","Kepler-558",284.6579709,42.6526751,661.87600000,2.37000000,0.1759000000,29.00790538000,498.00,5242.00,0.810000,2016,"Transit"
"Kepler-177 c","Kepler-177",286.0471442,45.0532038,1435.44000000,8.73000000,0.2565500000,49.40926000000,497.00,5732.00,1.324000,2013,"Transit"
"OGLE-2014-BLG-1722L b","OGLE-2014-BLG-1722L",268.7523800,-31.4690552,6400.00000000,8.59000000,1.5000000000,,,,,2018,"Microlensing"
"OGLE-2015-BLG-1609L b","OGLE-2015-BLG-1609L",270.8237917,-26.9071111,3300.00000000,10.40000000,,,,,,2025,"Microlensing"
"Kepler-690 b","Kepler-690",294.4899225,39.7714758,1665.31000000,5.95000000,0.0810000000,7.74809437400,964.00,5913.00,1.160000,2016,"Transit"
"KMT-2025-BLG-1160L b","KMT-2025-BLG-1160L",268.8604583,-30.7249194,6580.00000000,5.43000000,2.5600000000,,,,,2026,"Microlensing"
"Kepler-46 b","Kepler-46",289.2687388,42.6041819,777.06000000,9.05700000,0.1968000000,33.60134000000,543.00,5155.00,0.938000,2012,"Transit"
"Kepler-188 c","Kepler-188",281.2797173,44.3154743,968.54400000,3.19000000,0.0660000000,5.99655300000,1025.00,6021.00,1.141000,2014,"Transit"
"Kepler-586 b","Kepler-586",293.0571982,45.5511266,693.76600000,2.79000000,0.0331000000,2.10472218400,1365.00,5575.00,0.920000,2016,"Transit"
"Kepler-245 d","Kepler-245",291.6389972,42.4363482,861.52700000,3.03000000,0.2020000000,36.27710800000,445.00,5100.00,0.795000,2014,"Transit"
"OGLE-2013-BLG-0341L B b","OGLE-2013-BLG-0341L B",268.0312080,-29.8461111,911.00000000,1.16000000,0.7020000000,,,,,2014,"Microlensing"
"KMT-2018-BLG-1976L b","KMT-2018-BLG-1976L",266.3546667,-35.7003306,5840.00000000,13.30000000,3.5400000000,,,,,2021,"Microlensing"
"KMT-2017-BLG-0428L b","KMT-2017-BLG-0428L",271.3852500,-28.4902806,5400.00000000,2.23000000,1.8100000000,,,,,2023,"Microlensing"
"KMT-2019-BLG-1806L b","KMT-2019-BLG-1806L",270.5375417,-29.4148889,6640.00000000,2.00000000,3.0200000000,,,,,2023,"Microlensing"
"OGLE-2014-BLG-0124L b","OGLE-2014-BLG-0124L",270.6217083,-28.3962500,3500.00000000,14.10000000,3.4800000000,,,,,2015,"Microlensing"
"Kepler-1616 b","Kepler-1616",286.5436691,45.3048716,1137.81000000,1.02000000,0.0731800000,6.76284377000,1337.00,6266.00,1.340000,2016,"Transit"
"Kepler-362 b","Kepler-362",291.7716030,47.5299192,1090.51000000,0.88000000,0.0870000000,10.32718600000,838.00,5788.00,0.722000,2014,"Transit"
"Kepler-612 b","Kepler-612",291.3546278,45.7478551,1445.53000000,2.84000000,0.0452000000,3.72215641300,1046.00,5693.00,0.960000,2016,"Transit"
"Kepler-81 c","Kepler-81",293.6369437,42.8248275,348.29100000,2.37000000,0.0834700000,12.04000000000,502.00,4385.00,0.590000,2012,"Transit"
"OGLE-2013-BLG-1761L b","OGLE-2013-BLG-1761L",268.4094850,-28.8952713,6900.00000000,13.20000000,1.8000000000,,,,,2017,"Microlensing"
"KMT-2016-BLG-1105L b","KMT-2016-BLG-1105L",266.4472500,-26.2663694,5080.00000000,1.33000000,2.4400000000,,,,,2023,"Microlensing"
"TOI-5573 b","TOI-5573",136.4259999,55.3071309,186.56200000,9.75000000,0.0712000000,8.79758977000,528.00,3790.00,0.594000,2025,"Transit"
"Kepler-1144 b","Kepler-1144",290.0432936,47.2578857,1140.57000000,1.99000000,0.1291000000,17.14647302000,811.00,5753.00,0.960000,2016,"Transit"
"Kepler-172 e","Kepler-172",283.3684093,41.8218390,828.59200000,2.76000000,0.2110000000,35.11873600000,550.00,5526.00,1.085000,2014,"Transit"
"Kepler-694 b","Kepler-694",291.1495269,40.4204569,1023.06000000,2.80000000,0.0659000000,6.36584161200,914.00,5700.00,0.950000,2016,"Transit"
"K2-108 b","K2-108",123.3818484,16.4195160,477.29500000,5.33000000,0.0581000000,4.73399900000,1360.00,5599.00,1.760000,2017,"Transit"
"TOI-201 d","TOI-201",87.4017825,-54.9104230,113.82500000,1.39000000,0.0698000000,5.84889000000,1237.00,6423.00,1.310000,2026,"Transit"
"Kepler-373 b","Kepler-373",289.3879904,50.5970115,1090.45000000,1.36000000,0.0600000000,5.53530900000,1054.00,5787.00,0.845000,2014,"Transit"
"Kepler-377 c","Kepler-377",295.4220717,38.7356737,823.80400000,2.06000000,0.1820000000,27.01497600000,677.00,5949.00,1.224000,2014,"Transit"
"Kepler-444 d","Kepler-444",289.7528323,41.6318840,36.43960000,0.53000000,0.0600000000,6.18939200000,783.00,5046.00,0.752000,2015,"Transit"
"Kepler-1649 b","Kepler-1649",292.5029676,41.8299933,92.19130000,1.01700000,0.0514000000,8.68909900000,307.00,3240.00,0.231700,2017,"Transit"
"Kepler-179 c","Kepler-179",298.6636163,47.7619329,605.68000000,2.00000000,0.0640000000,6.40013000000,810.00,5302.00,0.759000,2014,"Transit"
"K2-179 b","K2-179",58.7967878,23.7567524,190.81000000,2.51267885,,5.17219100000,,5015.00,0.768067,2018,"Transit"
"Kepler-219 d","Kepler-219",288.7389481,46.7625929,787.07000000,2.81000000,0.2720000000,47.90364500000,598.00,5786.00,1.491000,2014,"Transit"
"Kepler-50 b","Kepler-50",288.1009312,50.0336844,250.11000000,1.71000000,0.0770000000,7.81254000000,1196.00,6225.00,1.580000,2012,"Transit"
"Kepler-1787 b","Kepler-1787",289.0643042,47.1174041,778.60200000,2.31898181,0.2270000000,39.31370163000,540.00,6060.00,0.925000,2021,"Transit"
"Kepler-1542 b","Kepler-1542",285.7284757,42.6544651,399.11400000,0.76000000,0.0476500000,3.95116882000,1160.00,5564.00,0.990000,2016,"Transit"
"Kepler-1444 b","Kepler-1444",285.3306799,42.0405016,319.67500000,2.18000000,0.2090600000,33.42035034000,581.00,5810.00,1.050000,2016,"Transit"
"Kepler-1997 b","Kepler-1997",297.4808253,46.5891373,1502.34000000,2.28000000,0.1815000000,26.75758660000,660.00,6215.00,1.052000,2023,"Transit"
"Kepler-241 b","Kepler-241",292.9131121,41.0609786,512.00000000,2.33000000,0.0940000000,12.71809200000,562.00,4699.00,0.668000,2014,"Transit"
"Kepler-1624 b","Kepler-1624",292.5798564,37.3762616,258.97900000,6.59000000,0.0327000000,3.29031400000,540.00,3768.00,0.552000,2016,"Transit"
"K2-168 b","K2-168",333.1100738,-16.3418863,243.93500000,1.86000000,,15.85230000000,766.35,5502.70,0.830000,2018,"Transit"
"K2-119 b","K2-119",132.0098683,16.9017663,365.58100000,2.53000000,0.0698000000,7.72728300000,666.00,4740.00,0.710000,2017,"Transit"
"Kepler-730 c","Kepler-730",285.5547895,45.5788420,1935.04000000,1.56926000,0.0399700000,2.85188338000,1607.00,5620.00,1.411000,2018,"Transit"
"TOI-5319 b","TOI-5319",35.2135563,23.5204408,61.17100000,2.83000000,0.0506000000,4.07853000000,695.00,3580.00,0.485000,2024,"Transit"
"HD 80883 b","HD 80883",139.9331831,-59.4780815,34.60110000,12.80000000,6.4620000000,6383.78352000000,88.66,5177.91,0.814842,2022,"Radial Velocity"
"Kepler-1585 b","Kepler-1585",296.1589897,44.5630457,944.46500000,1.79000000,0.0445000000,3.58274630000,1064.00,5538.00,0.910000,2016,"Transit"
"Kepler-1961 b","Kepler-1961",286.3300783,39.6831276,1042.45000000,1.61878080,0.0588000000,5.60471010200,866.00,5401.00,0.777000,2021,"Transit"
"Kepler-1446 b","Kepler-1446",289.4240357,46.7260823,152.07500000,0.82000000,0.0140500000,0.68996783200,1539.00,4865.00,0.750000,2016,"Transit"
"Kepler-342 c","Kepler-342",292.6780488,46.7266813,781.61100000,1.96000000,0.1850000000,26.23413800000,754.00,6175.00,1.472000,2014,"Transit"
"K2-121 b","K2-121",126.9366624,17.5793267,169.39800000,7.16000000,0.0525000000,5.18573800000,716.00,4526.00,0.675000,2017,"Transit"
"Kepler-279 e","Kepler-279",287.3912950,42.1948220,1037.40000000,4.13000000,0.4390000000,98.35310000000,552.00,6689.45,1.430000,2025,"Transit"
"KOI-3680 b","KOI-3680",293.2815266,45.3096572,921.98600000,11.09691000,0.5340000000,141.24167100000,347.00,5830.00,0.960000,2018,"Transit"
"Kepler-1638 b","Kepler-1638",295.4823299,48.5244695,1525.52000000,1.87000000,0.7450000000,259.33683000000,304.00,5710.00,0.950000,2016,"Transit"
"K2-146 b","K2-146",130.0266951,19.0923416,79.30020000,2.05000000,0.0248000000,2.64460000000,534.00,3385.00,0.330000,2018,"Transit"
"Kepler-677 b","Kepler-677",290.0980478,50.3215731,1954.08000000,5.38000000,0.0670000000,6.57531678000,1015.00,5723.00,0.990000,2016,"Transit"
"TOI-5344 b","TOI-5344",63.2662165,20.9151568,138.36700000,10.60369574,0.0404100000,3.79262200000,689.00,3747.00,0.588000,2023,"Transit"
"Kepler-1811 b","Kepler-1811",289.9793241,40.1427848,1390.56000000,3.84829873,0.3462000000,76.42230225000,455.00,5561.00,1.190000,2021,"Transit"
"Kepler-481 b","Kepler-481",291.9069862,49.2620760,813.72400000,2.50000000,0.0892600000,10.06082567000,899.00,5802.00,1.090000,2016,"Transit"
"Kepler-375 c","Kepler-375",288.6178715,48.0983639,1238.81000000,2.65000000,0.1410000000,19.98632600000,720.00,5826.00,0.837000,2014,"Transit"
"Kepler-113 c","Kepler-113",287.9978721,50.9441847,262.35100000,2.18000000,0.0779600000,8.92507000000,628.00,4725.00,0.690000,2014,"Transit"
"Kepler-9 b","Kepler-9",285.5739904,38.4008192,628.25700000,8.29000000,0.1430000000,19.23891000000,661.00,5774.00,0.958000,2010,"Transit"
"Kepler-1590 b","Kepler-1590",291.4079141,48.0178915,771.15200000,1.14000000,0.0711600000,7.61760804000,1020.00,6053.00,1.160000,2016,"Transit"
"Kepler-1514 b","Kepler-1514",292.6274943,37.8601653,397.29200000,12.41957200,0.7530000000,217.83184000000,387.90,6145.00,1.289000,2016,"Transit"
"Kepler-175 b","Kepler-175",289.5532320,43.8761160,1312.34000000,2.56000000,0.1050000000,11.90351500000,827.00,6064.00,1.010000,2014,"Transit"
"K2-83 b","K2-83",59.9013782,15.5587994,125.52900000,1.24400000,0.0301400000,2.74697000000,707.17,3910.00,0.424000,2016,"Transit"
"Kepler-231 c","Kepler-231",293.9733913,50.5318460,316.61800000,1.93000000,0.1140000000,19.27156600000,393.00,3767.00,0.490000,2014,"Transit"
"Kepler-1683 b","Kepler-1683",298.4501035,44.2840193,733.14300000,1.87477762,0.1182000000,15.03370000000,669.00,5429.00,0.900327,2020,"Transit"
"Kepler-1653 b","Kepler-1653",296.4577020,41.2660210,755.00000000,2.17000000,0.4706000000,140.25240000000,284.00,4807.00,0.693000,2017,"Transit"
"Kepler-150 c","Kepler-150",288.2341025,40.5208970,891.09200000,3.69000000,0.0730000000,7.38199800000,876.00,5560.00,0.939000,2014,"Transit"
"Kepler-239 b","Kepler-239",294.2020505,40.6633313,648.10900000,2.33000000,0.0950000000,11.76305100000,616.00,4914.00,0.763000,2014,"Transit"
"Kepler-343 c","Kepler-343",291.9606620,42.4329567,927.19300000,2.02000000,0.1670000000,23.22182000000,746.00,5807.00,1.433000,2014,"Transit"
"TOI-5380 b","TOI-5380",112.7611492,73.1287844,286.78100000,3.48093238,,3.77229247873,1479.00,6400.78,1.562100,2026,"Transit"
"Kepler-1022 b","Kepler-1022",289.3520595,46.9736345,420.04200000,2.36000000,0.0805000000,10.99469878000,512.00,4445.00,0.680000,2016,"Transit"
"Kepler-354 b","Kepler-354",285.7515347,41.3356739,554.06400000,1.84000000,0.0540000000,5.47666000000,741.00,4648.00,0.674000,2014,"Transit"
"Kepler-1434 b","Kepler-1434",295.5384415,51.2030002,775.52900000,1.11000000,0.0917000000,8.05333618000,1320.00,6291.00,2.040000,2016,"Transit"
"Kepler-1593 b","Kepler-1593",300.4882018,44.4606698,638.24900000,3.17000000,0.5549400000,174.50983500000,260.00,4995.00,0.770000,2016,"Transit"
"Kepler-1453 b","Kepler-1453",286.1255037,47.9475586,1196.04000000,2.67000000,0.2620000000,47.16116960000,503.00,5665.00,0.940000,2016,"Transit"
"Kepler-1989 b","Kepler-1989",290.7351869,44.0912620,1252.13000000,4.62000000,0.0918000000,10.16102352800,904.00,6032.00,1.060000,2023,"Transit"
"K2-122 b","K2-122",126.4762179,20.3593384,72.04440000,1.16000000,0.0373000000,2.21930230000,769.00,4009.00,0.590000,2017,"Transit"
"Kepler-1046 b","Kepler-1046",296.7558056,46.9982799,721.53400000,1.71000000,0.1185800000,14.37508035000,786.00,5913.00,1.040000,2016,"Transit"
"Kepler-1907 c","Kepler-1907",280.7085829,47.3279236,292.11100000,1.15547044,0.1037100000,14.86390018000,620.00,5159.00,0.800000,2021,"Transit"
"Kepler-1594 b","Kepler-1594",293.6230451,47.9619127,976.86800000,1.06000000,0.0396000000,2.71603809000,1360.00,5946.00,1.080000,2016,"Transit"
"Kepler-80 b","Kepler-80",296.1125759,39.9787451,369.45100000,2.67000000,0.0648000000,7.05246000000,547.00,4540.00,0.678000,2012,"Transit"
"Kepler-438 b","Kepler-438",281.6457236,41.9510686,195.94287175,1.12000000,0.1660000000,35.23319000000,288.00,3748.00,0.520000,2015,"Transit"
"Kepler-1455 b","Kepler-1455",294.0830662,50.5027572,357.62100000,2.16000000,0.2149000000,49.27676400000,298.00,4075.00,0.600000,2016,"Transit"
"Kepler-1490 b","Kepler-1490",295.6935734,42.6094543,862.92000000,3.04000000,0.3729000000,92.43629730000,348.00,5515.00,0.870000,2016,"Transit"
"Kepler-700 b","Kepler-700",287.1542240,41.5657775,1491.76000000,5.99000000,0.3577000000,80.87206390000,452.00,5692.00,0.960000,2016,"Transit"
"K2-345 b","K2-345",132.7075876,21.7890367,162.40800000,2.11000000,,10.36743700000,437.00,3779.00,0.520000,2021,"Transit"
"Kepler-1133 b","Kepler-1133",293.3224114,42.8674925,753.13500000,1.97000000,0.0983000000,11.55562343000,703.00,5569.00,0.900000,2016,"Transit"
"Kepler-1953 b","Kepler-1953",287.9680995,46.4705959,605.63100000,1.28574667,0.0607000000,6.24565982800,731.00,4858.00,0.707000,2021,"Transit"
"Kepler-53 b","Kepler-53",290.4617926,40.5624966,1366.07000000,2.89000000,0.1361000000,18.64895250000,701.00,5858.00,0.890000,2012,"Transit"
"Kepler-1518 b","Kepler-1518",300.3323404,44.9861065,903.51000000,3.05000000,0.0593000000,5.11177904000,1351.00,6846.00,1.880000,2016,"Transit"
"Kepler-251 b","Kepler-251",296.5662171,44.1058077,924.62500000,1.33000000,0.0530000000,4.79093600000,990.00,5526.00,0.890000,2014,"Transit"
"Kepler-370 c","Kepler-370",292.1710683,40.9162381,1167.94000000,1.91000000,0.1400000000,19.02293000000,647.00,5852.00,0.900000,2014,"Transit"
"Kepler-1161 b","Kepler-1161",299.0770621,45.4405583,547.72600000,2.13000000,0.0784000000,10.71252541000,485.00,4253.00,0.570000,2016,"Transit"
"Kepler-1184 b","Kepler-1184",291.2820310,46.9659514,1157.84000000,2.68000000,0.2863000000,53.59910440000,529.00,5983.00,1.070000,2016,"Transit"
"Kepler-1181 c","Kepler-1181",289.7473165,39.5234131,938.41700000,1.83000000,0.0928000000,8.93484887000,1124.00,6688.00,1.347000,2023,"Transit"
"Kepler-1599 b","Kepler-1599",286.2208685,41.1511886,1328.20000000,1.62000000,0.4823000000,122.36355300000,407.00,5767.00,0.990000,2016,"Transit"
"Kepler-442 b","Kepler-442",285.3666029,39.2800704,365.96500000,1.34000000,0.4090000000,112.30530000000,241.00,4402.00,0.598000,2015,"Transit"
"Kepler-1185 b","Kepler-1185",287.2411783,39.3326977,459.27300000,1.33000000,0.4297000000,104.35189760000,355.00,5622.00,0.870000,2016,"Transit"
"K2-181 b","K2-181",127.5541103,10.9101444,360.91100000,2.69000000,0.0706000000,6.89410000000,949.00,5528.00,1.060000,2018,"Transit"
"Kepler-31 d","Kepler-31",294.0230229,45.8530535,1664.64000000,3.90000000,0.4000000000,87.64510000000,484.00,6340.00,1.220000,2014,"Transit"
"Kepler-1070 b","Kepler-1070",293.1953923,49.3165410,939.00100000,1.73000000,0.0675300000,6.22161470000,1101.00,6261.00,1.320000,2016,"Transit"
"Kepler-1162 b","Kepler-1162",283.2920273,45.4339813,940.21100000,2.21000000,0.1900000000,32.56370690000,490.00,5390.00,0.840000,2016,"Transit"
"Kepler-1560 b","Kepler-1560",292.7846013,43.2160100,502.49700000,0.89000000,0.0417500000,3.03195744000,1269.00,5815.00,1.020000,2016,"Transit"
"Kepler-1702 b","Kepler-1702",284.9724842,44.5674794,857.14000000,1.60190793,0.1275000000,18.50120000000,555.00,5093.00,0.725742,2020,"Transit"
"Kepler-1621 b","Kepler-1621",297.5885341,43.8411937,1631.66000000,2.16000000,0.4204000000,92.26371400000,469.00,6158.00,1.240000,2016,"Transit"
"Kepler-240 c","Kepler-240",291.1587635,40.7502108,746.92700000,2.20000000,0.0740000000,7.95352800000,696.00,4985.00,0.739000,2014,"Transit"
"Kepler-1972 c","Kepler-1972",288.3953074,39.8725067,287.33900000,0.86800000,0.1049300000,11.32950000000,1215.00,5818.00,1.384000,2022,"Transit"
"K2-278 b","K2-278",203.3018653,-14.5041057,786.43900000,2.98000000,0.0488000000,3.33496600000,1711.00,6747.00,1.610000,2018,"Transit"
"Kepler-42 d","Kepler-42",292.2196000,44.6173667,40.05950000,0.57000000,0.0154000000,1.86516900000,450.00,3068.00,0.170000,2011,"Transit"
"Kepler-1050 b","Kepler-1050",282.9249847,48.6264015,490.48800000,1.60000000,0.1235300000,15.37875460000,1039.00,6010.00,1.130000,2016,"Transit"
"Kepler-1001 b","Kepler-1001",286.2739151,48.6186972,928.97800000,3.15000000,0.1114700000,14.30511983000,693.00,5491.00,0.880000,2016,"Transit"
"Kepler-478 b","Kepler-478",292.4870063,46.1961870,420.00000000,2.71000000,0.1032000000,13.22175760000,640.00,5210.00,0.800000,2016,"Transit"
"Kepler-1164 b","Kepler-1164",287.5296372,38.8945065,431.62200000,1.12000000,0.0463500000,3.97599768000,936.00,5183.00,0.790000,2016,"Transit"
"Kepler-692 b","Kepler-692",294.7768068,40.1537027,991.33600000,3.11000000,0.1495000000,21.81293494000,639.00,5440.00,0.860000,2016,"Transit"
"Kepler-1464 c","Kepler-1464",287.2356828,38.7540824,1151.73000000,1.00000000,0.0610100000,5.32786292000,1023.00,5828.00,1.010000,2016,"Transit"
"K2-268 c","K2-268",133.7094899,11.8482712,327.78300000,2.69000000,0.0819000000,9.32752700000,696.00,5106.00,0.780000,2018,"Transit"
"Kepler-594 b","Kepler-594",288.9217259,49.7620237,769.20000000,2.18000000,0.1089000000,13.64618192000,678.00,5485.00,0.870000,2016,"Transit"
"Kepler-23 c","Kepler-23",294.2189131,49.4792536,835.75600000,3.00500000,0.0950100000,10.74000000000,1008.00,5828.00,1.548000,2011,"Transit"
"Kepler-150 b","Kepler-150",288.2341025,40.5208970,891.09200000,1.25000000,0.0440000000,3.42805400000,1131.00,5560.00,0.939000,2014,"Transit"
"Kepler-199 b","Kepler-199",295.5594278,40.2362490,521.05400000,3.11000000,0.1580000000,23.63760400000,595.00,5644.00,0.967000,2014,"Transit"
"Kepler-1499 b","Kepler-1499",283.9863480,41.6505091,309.86900000,1.19000000,0.2322500000,44.20080000000,409.00,5097.00,0.780000,2016,"Transit"
"Kepler-1498 b","Kepler-1498",284.7780883,44.9167513,740.00000000,1.33000000,0.2528000000,48.05140500000,564.00,5256.00,0.810000,2016,"Transit"
"Kepler-611 b","Kepler-611",286.0049121,45.4803043,1395.56000000,1.65000000,0.0351000000,2.43703330200,1513.00,5761.00,1.010000,2016,"Transit"
"TOI-5502 b","TOI-5502",135.2040560,27.9983339,248.65400000,4.12873780,,11.62592988285,870.00,6088.71,1.323750,2026,"Transit"
"Kepler-1141 b","Kepler-1141",290.5436836,47.7259073,393.64200000,0.82000000,0.0349600000,2.34451194400,1471.00,5791.00,1.070000,2016,"Transit"
"Kepler-1073 b","Kepler-1073",294.1527259,38.2330886,809.89700000,2.30000000,0.0805000000,8.67888593000,905.00,5792.00,1.000000,2016,"Transit"
"Kepler-1170 b","Kepler-1170",292.1685422,43.7795963,1050.45000000,2.41000000,0.0880000000,9.98969327000,705.00,5069.00,0.760000,2016,"Transit"
"Kepler-157 d","Kepler-157",291.0972257,38.8756049,773.71300000,1.46000000,0.0706000000,7.02573474000,969.00,5866.00,1.030000,2016,"Transit"
"Kepler-549 c","Kepler-549",283.0228527,47.2611431,635.14500000,2.93000000,0.4533200000,117.04049800000,349.00,5360.00,0.840000,2016,"Transit"
"Kepler-688 b","Kepler-688",294.6552312,39.3083446,1357.75000000,9.76000000,0.0460000000,3.89593684400,1005.00,5715.00,0.960000,2016,"Transit"
"Kepler-632 b","Kepler-632",297.2526130,40.2886050,349.00000000,2.21000000,0.1885000000,30.99660733000,500.00,5322.00,0.840000,2016,"Transit"
"Kepler-1502 b","Kepler-1502",296.1079271,39.3199201,1514.02000000,3.18000000,0.2482000000,41.70836290000,608.00,6666.00,1.720000,2016,"Transit"
"Kepler-253 b","Kepler-253",291.8419337,44.8581240,838.59500000,1.63000000,0.0460000000,3.78398600000,949.00,5208.00,0.786000,2014,"Transit"
"Kepler-1119 b","Kepler-1119",297.0191018,44.3274936,1757.23000000,1.92000000,0.0812000000,8.32651530000,938.00,6083.00,1.170000,2016,"Transit"
"Kepler-543 b","Kepler-543",287.2187273,38.8625366,221.80200000,2.50000000,0.1023000000,13.89961966000,521.00,4671.00,0.670000,2016,"Transit"
"Kepler-693 b","Kepler-693",283.2535270,40.3582155,1151.51000000,10.18000000,0.1121000000,15.37563332000,600.00,4881.00,0.720000,2016,"Transit"
"Kepler-1710 b","Kepler-1710",291.6832878,37.7514726,305.19300000,3.19744103,0.1158300000,14.91110039000,694.00,5650.00,0.899000,2021,"Transit"
"Kepler-1928 b","Kepler-1928",290.4406294,38.5235721,326.36200000,1.99200000,0.1940000000,19.57783000000,621.00,5720.00,0.920000,2021,"Transit"
"Kepler-1999 b","Kepler-1999",282.3705675,48.2592340,701.25500000,3.29000000,0.0713000000,8.73967580000,577.00,4406.00,0.628000,2023,"Transit"
"KOI-7368 b","KOI-7368",293.9476365,48.0652589,264.99500000,2.22000000,0.0678000000,6.84303440000,805.00,5241.00,0.874000,2022,"Transit"
"K2-198 b","K2-198",198.8436817,-6.4649888,110.56700000,4.18900000,,17.04286830000,715.80,5212.90,0.757000,2018,"Transit"
"Kepler-227 c","Kepler-227",291.9342748,48.1416760,1083.06000000,3.04000000,0.2900000000,54.41869400000,443.00,5854.00,1.091000,2014,"Transit"
"Kepler-26 d","Kepler-26",284.9410627,46.5664505,335.30700000,1.07000000,0.0390000000,3.54391900000,652.00,4486.00,0.571000,2014,"Transit"
"KELT-17 b","KELT-17",125.6174070,13.7353093,226.50000000,17.09372500,0.0488100000,3.08017160000,2087.00,7454.00,1.645000,2016,"Transit"
"IC 4651 9122 b","IC 4651 9122",261.2086139,-49.9489317,859.32400000,12.70000000,2.0380000000,734.00000000000,513.04,4740.10,10.267424,2018,"Radial Velocity"
"GJ 229 b","GJ 229",92.6435993,-21.8677233,5.75624000,3.97000000,1.0860000000,579.47495000000,111.85,3564.00,0.460000,2014,"Radial Velocity"
"GJ 180 c","GJ 180",73.4600970,-17.7761940,11.94070000,2.41000000,0.1290000000,24.32900000000,290.87,3371.00,0.413049,2014,"Radial Velocity"
"HD 68988 c","HD 68988",124.5935429,61.4608518,60.84470000,12.20000000,13.2000000000,16000.00000000000,87.50,5883.41,1.255733,2021,"Radial Velocity"
"KIC 5479689 b","KIC 5479689",299.3254983,40.6381229,454.95000000,14.20000000,,1.70153100000,,5459.10,0.894000,2021,"Orbital Brightness Modulation"
"HD 93385 b","HD 93385",161.5627065,-41.4646040,43.34750000,1.88000000,0.0756000000,7.34260000000,1141.00,5977.00,1.184840,2021,"Radial Velocity"
"Kepler-294 c","Kepler-294",287.3920392,46.0592578,1357.01000000,2.71000000,0.0710000000,6.62640000000,895.00,5913.00,0.976000,2014,"Transit"
"TOI-4311 c","TOI-4311",41.6855224,-31.1793201,134.98800000,2.47000000,0.1116000000,15.07042500000,671.00,5063.00,0.844100,2026,"Transit"
"WASP-118 b","WASP-118",19.5505861,2.7027847,376.65800000,16.14096000,0.0545300000,4.04604350000,1729.00,6410.00,1.696000,2016,"Transit"
"TAP 26 b","TAP 26",64.7154450,17.3878826,121.40200000,13.50000000,0.0968000000,10.79000000000,774.52,4620.00,1.170000,2017,"Radial Velocity"
"HD 92788 c","HD 92788",160.7021351,-2.1847173,34.65380000,13.00000000,10.5000000000,11611.29750000000,91.27,5744.00,1.140000,2019,"Radial Velocity"
"GJ 422 b","GJ 422",168.9810458,-57.5425629,12.66310000,3.33000000,0.1110000000,20.12900000000,292.68,3323.00,0.370328,2014,"Radial Velocity"
"GJ 414 A c","GJ 414 A",167.7745044,30.4451688,11.88930000,8.40000000,1.4000000000,749.83000000000,124.70,4120.00,0.680000,2021,"Radial Velocity"
"TOI-3593 b","TOI-3593",331.5063640,34.2116583,226.63000000,11.02963701,0.0481000000,3.82128670000,1170.00,5550.00,0.918000,2025,"Transit"
"WASP-195 b","WASP-195",247.5496427,49.8957910,484.85200000,10.31226224,0.0630000000,5.05192800000,1522.00,6300.00,1.578000,2025,"Transit"
"TOI-4529 b","TOI-4529",16.9688462,12.8809549,28.38400000,1.77000000,,5.87957700000,511.00,3697.00,0.480000,2026,"Transit"
"HD 27631 b","HD 27631",64.9392168,-41.9606604,50.28620000,13.50000000,3.2420000000,2198.14000000000,147.61,5737.00,0.923000,2012,"Radial Velocity"
"Wolf 503 b","Wolf 503",206.8461979,-6.1393369,44.52600000,2.04300000,0.0570600000,6.00127000000,790.00,4716.00,0.689000,2018,"Transit"
"WASP-183 b","WASP-183",163.7888521,-0.7370663,325.37700000,16.47723000,0.0463200000,4.11177710000,1111.00,5313.00,0.871000,2019,"Transit"
"Kepler-1747 b","Kepler-1747",284.2096557,45.2580820,1321.38000000,4.26508000,0.0660000000,6.23031997700,875.00,5477.00,0.865000,2021,"Transit"
"Kepler-906 b","Kepler-906",291.4055614,40.1254254,757.79100000,2.11000000,0.2236300000,41.69799760000,537.00,6035.00,1.020000,2016,"Transit"
"TOI-4551 b","TOI-4551",184.9787579,-25.8278531,215.98600000,11.85910158,0.0994000000,9.95581000000,1655.00,4896.00,3.550000,2023,"Transit"
"HD 98649 b","HD 98649",170.2147665,-23.2181063,42.17270000,12.50000000,5.9700000000,5384.00000000000,114.22,5759.00,1.010000,2012,"Radial Velocity"
"Kepler-780 b","Kepler-780",281.7663511,44.2924898,557.65200000,0.89000000,0.0150000000,0.67737516400,2099.00,5769.00,1.020000,2016,"Transit"
"NGTS-16 b","NGTS-16",58.2639299,-30.8046405,898.16800000,14.57167491,0.0523000000,4.84532000000,1177.00,5550.00,1.213000,2021,"Transit"
"TOI-1634 b","TOI-1634",56.3906096,37.1122803,35.27360000,1.75900000,0.0154400000,0.98934551000,900.00,3550.00,0.450000,2021,"Transit"
"Kepler-275 b","Kepler-275",292.4797004,38.5149018,2034.25000000,2.34000000,0.0980000000,10.30068200000,1015.00,6165.00,1.383000,2014,"Transit"
"Kepler-121 c","Kepler-121",286.1621273,39.6780204,510.52300000,2.27000000,0.2160000000,41.00801100000,425.00,5311.00,0.701000,2014,"Transit"
"TOI-4342 c","TOI-4342",324.3894196,-77.9791468,61.52040000,2.34900000,0.0804000000,10.68866200000,514.00,3866.00,0.598000,2023,"Transit"
"Kepler-168 b","Kepler-168",294.7101832,39.8250437,1343.60000000,1.46000000,0.0560000000,4.42539100000,1240.00,6282.00,1.107000,2014,"Transit"
"Kepler-471 b","Kepler-471",299.0975167,43.4975851,1249.41000000,14.96000000,0.0626000000,5.01423457500,1308.00,6733.00,1.800000,2016,"Transit"
"HD 42012 b","HD 42012",92.4854730,34.1341722,36.79840000,13.50000000,1.6700000000,857.50000000000,182.63,5405.00,0.820000,2017,"Radial Velocity"
"Qatar-10 b","Qatar-10",284.4439052,69.5708373,559.06800000,17.29548700,0.0286000000,1.64532100000,1955.00,6124.00,1.254000,2019,"Transit"
"GJ 720 A b","GJ 720 A",278.8294172,45.7456038,15.55750000,3.77000000,0.1190000000,19.46600000000,401.00,3837.00,0.560000,2021,"Radial Velocity"
"HD 137496 b","HD 137496",231.7420543,-16.5090014,155.31700000,1.31000000,0.0273200000,1.62116000000,2130.00,5799.00,1.590000,2021,"Transit"
"K2-389 b","K2-389",355.6304152,-9.7135814,259.20800000,2.33000000,,8.58289000000,932.00,5773.00,1.094000,2022,"Transit"
"Kepler-17 b","Kepler-17",298.3952437,47.8149865,720.75300000,14.68000000,0.0259100000,1.48571080000,1570.00,5781.00,1.010340,2011,"Transit"
"Kepler-176 b","Kepler-176",294.6679021,43.8532104,527.32100000,1.43000000,0.0580000000,5.43307400000,841.00,5232.00,0.891000,2014,"Transit"
"NN Ser d","NN Ser",238.2337015,12.9120871,515.81800000,13.30000000,3.3900000000,2880.00000000000,,57000.00,,2010,"Eclipse Timing Variations"
"HD 214823 b","HD 214823",340.0832062,31.7875183,101.36800000,12.10000000,3.0800000000,1854.84424000000,243.90,6215.00,2.040000,2016,"Radial Velocity"
"Kepler-761 b","Kepler-761",290.5035990,44.1436249,830.70700000,2.03000000,0.0874000000,10.12804789000,767.00,5706.00,0.930000,2016,"Transit"
"TOI-216.01","TOI-216",73.9800129,-63.2603301,177.94500000,10.10000000,0.2069000000,34.52552800000,497.00,5026.00,0.748000,2019,"Transit"
"TOI-1259 A b","TOI-1259 A",282.1001665,79.2564761,118.10600000,11.60000000,0.0408000000,3.47797920000,963.00,4775.00,0.715000,2021,"Transit"
"Kepler-107 e","Kepler-107",297.0281620,48.2086019,525.99700000,2.90300000,0.1263800000,14.74914300000,955.00,5854.00,1.447000,2014,"Transit"
"Kepler-450 c","Kepler-450",295.4865821,51.0135237,455.98200000,2.62000000,0.1335100000,15.41313500000,944.00,6197.21,1.641620,2015,"Transit"
"TOI-4578 b","TOI-4578",184.2109675,75.1402358,182.24900000,2.26974262,,8.62392630369,842.42,5951.32,0.878735,2026,"Transit"
"HD 1605 b","HD 1605",5.1317548,30.9750611,88.80470000,13.80000000,1.4920000000,577.20000000000,362.48,4915.00,3.490000,2015,"Radial Velocity"
"HD 210193 b","HD 210193",332.3951324,-41.2252050,42.20290000,14.30000000,1.4870000000,649.91800000000,235.69,5790.00,1.059710,2019,"Radial Velocity"
"HD 108236 c","HD 108236",186.5740627,-51.3630519,64.59780000,2.07100000,0.0620000000,6.20344900000,932.00,5660.00,0.877000,2020,"Transit"
"K2-392 b","K2-392",354.6499065,-7.4788816,406.98500000,1.85000000,,15.39872300000,,5726.00,1.058000,2022,"Transit"
"TOI-4145 A b","TOI-4145 A",39.4297435,80.2673838,205.38700000,13.30506009,0.0482300000,4.06644280000,1074.00,5281.00,0.859000,2023,"Transit"
"TOI-4379 b","TOI-4379",252.0478813,-32.4337532,645.15800000,16.69017226,,3.25352000000,1869.38,6020.00,1.976000,2024,"Transit"
"Kepler-1663 b","Kepler-1663",290.4015156,48.8227234,337.92600000,3.30395896,0.1072000000,17.60460000000,362.00,3844.00,0.628590,2020,"Transit"
"Kepler-273 c","Kepler-273",291.3021458,47.6976573,713.96400000,1.98000000,0.0730000000,8.01492700000,865.00,5626.00,0.815000,2014,"Transit"
"GJ 3138 c","GJ 3138",32.2977385,-16.3392495,28.47120000,1.88000000,0.0570000000,5.97400000000,530.85,3717.00,0.500000,2017,"Radial Velocity"
"K2-291 b","K2-291",76.4459400,21.5481990,90.05620000,1.58900000,0.0326100000,2.22517700000,1278.00,5520.00,0.899000,2019,"Transit"
"HD 39855 b","HD 39855",88.6260731,-19.7044472,23.25990000,2.85000000,0.0410000000,3.24980000000,1145.89,5576.00,0.744665,2019,"Radial Velocity"
"HIP 90988 b","HIP 90988",278.3892816,-50.2116920,94.03490000,13.40000000,1.3600000000,455.73816000000,400.77,4883.00,3.940000,2021,"Radial Velocity"
"TOI-558 b","TOI-558",42.2915093,-58.0246828,402.63000000,12.17295304,0.1291000000,14.57407100000,1061.00,6466.00,1.496000,2021,"Transit"
"GPX-1 b","GPX-1",38.3691648,56.0257080,655.01300000,16.47720163,0.0338000000,1.74457900000,2300.00,7000.00,1.560000,2021,"Transit"
"TOI-3819 b","TOI-3819",121.8632568,29.3886446,558.14100000,13.13692538,0.0461100000,3.24431410000,1633.00,5859.00,1.538000,2023,"Transit"
"Kepler-181 b","Kepler-181",296.1512831,50.0957806,609.28300000,1.27000000,0.0400000000,3.13787300000,1041.00,5333.00,0.749000,2014,"Transit"
"K2-38 c","K2-38",240.0333095,-23.1894196,192.69000000,2.29000000,0.0951400000,10.56103000000,916.00,5731.00,1.060000,2016,"Transit"
"HD 224538 b","HD 224538",359.7164302,-61.5868613,79.06080000,12.70000000,2.3750000000,1202.05199000000,236.74,6097.00,1.540000,2016,"Radial Velocity"
"GJ 273 b","GJ 273",111.8520910,5.2258070,5.92153500,1.51000000,0.0911010000,18.64980000000,292.47,3382.00,0.293000,2017,"Radial Velocity"
"K2-292 b","K2-292",205.3758786,-9.9460704,114.29300000,2.63000000,0.1300000000,16.98410000000,795.00,5725.00,1.090000,2019,"Transit"
"GJ 4276 b","GJ 4276",336.3221454,59.4125030,21.33620000,4.22000000,0.0820000000,13.35200000000,363.86,3387.00,0.407000,2019,"Radial Velocity"
"HD 102843 b","HD 102843",177.5854673,-1.2522989,62.75800000,13.10000000,4.0740000000,3090.94200000000,127.34,5436.00,0.961488,2019,"Radial Velocity"
"Kepler-271 b","Kepler-271",283.0029316,44.2841080,404.54200000,1.23000000,0.0878400000,10.43547805000,759.00,5555.00,0.870000,2014,"Transit"
"CFHTWIR-Oph 98 b","CFHTWIR-Oph 98 A",246.9342770,-23.9811500,,20.84870410,200.0000000000,8040000.00000000000,1800.00,2320.00,0.245000,2020,"Imaging"
"TOI-1431 b","TOI-1431",316.2036922,55.5880221,148.92500000,16.70138124,0.0460000000,2.65023700000,2370.00,7690.00,1.920000,2021,"Transit"
"K2-395 c","K2-395",70.4438684,16.6743415,286.72700000,3.39500000,,8.49128200000,,5007.00,0.783000,2022,"Transit"
"TOI-4406 b","TOI-4406",18.0485164,-56.9253875,261.83400000,11.20898070,0.2010000000,30.08364000000,904.00,6219.00,1.290000,2023,"Transit"
"Kepler-149 d","Kepler-149",285.8537014,38.3840916,571.03400000,3.96000000,0.5710000000,160.01803200000,306.00,5381.00,0.953000,2014,"Transit"
"TOI-4405 b","TOI-4405",101.5953368,-75.4441271,155.50100000,2.55505441,,5.92143995316,671.87,4467.38,0.687025,2026,"Transit"
"TOI-5027 b","TOI-5027",243.8850212,-69.2170972,204.42900000,10.76062147,0.0930000000,10.24368000000,1056.00,5909.00,0.920000,2025,"Transit"
"GJ 273 c","GJ 273",111.8520910,5.2258070,5.92153500,1.06000000,0.0364670000,4.72340000000,462.26,3382.00,0.293000,2017,"Radial Velocity"
"HD 20781 d","HD 20781",50.0139757,-28.7841175,35.97150000,3.25000000,0.1647000000,29.15800000000,570.19,5256.00,0.833609,2019,"Radial Velocity"
"HD 110113 b","HD 110113",190.0365636,-44.3120777,106.30700000,2.05000000,0.0350000000,2.54100000000,1371.00,5732.00,0.968000,2021,"Transit"
"HAT-P-63 b","HAT-P-63",269.5720695,5.7613709,403.45800000,12.54284940,0.0429400000,3.37772800000,1237.00,5400.00,0.966100,2021,"Transit"
"K2-398 b","K2-398",161.7349738,1.9367044,606.99200000,2.27400000,,6.39302500000,,5946.00,1.239000,2022,"Transit"
"TOI-3862 b","TOI-3862",185.9005633,50.5446246,249.02000000,5.53000000,0.0253900000,1.55745774000,1539.00,5300.00,0.920000,2026,"Transit"
"Kepler-284 c","Kepler-284",293.1465698,47.7297053,1031.95000000,2.61000000,0.2130000000,37.51445600000,478.00,5615.00,0.814000,2014,"Transit"
"TOI-4662 b","TOI-4662",57.5160311,-31.0940247,111.04700000,2.87998299,,4.70343764575,741.00,4520.41,0.693750,2026,"Transit"
"HD 7924 c","HD 7924",20.4956562,76.7101475,16.99220000,,0.1134000000,15.29900000000,583.60,5075.00,0.782100,2015,"Radial Velocity"
"NGC 2682 YBP 401 b","NGC 2682 YBP 401",132.8293081,11.6710271,830.82200000,14.30000000,,4.08700000000,,6165.00,1.215821,2016,"Radial Velocity"
"WASP-142 b","WASP-142",140.5063164,-23.9461020,730.93300000,17.14977000,0.0347000000,2.05286800000,2000.00,6010.00,1.640000,2016,"Transit"
"WASP-171 b","WASP-171",171.8450533,-44.0887035,757.84000000,10.98482000,0.0504000000,3.81862440000,1642.00,5965.00,1.637000,2019,"Transit"
"TOI-1789 b","TOI-1789",142.7434060,26.5399951,229.06700000,16.14093221,0.0488200000,3.20866400000,1927.00,5991.00,2.168000,2021,"Transit"
"HD 35843 c","HD 35843",81.3488924,-44.4312849,69.60260000,2.54000000,0.2500000000,46.96220000000,479.00,5666.00,0.897000,2025,"Transit"
"TOI-4666 b","TOI-4666",56.2898862,-39.0631799,154.74900000,12.53164042,0.0340000000,2.90891650000,695.00,3793.00,0.585000,2025,"Transit"
"BD+20 594 b","BD+20 594",53.6511231,20.5990205,179.46100000,2.57807000,0.2410000000,41.68550000000,546.00,5766.00,1.080000,2016,"Transit"
"Kepler-19 d","Kepler-19",290.4209694,37.8516556,218.56200000,5.06000000,,62.95000000000,,5544.00,0.859000,2017,"Radial Velocity"
"GJ 143 b","GJ 143",51.7501882,-63.5001660,16.32000000,2.61000000,0.1915000000,35.61253000000,422.00,4640.00,0.695000,2019,"Transit"
"WASP-182 b","WASP-182",311.6733450,-41.8209828,327.60200000,9.52765000,0.0451000000,3.37698480000,1479.00,5638.00,1.340000,2019,"Transit"
"HD 107148 c","HD 107148",184.8059773,-3.3199927,49.41560000,4.70000000,0.1407000000,18.32670000000,799.68,5752.92,1.169193,2021,"Radial Velocity"
"Kepler-833 b","Kepler-833",290.4799052,45.6005798,467.37000000,2.02000000,0.1139000000,18.75469980000,382.00,4339.00,0.620000,2016,"Transit"
"Kepler-94 b","Kepler-94",281.1947316,47.4972606,191.90400000,3.51000000,0.0337700000,2.50806000000,997.00,4781.00,0.760000,2014,"Transit"
"TOI-4463 A b","TOI-4463 A",279.3581286,18.7299522,173.11700000,13.26022417,0.0403600000,2.88071980000,1395.00,5640.00,1.062000,2023,"Transit"
"HATS-9 b","HATS-9",290.8101704,-20.1663771,638.70000000,13.85000000,0.0312000000,1.91529100000,1746.00,5599.00,1.560000,2015,"Transit"
"TYC 0434-04538-1 b","TYC 0434-04538-1",271.3396528,2.0622774,613.42200000,12.70000000,0.6600000000,193.20000000000,877.80,4679.00,9.990000,2021,"Radial Velocity"
"Kepler-839 b","Kepler-839",291.0746840,45.2425440,944.56100000,2.57000000,0.2316000000,37.81445140000,626.00,6058.00,1.310000,2016,"Transit"
"HD 27969 b","HD 27969",66.7068364,42.9087200,67.93280000,12.90000000,1.5520000000,654.50000000000,261.00,5966.00,1.270000,2021,"Radial Velocity"
"TOI-3912 b","TOI-3912",215.8014956,24.0765639,465.99200000,14.28024141,0.0463000000,3.49362640000,1512.00,5725.00,1.392000,2023,"Transit"
"Kepler-294 b","Kepler-294",287.3920392,46.0592578,1357.01000000,1.77000000,0.0480000000,3.70121200000,1087.00,5913.00,0.976000,2014,"Transit"
"TOI-4487 A b","TOI-4487 A",306.4220814,45.9710306,479.14500000,14.60530185,0.0544800000,3.95407090000,1639.00,6206.00,1.634000,2025,"Transit"
"K2-251 b","K2-251",190.6892403,-8.5359826,147.03000000,2.35000000,0.0694000000,9.30075000000,437.00,3717.00,0.490000,2018,"Transit"
"GJ 3512 b","GJ 3512",130.3316616,59.4918364,9.48637000,14.30000000,0.3376000000,203.10900000000,97.19,3141.00,0.139000,2019,"Radial Velocity"
"HD 145675 c","14 Her",242.6021014,43.8163621,17.93230000,12.60000000,20.0000000000,15732.45889000000,55.51,5338.00,0.930000,2021,"Radial Velocity"
"HD 95544 b","HD 95544",166.3231784,81.0389868,87.80490000,12.80000000,3.1660000000,2041.54152000000,156.50,5722.00,1.088000,2021,"Radial Velocity"
"Kepler-309 b","Kepler-309",297.5098911,46.9614121,544.56800000,1.56000000,0.0590000000,5.92365300000,531.00,4713.00,0.721000,2014,"Transit"
"WASP-74 b","WASP-74",304.5388430,-1.0760033,149.21600000,15.24424000,0.0344300000,2.13775000000,1865.00,5990.00,1.420000,2015,"Transit"
"Qatar-7 b","Qatar-7",358.5151344,37.0218242,705.98100000,19.05530000,0.0352000000,2.03204600000,2053.00,6387.00,1.564000,2019,"Transit"
"Kepler-270 b","Kepler-270",282.2001207,44.4222795,948.78100000,2.01000000,0.1070000000,11.47609400000,984.00,6067.00,1.461000,2014,"Transit"
"TOI-628 b","TOI-628",99.2630608,1.7675497,178.68000000,11.88154000,0.0486000000,3.40956750000,1586.00,6250.00,1.345000,2021,"Transit"
"HD 168009 b","HD 168009",273.8847918,45.2088229,23.30320000,3.05000000,0.1192000000,15.14790000000,887.57,5778.33,1.209505,2021,"Radial Velocity"
"HD 164922 e","HD 164922",270.6304652,26.3104077,22.00160000,3.23000000,0.2292000000,41.76300000000,543.73,5393.43,1.001813,2021,"Radial Velocity"
"HD 115954 b","HD 115954",199.9853694,38.3691383,87.64370000,12.60000000,5.0000000000,3700.00000000000,144.90,5957.00,1.213000,2021,"Radial Velocity"
"TOI-1278 b","TOI-1278",320.4784442,35.6486250,75.57590000,12.21778896,0.0950000000,14.47567000000,407.87,3799.00,0.573000,2021,"Transit"
"LHS 1678 b","LHS 1678",68.1789866,-39.7908744,19.87820000,0.68500000,0.0123900000,0.86023250000,830.44,3490.00,0.329000,2021,"Transit"
"TOI-3980 b","TOI-3980",12.8419374,59.5758606,486.72100000,14.45958510,0.0494000000,3.60892540000,1621.00,5840.00,1.626000,2025,"Transit"
"Kepler-903 b","Kepler-903",288.7710137,40.6641771,1369.24000000,2.01000000,0.0908100000,10.35077210000,842.00,5682.00,0.970000,2016,"Transit"
"Kepler-84 c","Kepler-84",298.2520208,40.4960842,1023.90000000,2.36000000,0.1072000000,12.88300000000,865.00,6039.00,1.430000,2012,"Transit"
"TOI-4507 b","TOI-4507",80.4513677,-69.9882175,178.26000000,8.20000000,0.4560000000,104.61611000000,464.80,6260.00,1.040000,2025,"Transit"
"TOI-5160 b","TOI-5160",114.6393985,31.3944536,151.46500000,2.39729851,,4.28077325600,1016.00,5622.14,1.033150,2026,"Transit"
"EPIC 211822797 b","EPIC 211822797",130.4102091,17.6399744,186.19700000,1.92000000,0.1195000000,21.17019630000,431.00,4057.00,0.580000,2016,"Transit"
"K2-254 c","K2-254",185.5507926,-4.7172908,227.77500000,2.19000000,0.0923000000,12.11839000000,551.00,4629.00,0.670000,2018,"Transit"
"GJ 160.2 b","GJ 160.2",61.6454173,-20.8564724,25.85570000,3.17000000,0.0530000000,5.23540000000,736.99,4347.00,0.655173,2014,"Radial Velocity"
"HD 39194 d","HD 39194",86.1290710,-70.1382377,26.41310000,2.12000000,0.1949000000,33.87400000000,503.31,5205.00,0.783742,2021,"Radial Velocity"
"Kepler-304 b","Kepler-304",294.4418031,40.5575408,434.68400000,2.86000000,0.0390000000,3.29570900000,875.00,4731.00,0.687000,2014,"Transit"
"Kepler-1756 b","Kepler-1756",294.3649040,40.7208898,,1.47199944,0.0319000000,2.35575008400,1093.00,4915.00,0.812000,2021,"Transit"
"EPIC 206317286 c","EPIC 206317286",337.6178427,-7.9724560,314.35000000,2.09400000,,17.51547200000,,4752.00,0.758000,2022,"Transit"
"Kepler-195 b","Kepler-195",288.1209339,47.9666141,652.05100000,2.03000000,0.0770000000,8.30787200000,751.00,5329.00,0.775000,2014,"Transit"
"K2-28 b","K2-28",335.6233145,-7.9563525,62.99690000,2.32000000,0.0214000000,2.26045500000,568.00,3214.00,0.288000,2016,"Transit"
"Kepler-1724 b","Kepler-1724",296.1207272,47.9214736,1060.77000000,2.83677238,0.0683000000,6.45442009000,999.00,6092.00,0.943000,2021,"Transit"
"HAT-P-7 b","HAT-P-7",292.2471900,47.9695429,341.07900000,16.92559000,0.0380900000,2.20474000000,2733.00,6389.00,2.000000,2008,"Transit"
"Kepler-551 b","Kepler-551",285.4850450,48.0543774,311.17500000,2.73000000,0.0893000000,12.37646610000,483.00,4286.00,0.630000,2016,"Transit"
"K2-44 b","K2-44",174.0116610,-2.5209338,476.70300000,2.43300000,0.0600000000,5.65700000000,1211.00,5912.00,1.580000,2016,"Transit"
"K2-27 b","K2-27",171.5151874,1.2306237,249.64500000,4.74000000,0.0670200000,6.77134700000,836.00,5246.00,0.876000,2016,"Transit"
"K2-378 b","K2-378",205.1596569,-11.1172332,687.97300000,2.88000000,,2.06043800000,,4823.00,0.732000,2022,"Transit"
"K2-42 b","K2-42",176.6657559,-5.1720463,396.91300000,2.15000000,0.0617000000,6.68796000000,718.09,4613.00,0.643000,2016,"Transit"
"K2-193 b","K2-193",205.2371043,-11.0093342,411.92300000,3.95000000,0.1184000000,14.78688900000,739.00,5817.00,0.980000,2018,"Transit"
"Kepler-452 b","Kepler-452",296.0037520,44.2775861,551.72700000,1.63000000,1.0460000000,384.84300000000,265.00,5757.00,1.110000,2015,"Transit"
"Kepler-220 c","Kepler-220",291.5060432,46.8956262,171.10900000,1.57000000,0.0760000000,9.03419900000,586.00,4632.00,0.666000,2014,"Transit"
"Kepler-228 d","Kepler-228",296.2860853,48.2246328,1644.61000000,4.04000000,0.1010000000,11.09428600000,835.00,6043.00,1.014000,2014,"Transit"
"Kepler-565 b","Kepler-565",283.6180825,47.1967793,1041.00000000,3.64000000,0.0501000000,4.24374722600,1063.00,5735.00,0.950000,2016,"Transit"
"K2-35 b","K2-35",170.1031027,1.2858679,252.59600000,1.32000000,0.0310000000,2.39996400000,979.00,4402.71,0.619575,2016,"Transit"
"Kepler-1720 b","Kepler-1720",296.8086813,47.1718557,629.44500000,3.21585295,0.1043000000,12.70639992000,697.00,5573.00,0.839000,2021,"Transit"
"K2-368 b","K2-368",332.6357627,-11.1661157,206.60800000,1.33200000,,5.02559800000,,4663.00,0.663000,2022,"Transit"
"OGLE-2016-BLG-0261L b","OGLE-2016-BLG-0261L",267.8162083,-30.4085000,7850.00000000,9.60000000,0.7200000000,,,,,2026,"Microlensing"
"KMT-2025-BLG-0026L b","KMT-2025-BLG-0026L",261.7665000,-29.2740806,7280.00000000,13.30000000,0.9600000000,,,,,2026,"Microlensing"
"KMT-2025-BLG-0030L b","KMT-2025-BLG-0030L",262.5867500,-29.4817306,6720.00000000,13.70000000,2.3500000000,,,,,2026,"Microlensing"
"KMT-2025-BLG-2272L b","KMT-2025-BLG-2272L",269.5751667,-27.7738306,6620.00000000,13.30000000,3.8900000000,,,,,2026,"Microlensing"
